"trip_id","stop_sequence","stop_id","arrival_time","departure_time"
1,1,3,"13:3:19","11:18:44"
1,2,43,"23:59:1","18:29:23"
1,3,89,"7:38:8","16:51:41"
1,4,30,"8:13:6","17:5:8"
1,5,98,"18:1:22","11:31:51"
2,1,73,"23:15:58","11:46:13"
2,2,85,"14:55:19","6:47:20"
2,3,25,"10:41:25","6:7:13"
2,4,20,"12:55:44","12:7:44"
2,5,33,"21:58:18","12:19:7"
3,1,12,"7:51:0","11:40:10"
3,2,38,"18:14:28","18:1:10"
3,3,26,"23:32:35","17:58:56"
3,4,97,"6:54:31","11:47:40"
3,5,54,"17:18:12","5:59:7"
4,1,9,"10:44:25","18:47:59"
4,2,90,"11:15:4","5:59:46"
4,3,41,"15:46:0","22:38:11"
4,4,32,"22:38:47","5:9:42"
4,5,44,"18:56:59","7:38:22"
5,1,2,"13:50:27","12:6:11"
5,2,7,"13:11:40","8:28:26"
5,3,78,"20:21:11","10:8:35"
5,4,89,"21:30:6","13:31:32"
5,5,18,"7:13:58","22:46:30"
6,1,53,"8:59:19","5:4:6"
6,2,24,"12:21:52","6:16:40"
6,3,72,"15:50:9","14:1:41"
6,4,70,"21:44:44","20:28:22"
6,5,70,"9:37:27","12:56:25"
7,1,86,"6:47:53","16:52:14"
7,2,42,"6:29:30","9:19:40"
7,3,64,"16:51:44","6:45:26"
7,4,84,"20:38:32","18:2:12"
7,5,22,"16:22:55","19:44:16"
8,1,86,"9:31:22","11:53:19"
8,2,90,"8:49:15","11:41:33"
8,3,30,"12:31:24","10:0:9"
8,4,23,"20:42:31","9:59:26"
8,5,36,"16:39:33","21:21:16"
9,1,57,"7:36:40","17:28:36"
9,2,5,"23:44:27","9:58:25"
9,3,5,"5:37:38","13:36:19"
9,4,2,"20:23:20","16:2:24"
9,5,81,"17:27:41","8:33:1"
10,1,59,"21:8:52","16:42:45"
10,2,17,"6:12:25","9:41:44"
10,3,35,"15:23:3","11:23:33"
10,4,55,"12:38:15","11:13:14"
10,5,78,"21:11:4","7:4:33"
11,1,52,"13:57:34","17:38:51"
11,2,100,"18:5:40","17:6:19"
11,3,1,"20:24:49","8:32:0"
11,4,61,"7:18:30","20:15:0"
11,5,11,"14:28:10","7:5:35"
12,1,77,"23:8:56","14:46:8"
12,2,81,"9:0:16","7:20:33"
12,3,21,"5:29:8","16:5:15"
12,4,62,"11:49:15","17:0:58"
12,5,24,"8:0:21","9:40:26"
13,1,93,"6:22:9","16:30:45"
13,2,88,"15:33:40","21:41:22"
13,3,53,"22:1:37","9:33:38"
13,4,81,"16:45:3","5:36:39"
13,5,68,"17:6:37","22:7:47"
14,1,75,"21:52:29","16:0:47"
14,2,59,"7:31:44","21:53:52"
14,3,79,"21:51:46","21:49:14"
14,4,80,"6:39:21","18:17:40"
14,5,16,"19:17:14","21:19:31"
15,1,36,"20:43:17","21:15:23"
15,2,59,"16:9:29","8:30:49"
15,3,35,"11:24:8","6:0:41"
15,4,4,"8:32:51","9:4:42"
15,5,48,"18:28:4","5:44:37"
16,1,4,"16:31:38","10:8:52"
16,2,69,"11:3:35","17:16:26"
16,3,26,"11:18:46","20:16:1"
16,4,71,"6:32:56","10:1:12"
16,5,87,"10:58:40","12:28:2"
17,1,18,"10:16:6","23:4:23"
17,2,31,"12:45:52","20:22:40"
17,3,32,"19:36:50","9:16:52"
17,4,4,"13:56:47","13:28:3"
17,5,53,"21:7:55","6:10:55"
18,1,78,"19:45:9","13:9:55"
18,2,87,"10:24:46","20:40:8"
18,3,8,"11:14:21","5:3:39"
18,4,64,"9:51:15","13:18:46"
18,5,78,"11:41:2","14:35:16"
19,1,68,"22:3:23","20:39:20"
19,2,26,"8:23:17","12:4:46"
19,3,15,"15:58:36","8:31:13"
19,4,58,"17:39:27","5:43:42"
19,5,7,"21:42:0","20:55:29"
20,1,47,"21:12:11","22:24:45"
20,2,24,"5:50:53","22:45:29"
20,3,71,"10:1:42","8:48:36"
20,4,54,"8:23:45","19:15:11"
20,5,32,"10:11:57","17:40:33"
21,1,83,"9:35:42","6:40:32"
21,2,48,"18:41:1","11:10:42"
21,3,42,"12:15:36","11:29:46"
21,4,35,"13:11:39","8:31:36"
21,5,80,"18:3:47","12:42:7"
22,1,42,"15:1:49","18:22:34"
22,2,26,"22:20:17","10:25:55"
22,3,88,"11:58:59","16:24:36"
22,4,1,"5:46:39","5:7:31"
22,5,88,"13:12:25","7:28:36"
23,1,53,"18:0:38","8:46:4"
23,2,54,"16:45:47","9:10:17"
23,3,83,"17:45:13","12:8:1"
23,4,78,"14:16:56","21:42:54"
23,5,9,"8:27:13","15:49:14"
24,1,9,"7:32:50","23:14:56"
24,2,27,"16:35:35","19:1:51"
24,3,27,"10:22:45","16:29:18"
24,4,80,"19:47:58","10:28:7"
24,5,45,"14:34:57","6:33:45"
25,1,41,"5:23:6","15:15:36"
25,2,29,"22:26:28","19:6:39"
25,3,35,"20:51:44","6:15:58"
25,4,93,"6:44:42","15:10:54"
25,5,80,"19:44:44","12:16:45"
26,1,47,"17:51:32","16:26:59"
26,2,86,"8:58:2","9:58:55"
26,3,25,"10:42:44","13:54:37"
26,4,68,"11:38:41","16:20:35"
26,5,23,"13:7:45","18:47:14"
27,1,98,"18:38:17","22:35:19"
27,2,30,"17:38:19","22:20:7"
27,3,47,"13:30:22","10:7:50"
27,4,15,"20:6:44","20:19:17"
27,5,20,"22:58:45","20:6:43"
28,1,2,"11:30:37","18:55:38"
28,2,47,"23:11:57","12:25:12"
28,3,29,"19:29:14","13:46:13"
28,4,11,"16:15:41","13:30:41"
28,5,65,"14:58:28","15:46:21"
29,1,59,"18:17:12","14:4:9"
29,2,16,"13:40:13","7:27:53"
29,3,98,"19:2:45","5:45:56"
29,4,55,"11:2:12","21:22:53"
29,5,21,"17:34:24","16:12:22"
30,1,66,"11:4:33","12:12:16"
30,2,16,"23:55:31","9:40:55"
30,3,64,"8:4:35","16:18:32"
30,4,85,"16:18:41","21:58:44"
30,5,71,"7:8:56","20:57:33"
31,1,99,"12:56:49","13:49:15"
31,2,18,"5:2:42","23:19:31"
31,3,61,"9:23:21","16:46:4"
31,4,32,"15:2:24","22:32:31"
31,5,30,"14:16:11","13:9:37"
32,1,24,"20:46:28","17:6:40"
32,2,57,"21:54:11","9:22:55"
32,3,42,"22:36:42","8:39:46"
32,4,38,"20:26:0","23:8:17"
32,5,24,"10:11:53","8:28:58"
33,1,65,"22:39:8","11:21:27"
33,2,51,"21:25:52","18:28:9"
33,3,93,"6:50:15","22:23:41"
33,4,63,"19:59:28","22:17:32"
33,5,17,"17:59:34","21:2:23"
34,1,95,"15:57:49","18:24:23"
34,2,24,"15:56:37","12:23:28"
34,3,24,"13:45:5","18:56:9"
34,4,95,"23:24:27","14:11:48"
34,5,81,"8:48:56","8:27:7"
35,1,44,"16:28:41","9:27:57"
35,2,85,"20:36:46","9:59:50"
35,3,68,"22:18:14","10:28:59"
35,4,7,"16:23:56","15:2:13"
35,5,60,"19:31:33","13:52:29"
36,1,24,"17:55:58","5:41:20"
36,2,71,"17:46:55","19:31:50"
36,3,23,"18:52:50","21:4:22"
36,4,75,"13:38:1","8:51:58"
36,5,24,"10:33:21","13:7:4"
37,1,4,"15:7:2","6:41:31"
37,2,57,"10:26:3","15:56:33"
37,3,2,"5:31:3","22:9:53"
37,4,70,"12:55:4","21:0:30"
37,5,39,"21:5:49","20:27:29"
38,1,47,"15:18:59","15:32:59"
38,2,95,"15:20:35","8:29:0"
38,3,93,"16:24:44","19:26:1"
38,4,93,"11:7:17","10:56:32"
38,5,76,"21:43:4","16:15:50"
39,1,45,"6:35:11","11:5:0"
39,2,35,"14:55:5","11:45:30"
39,3,43,"19:47:44","10:4:31"
39,4,71,"11:54:13","11:16:21"
39,5,56,"19:23:5","18:16:7"
40,1,52,"17:31:48","23:16:59"
40,2,73,"12:10:54","8:54:35"
40,3,66,"12:42:1","22:5:23"
40,4,94,"16:53:21","14:45:21"
40,5,66,"15:59:2","5:34:47"
41,1,21,"10:50:11","9:42:29"
41,2,11,"7:48:2","15:31:33"
41,3,89,"13:58:24","22:53:1"
41,4,13,"10:47:37","17:29:29"
41,5,55,"8:10:30","22:52:0"
42,1,66,"8:59:33","12:4:35"
42,2,19,"20:53:3","17:38:39"
42,3,67,"5:21:16","6:4:14"
42,4,37,"9:22:38","11:59:3"
42,5,75,"12:47:34","7:55:34"
43,1,37,"22:20:13","5:11:23"
43,2,44,"6:58:39","23:25:24"
43,3,86,"18:4:12","11:58:12"
43,4,94,"13:19:32","16:38:23"
43,5,81,"7:31:3","10:13:50"
44,1,19,"8:13:0","20:40:45"
44,2,65,"22:17:20","9:58:33"
44,3,34,"11:28:9","10:13:44"
44,4,71,"8:39:17","23:39:6"
44,5,3,"22:4:53","17:25:53"
45,1,92,"12:53:17","8:9:25"
45,2,17,"13:3:45","23:14:9"
45,3,26,"7:42:26","17:21:41"
45,4,37,"22:10:14","18:0:29"
45,5,49,"15:3:32","23:2:37"
46,1,11,"20:37:32","6:27:8"
46,2,94,"19:28:12","20:34:6"
46,3,22,"10:22:46","15:24:16"
46,4,65,"20:12:29","18:36:50"
46,5,90,"16:35:52","15:7:6"
47,1,82,"12:33:39","8:13:6"
47,2,85,"13:43:58","13:32:56"
47,3,55,"13:2:2","10:7:43"
47,4,52,"7:18:42","23:47:53"
47,5,12,"8:57:51","5:1:38"
48,1,49,"19:14:41","20:43:53"
48,2,29,"12:3:26","23:46:23"
48,3,66,"14:54:35","16:54:2"
48,4,48,"7:22:27","23:2:4"
48,5,54,"12:16:23","12:51:22"
49,1,81,"11:55:45","5:52:22"
49,2,64,"19:9:42","20:11:0"
49,3,32,"6:24:38","16:28:20"
49,4,84,"23:44:53","10:31:37"
49,5,45,"16:39:19","22:46:32"
50,1,71,"16:45:52","15:59:10"
50,2,92,"20:17:21","14:34:56"
50,3,88,"21:20:4","22:40:46"
50,4,100,"20:4:59","6:41:30"
50,5,22,"9:31:5","13:50:14"
51,1,34,"18:5:40","20:6:34"
51,2,22,"20:58:54","11:44:50"
51,3,31,"18:19:2","11:9:32"
51,4,49,"9:11:43","10:40:48"
51,5,69,"11:51:0","16:36:16"
52,1,34,"23:18:2","8:38:38"
52,2,75,"6:51:11","15:32:55"
52,3,61,"18:11:53","14:51:41"
52,4,92,"20:15:56","6:15:6"
52,5,1,"19:40:59","14:18:1"
53,1,27,"16:14:57","8:6:18"
53,2,48,"17:52:43","14:38:11"
53,3,74,"21:23:39","15:17:0"
53,4,2,"16:57:27","8:6:45"
53,5,62,"23:29:1","18:8:37"
54,1,56,"22:4:58","7:22:11"
54,2,33,"23:2:7","22:13:9"
54,3,38,"15:26:28","8:6:11"
54,4,27,"11:6:48","15:46:35"
54,5,2,"14:29:14","8:26:12"
55,1,22,"10:34:54","6:36:25"
55,2,68,"14:36:30","12:29:7"
55,3,56,"6:50:17","5:48:20"
55,4,56,"15:23:7","9:21:55"
55,5,34,"7:6:12","20:25:23"
56,1,100,"17:21:53","12:54:35"
56,2,65,"5:10:51","5:27:55"
56,3,51,"11:25:24","11:28:45"
56,4,36,"8:42:35","12:58:4"
56,5,60,"14:16:32","18:40:37"
57,1,69,"22:32:54","14:18:32"
57,2,67,"5:29:17","7:27:36"
57,3,20,"22:24:15","15:0:29"
57,4,26,"14:46:1","12:14:41"
57,5,5,"18:45:13","13:54:13"
58,1,46,"16:28:28","18:14:34"
58,2,18,"17:44:37","20:43:23"
58,3,7,"19:16:32","6:22:21"
58,4,74,"10:28:14","16:22:44"
58,5,85,"14:41:51","15:16:29"
59,1,1,"12:57:42","15:45:49"
59,2,92,"5:55:36","21:39:48"
59,3,37,"8:51:21","23:1:4"
59,4,55,"21:31:40","22:21:1"
59,5,83,"20:23:12","14:36:30"
60,1,84,"21:16:0","19:49:26"
60,2,93,"13:5:41","13:14:53"
60,3,10,"23:30:42","17:26:2"
60,4,73,"16:9:58","14:36:37"
60,5,74,"8:13:6","18:27:37"
61,1,42,"16:46:3","18:12:42"
61,2,83,"12:4:32","10:31:27"
61,3,55,"6:9:2","15:24:36"
61,4,75,"13:57:41","16:53:10"
61,5,39,"18:59:1","22:22:57"
62,1,65,"23:32:45","21:41:47"
62,2,78,"21:25:11","20:26:29"
62,3,57,"23:45:40","7:7:47"
62,4,70,"7:16:17","10:55:2"
62,5,12,"7:7:45","19:42:22"
63,1,29,"21:20:39","15:29:32"
63,2,8,"20:56:21","23:2:56"
63,3,66,"21:7:0","10:8:49"
63,4,59,"22:22:14","17:1:1"
63,5,60,"20:14:39","23:45:2"
64,1,24,"13:46:26","11:27:22"
64,2,34,"8:13:25","8:17:34"
64,3,40,"19:43:20","12:0:14"
64,4,23,"12:44:2","20:21:11"
64,5,48,"5:0:36","18:40:6"
65,1,69,"22:28:12","16:26:3"
65,2,36,"7:37:20","11:56:37"
65,3,23,"23:58:7","13:39:55"
65,4,97,"23:4:5","20:47:53"
65,5,26,"11:36:15","14:38:31"
66,1,3,"10:6:48","5:23:33"
66,2,83,"19:44:3","23:14:48"
66,3,38,"12:19:21","13:21:7"
66,4,86,"18:10:59","22:39:48"
66,5,15,"11:41:44","5:38:9"
67,1,7,"19:35:28","10:9:15"
67,2,17,"12:25:55","5:43:40"
67,3,85,"20:26:49","9:7:39"
67,4,82,"13:50:51","12:50:13"
67,5,6,"9:58:2","17:56:8"
68,1,35,"11:10:50","22:38:26"
68,2,99,"23:6:40","8:48:7"
68,3,73,"12:28:46","6:10:11"
68,4,70,"8:51:34","19:27:44"
68,5,93,"17:31:51","22:8:5"
69,1,91,"23:35:10","23:43:55"
69,2,92,"19:6:1","20:24:51"
69,3,21,"13:55:10","7:12:55"
69,4,55,"9:11:44","19:23:21"
69,5,22,"11:12:35","14:25:14"
70,1,56,"12:36:59","11:8:46"
70,2,74,"21:16:48","9:42:32"
70,3,45,"18:16:32","11:5:12"
70,4,34,"18:29:31","14:16:49"
70,5,91,"5:36:12","10:11:54"
71,1,79,"21:41:58","22:37:13"
71,2,63,"13:7:45","20:52:54"
71,3,46,"15:11:6","12:48:5"
71,4,50,"10:28:8","9:9:55"
71,5,58,"8:0:39","18:15:13"
72,1,25,"15:40:7","13:55:15"
72,2,21,"8:28:11","16:57:21"
72,3,21,"5:42:13","12:58:41"
72,4,13,"7:25:32","17:4:45"
72,5,36,"15:34:43","18:26:46"
73,1,57,"22:35:46","8:34:1"
73,2,84,"18:58:3","11:4:49"
73,3,74,"22:6:0","16:44:28"
73,4,14,"22:42:19","16:16:3"
73,5,79,"7:39:13","11:9:57"
74,1,63,"23:49:20","23:35:28"
74,2,47,"13:22:32","19:54:46"
74,3,25,"11:55:28","15:14:28"
74,4,87,"7:21:31","16:18:34"
74,5,27,"8:58:46","6:36:1"
75,1,86,"10:25:8","12:48:42"
75,2,88,"13:5:34","19:27:13"
75,3,27,"13:26:18","7:26:12"
75,4,36,"6:35:46","19:11:29"
75,5,20,"9:13:16","21:48:59"
76,1,34,"5:56:16","16:35:35"
76,2,86,"5:39:51","11:39:32"
76,3,6,"7:40:42","5:51:45"
76,4,60,"6:6:25","21:27:8"
76,5,31,"13:4:39","10:22:14"
77,1,16,"13:54:32","12:35:23"
77,2,53,"19:26:46","7:35:58"
77,3,6,"20:47:32","13:36:46"
77,4,100,"10:48:18","20:55:44"
77,5,49,"9:48:40","18:9:16"
78,1,48,"12:28:50","8:54:1"
78,2,20,"15:56:38","10:5:16"
78,3,13,"14:45:1","6:40:9"
78,4,12,"9:17:46","7:8:18"
78,5,13,"11:56:56","13:18:8"
79,1,92,"23:25:43","12:7:56"
79,2,64,"21:29:14","5:41:9"
79,3,78,"8:50:12","14:46:6"
79,4,50,"6:21:37","13:54:19"
79,5,20,"16:21:17","21:43:40"
80,1,54,"22:30:25","5:53:41"
80,2,99,"14:5:39","5:25:54"
80,3,27,"21:14:27","18:45:40"
80,4,21,"17:7:25","18:42:55"
80,5,78,"21:54:8","21:54:55"
81,1,83,"7:46:55","13:59:54"
81,2,34,"17:41:38","17:16:59"
81,3,77,"5:55:32","13:6:1"
81,4,68,"6:6:24","16:56:6"
81,5,88,"15:32:54","22:52:51"
82,1,5,"14:46:34","5:36:46"
82,2,93,"19:47:43","14:2:54"
82,3,4,"15:5:13","18:14:8"
82,4,33,"7:47:26","7:36:28"
82,5,19,"23:21:4","12:40:12"
83,1,15,"23:15:6","7:22:30"
83,2,80,"9:21:26","9:21:29"
83,3,11,"23:13:40","17:2:18"
83,4,15,"14:40:56","7:44:59"
83,5,81,"8:58:39","19:33:25"
84,1,15,"19:38:58","5:11:10"
84,2,9,"22:22:4","6:21:1"
84,3,98,"22:42:4","17:38:34"
84,4,61,"17:7:8","21:30:56"
84,5,88,"19:13:41","9:34:6"
85,1,74,"10:18:12","19:9:20"
85,2,20,"17:4:39","5:17:36"
85,3,78,"19:4:8","21:1:50"
85,4,90,"18:53:42","10:40:51"
85,5,89,"20:59:22","20:46:14"
86,1,96,"21:30:22","11:43:42"
86,2,6,"13:13:8","17:17:41"
86,3,20,"19:18:26","14:57:33"
86,4,43,"5:39:27","7:42:52"
86,5,80,"7:49:33","11:34:6"
87,1,50,"20:50:21","20:8:57"
87,2,76,"23:44:57","15:38:39"
87,3,44,"9:54:48","23:30:46"
87,4,74,"10:10:35","5:19:7"
87,5,16,"9:54:16","17:48:20"
88,1,49,"17:49:9","7:50:52"
88,2,66,"10:6:16","19:9:50"
88,3,4,"8:36:6","22:55:8"
88,4,81,"23:25:48","23:20:46"
88,5,23,"13:42:34","5:11:30"
89,1,4,"10:15:28","14:26:50"
89,2,17,"18:11:24","16:4:30"
89,3,69,"7:23:28","17:25:2"
89,4,20,"7:49:44","16:1:38"
89,5,21,"5:1:44","20:38:18"
90,1,33,"8:2:43","13:8:37"
90,2,89,"8:54:40","14:41:9"
90,3,3,"10:52:36","13:58:39"
90,4,66,"13:51:5","17:3:14"
90,5,50,"17:58:22","7:28:27"
91,1,70,"7:52:6","12:41:16"
91,2,85,"10:54:50","20:29:12"
91,3,25,"9:41:4","11:48:23"
91,4,95,"12:26:37","5:30:57"
91,5,71,"14:5:44","23:50:28"
92,1,99,"11:10:52","22:45:38"
92,2,37,"11:1:40","11:0:34"
92,3,58,"17:39:20","16:33:57"
92,4,98,"6:18:48","14:13:17"
92,5,75,"19:8:5","11:59:0"
93,1,35,"7:29:0","11:45:41"
93,2,18,"13:56:20","9:37:39"
93,3,95,"11:5:33","13:28:10"
93,4,60,"8:30:20","9:31:23"
93,5,22,"18:26:24","10:54:57"
94,1,88,"11:23:58","11:27:52"
94,2,69,"11:3:23","22:59:53"
94,3,7,"11:25:6","13:50:13"
94,4,98,"9:26:52","16:11:22"
94,5,9,"14:3:21","23:26:4"
95,1,25,"8:2:26","16:56:0"
95,2,51,"5:49:34","18:15:10"
95,3,3,"8:20:12","13:48:44"
95,4,36,"13:5:47","16:7:13"
95,5,36,"11:12:46","23:34:40"
96,1,32,"20:38:0","16:46:32"
96,2,46,"18:39:23","18:2:46"
96,3,36,"22:42:13","16:22:24"
96,4,61,"9:31:36","16:54:38"
96,5,95,"18:23:11","13:34:34"
97,1,71,"14:28:42","14:16:58"
97,2,47,"12:18:11","15:0:12"
97,3,35,"6:5:38","20:49:38"
97,4,90,"9:54:16","9:53:58"
97,5,14,"13:49:37","18:56:8"
98,1,45,"9:36:8","19:53:1"
98,2,16,"22:14:5","12:8:11"
98,3,23,"12:28:39","12:8:41"
98,4,78,"23:30:25","11:6:35"
98,5,90,"7:6:9","18:47:11"
99,1,54,"18:15:10","19:35:42"
99,2,69,"17:32:29","5:6:58"
99,3,79,"9:55:52","11:45:12"
99,4,9,"15:31:33","5:21:18"
99,5,91,"15:28:13","6:55:33"
100,1,68,"16:7:45","6:13:33"
100,2,13,"13:4:13","9:2:55"
100,3,5,"8:33:7","18:11:34"
100,4,98,"10:30:3","23:12:48"
100,5,31,"14:23:57","8:14:56"
101,1,88,"8:26:13","19:36:30"
101,2,94,"5:5:2","16:38:45"
101,3,40,"16:19:40","22:4:10"
101,4,38,"11:10:21","11:39:55"
101,5,65,"17:22:7","5:39:14"
102,1,87,"10:57:18","19:21:20"
102,2,36,"10:10:36","19:4:24"
102,3,54,"20:51:48","6:1:55"
102,4,96,"6:38:26","12:47:7"
102,5,59,"19:24:16","9:11:46"
103,1,19,"19:53:11","8:19:18"
103,2,25,"22:57:0","10:2:6"
103,3,90,"23:53:42","16:19:52"
103,4,10,"21:14:42","7:48:4"
103,5,22,"5:1:46","12:30:58"
104,1,7,"18:51:18","7:5:20"
104,2,64,"17:28:49","6:46:58"
104,3,36,"6:1:3","7:10:4"
104,4,63,"7:53:12","8:35:37"
104,5,12,"20:33:27","8:18:19"
105,1,48,"17:6:0","15:30:7"
105,2,95,"22:54:4","20:38:30"
105,3,54,"10:32:0","17:32:8"
105,4,90,"21:51:7","17:32:5"
105,5,80,"23:31:26","14:14:56"
106,1,81,"12:40:37","17:13:1"
106,2,78,"10:44:42","18:9:1"
106,3,24,"13:14:51","7:15:21"
106,4,83,"23:31:33","18:28:15"
106,5,73,"10:35:46","21:44:45"
107,1,90,"23:42:40","10:33:33"
107,2,47,"9:27:27","12:25:5"
107,3,38,"7:13:48","6:18:3"
107,4,14,"15:44:58","21:31:56"
107,5,37,"14:56:29","15:12:47"
108,1,70,"15:14:43","11:44:42"
108,2,24,"6:28:10","21:45:28"
108,3,81,"13:3:54","13:52:27"
108,4,30,"10:28:16","7:50:14"
108,5,49,"15:34:52","18:31:41"
109,1,69,"7:51:9","5:18:18"
109,2,100,"20:47:6","6:2:2"
109,3,60,"9:21:42","18:49:13"
109,4,49,"7:12:7","9:7:16"
109,5,83,"9:55:40","13:35:34"
110,1,28,"14:42:33","16:26:27"
110,2,41,"21:36:55","21:50:25"
110,3,56,"7:47:29","16:5:38"
110,4,85,"15:43:42","15:57:0"
110,5,48,"19:13:9","12:10:19"
111,1,14,"16:58:47","9:58:16"
111,2,67,"12:24:48","8:45:49"
111,3,92,"18:39:24","22:23:16"
111,4,94,"19:56:2","14:6:43"
111,5,43,"8:44:2","20:45:15"
112,1,39,"13:57:36","12:49:54"
112,2,74,"7:12:58","16:44:47"
112,3,81,"21:3:28","23:38:58"
112,4,5,"22:55:55","19:15:13"
112,5,46,"10:32:40","10:52:6"
113,1,53,"13:17:46","18:32:14"
113,2,78,"19:12:50","13:17:37"
113,3,2,"5:7:29","13:42:50"
113,4,88,"10:17:28","18:50:1"
113,5,27,"10:52:0","14:9:27"
114,1,1,"19:20:36","23:8:23"
114,2,32,"8:23:16","12:2:41"
114,3,64,"14:36:22","21:50:3"
114,4,43,"23:11:30","20:31:42"
114,5,13,"12:40:49","7:45:39"
115,1,49,"16:24:12","14:26:10"
115,2,34,"6:17:11","22:25:19"
115,3,10,"9:3:42","5:49:12"
115,4,86,"18:50:39","20:33:35"
115,5,67,"5:35:5","15:10:57"
116,1,39,"22:10:42","7:35:26"
116,2,69,"14:31:8","16:42:53"
116,3,98,"15:7:15","6:45:25"
116,4,47,"13:28:34","6:33:19"
116,5,8,"7:20:12","21:42:53"
117,1,31,"7:0:9","18:27:31"
117,2,74,"5:39:7","17:39:56"
117,3,52,"22:42:37","11:7:58"
117,4,83,"12:19:31","22:17:47"
117,5,69,"21:53:53","23:47:26"
118,1,39,"14:35:15","5:34:14"
118,2,10,"23:45:10","19:32:17"
118,3,66,"12:11:26","22:22:15"
118,4,22,"13:20:43","6:21:29"
118,5,96,"9:53:52","10:49:23"
119,1,55,"12:45:49","14:10:0"
119,2,89,"14:58:45","14:13:36"
119,3,16,"21:17:39","12:42:58"
119,4,69,"21:17:4","7:40:31"
119,5,8,"21:52:49","17:18:3"
120,1,82,"16:44:40","9:36:12"
120,2,58,"11:34:41","22:4:21"
120,3,65,"8:2:46","7:2:41"
120,4,34,"14:34:47","18:8:24"
120,5,64,"11:51:42","21:32:47"
121,1,87,"20:43:42","20:5:14"
121,2,68,"14:42:4","6:24:36"
121,3,55,"17:18:0","19:34:5"
121,4,5,"14:8:32","8:44:7"
121,5,20,"13:41:10","18:55:10"
122,1,53,"23:38:54","12:44:42"
122,2,4,"7:4:59","6:19:27"
122,3,18,"9:42:48","22:21:51"
122,4,33,"21:46:0","18:26:31"
122,5,81,"17:33:33","9:6:33"
123,1,15,"10:35:3","20:37:25"
123,2,52,"13:11:42","17:29:17"
123,3,87,"23:39:5","9:3:21"
123,4,41,"12:50:2","15:33:46"
123,5,10,"21:14:48","19:31:55"
124,1,11,"6:47:34","13:40:12"
124,2,27,"23:42:9","5:10:25"
124,3,90,"8:54:1","15:17:18"
124,4,78,"23:51:13","11:1:54"
124,5,58,"12:31:38","18:2:22"
125,1,81,"5:58:38","16:47:21"
125,2,12,"6:14:24","7:45:22"
125,3,23,"20:14:35","19:47:40"
125,4,67,"10:52:57","16:55:43"
125,5,97,"12:27:7","10:53:49"
126,1,21,"15:21:37","14:46:46"
126,2,31,"14:1:27","14:4:11"
126,3,57,"20:33:9","7:24:40"
126,4,60,"6:45:13","14:41:29"
126,5,91,"5:17:46","15:22:56"
127,1,54,"18:27:16","12:33:50"
127,2,34,"19:7:34","14:38:9"
127,3,25,"9:55:58","22:17:51"
127,4,1,"23:54:56","5:12:55"
127,5,100,"15:46:49","5:18:28"
128,1,73,"16:52:17","12:23:55"
128,2,78,"7:41:56","19:11:24"
128,3,22,"17:10:6","18:13:35"
128,4,97,"12:48:43","23:53:15"
128,5,23,"16:20:40","12:13:59"
129,1,26,"5:11:55","14:36:49"
129,2,76,"12:22:18","15:58:22"
129,3,42,"23:55:6","9:8:21"
129,4,30,"13:46:10","14:40:19"
129,5,60,"21:21:15","6:11:11"
130,1,72,"17:8:37","20:28:22"
130,2,31,"8:2:39","23:19:20"
130,3,98,"10:34:29","22:41:14"
130,4,79,"8:39:34","17:59:4"
130,5,94,"19:7:53","6:55:2"
131,1,54,"20:31:21","11:12:4"
131,2,66,"19:47:14","23:7:5"
131,3,46,"17:51:51","17:58:43"
131,4,35,"13:44:4","18:19:5"
131,5,19,"6:6:18","20:21:33"
132,1,62,"13:47:24","10:7:17"
132,2,32,"6:15:49","13:23:3"
132,3,63,"21:5:23","13:13:47"
132,4,63,"7:57:25","16:24:49"
132,5,95,"20:39:12","23:32:6"
133,1,23,"19:24:38","15:46:42"
133,2,66,"15:21:54","10:24:33"
133,3,100,"20:29:3","5:40:56"
133,4,95,"7:58:16","13:28:26"
133,5,11,"17:22:46","9:32:14"
134,1,44,"11:35:3","18:54:44"
134,2,94,"7:0:26","22:33:20"
134,3,97,"22:15:24","23:3:2"
134,4,72,"16:22:29","8:57:28"
134,5,91,"15:46:2","9:0:39"
135,1,2,"6:19:11","12:57:50"
135,2,25,"7:57:47","18:17:24"
135,3,71,"21:19:47","13:13:54"
135,4,77,"18:21:7","20:12:40"
135,5,35,"14:8:51","16:16:56"
136,1,84,"6:27:23","7:20:14"
136,2,57,"9:49:12","22:38:30"
136,3,11,"16:15:52","15:30:39"
136,4,68,"16:30:56","14:59:5"
136,5,80,"18:41:55","16:4:9"
137,1,62,"14:38:42","20:20:3"
137,2,29,"21:12:40","23:53:7"
137,3,31,"23:16:43","17:1:49"
137,4,6,"20:38:38","11:11:14"
137,5,75,"14:54:52","19:4:7"
138,1,48,"13:8:31","23:27:0"
138,2,72,"10:9:8","10:29:11"
138,3,90,"21:5:42","5:55:44"
138,4,13,"17:0:58","21:30:40"
138,5,39,"8:43:49","11:16:8"
139,1,100,"8:22:52","23:49:36"
139,2,77,"12:21:37","17:26:0"
139,3,99,"13:28:45","22:59:58"
139,4,30,"22:53:8","5:5:12"
139,5,28,"14:48:38","11:47:43"
140,1,31,"14:56:16","20:48:42"
140,2,33,"18:23:36","14:26:21"
140,3,79,"10:48:1","11:49:53"
140,4,81,"14:51:33","5:40:10"
140,5,24,"5:20:7","15:44:6"
141,1,13,"10:54:40","13:1:59"
141,2,22,"11:0:13","11:19:4"
141,3,67,"8:45:38","20:47:37"
141,4,30,"22:26:34","7:3:53"
141,5,41,"21:42:25","6:17:22"
142,1,94,"7:23:49","17:26:1"
142,2,28,"8:32:3","8:14:29"
142,3,97,"20:47:1","21:45:14"
142,4,14,"16:4:31","8:23:48"
142,5,89,"21:35:5","11:44:27"
143,1,45,"23:37:29","11:1:15"
143,2,91,"11:24:55","16:22:13"
143,3,59,"10:57:50","12:7:1"
143,4,29,"5:27:20","21:14:14"
143,5,17,"10:23:25","5:59:32"
144,1,65,"17:43:50","22:26:56"
144,2,57,"8:30:56","10:4:17"
144,3,27,"23:38:24","20:47:16"
144,4,41,"9:4:25","19:50:17"
144,5,33,"22:2:25","20:15:35"
145,1,1,"22:39:40","18:0:10"
145,2,38,"23:3:32","20:41:10"
145,3,84,"19:37:33","14:16:58"
145,4,45,"9:59:38","6:7:35"
145,5,31,"22:54:31","7:18:42"
146,1,37,"23:45:12","18:31:33"
146,2,86,"5:5:11","16:7:7"
146,3,43,"23:25:26","9:7:38"
146,4,43,"16:35:9","16:15:32"
146,5,92,"22:12:11","10:32:29"
147,1,75,"7:2:32","5:21:39"
147,2,86,"15:14:45","20:27:3"
147,3,36,"7:25:26","5:23:57"
147,4,35,"9:27:20","20:5:1"
147,5,21,"7:3:51","17:3:52"
148,1,61,"13:6:42","11:36:34"
148,2,12,"23:5:53","14:0:36"
148,3,55,"13:3:37","5:14:32"
148,4,6,"19:57:16","8:46:1"
148,5,1,"17:32:27","22:7:44"
149,1,59,"13:56:29","19:13:53"
149,2,50,"10:37:24","8:14:0"
149,3,17,"13:46:29","21:48:43"
149,4,27,"20:24:58","12:25:44"
149,5,98,"6:6:21","22:8:26"
150,1,33,"6:6:22","16:29:20"
150,2,26,"8:12:8","19:18:56"
150,3,100,"11:26:19","17:18:57"
150,4,93,"14:43:26","12:41:13"
150,5,83,"15:9:52","5:35:32"
151,1,57,"19:38:5","23:52:1"
151,2,4,"5:16:54","19:9:35"
151,3,59,"19:50:37","19:19:21"
151,4,85,"7:23:18","6:15:47"
151,5,84,"20:56:38","13:51:11"
152,1,37,"12:27:43","17:21:30"
152,2,95,"21:8:17","7:37:57"
152,3,99,"16:45:59","7:42:46"
152,4,17,"21:59:55","17:37:28"
152,5,36,"21:14:23","5:54:41"
153,1,51,"7:3:44","13:32:23"
153,2,77,"16:31:37","9:41:33"
153,3,22,"22:11:3","20:59:39"
153,4,93,"22:31:23","19:43:48"
153,5,9,"10:44:6","8:15:11"
154,1,85,"9:23:13","17:13:59"
154,2,48,"6:22:13","11:6:15"
154,3,30,"13:38:27","18:9:4"
154,4,75,"17:48:8","10:34:25"
154,5,8,"16:7:41","14:16:25"
155,1,37,"10:18:12","17:52:46"
155,2,99,"16:48:39","16:21:34"
155,3,67,"6:30:29","10:46:17"
155,4,21,"11:52:12","20:11:23"
155,5,16,"11:4:47","18:53:47"
156,1,71,"7:14:12","10:31:49"
156,2,43,"8:8:17","7:37:38"
156,3,85,"6:1:38","14:2:22"
156,4,15,"11:53:36","7:13:8"
156,5,10,"6:10:55","19:59:15"
157,1,73,"8:15:30","21:3:28"
157,2,63,"5:19:22","6:10:18"
157,3,66,"11:53:53","20:47:6"
157,4,61,"14:36:42","13:58:14"
157,5,19,"9:37:15","19:33:41"
158,1,35,"6:43:37","19:58:42"
158,2,72,"9:20:10","18:28:13"
158,3,87,"16:41:16","15:58:36"
158,4,3,"6:8:24","22:16:46"
158,5,83,"20:15:19","12:46:47"
159,1,70,"23:28:58","23:28:59"
159,2,60,"15:48:4","19:42:25"
159,3,51,"18:47:47","17:23:13"
159,4,17,"11:26:35","22:37:19"
159,5,28,"22:50:17","20:24:38"
160,1,95,"23:10:57","10:29:17"
160,2,17,"22:5:7","12:42:46"
160,3,85,"11:33:26","21:40:5"
160,4,33,"6:52:45","13:47:19"
160,5,59,"22:11:20","7:25:7"
161,1,37,"14:42:5","22:34:17"
161,2,70,"15:42:4","9:7:37"
161,3,59,"14:18:44","20:18:44"
161,4,40,"10:45:51","5:41:36"
161,5,93,"11:4:14","11:6:33"
162,1,86,"11:27:15","18:43:14"
162,2,62,"17:29:3","21:7:25"
162,3,8,"14:24:50","15:7:7"
162,4,8,"17:11:18","13:49:3"
162,5,37,"20:56:19","12:48:21"
163,1,5,"23:50:12","18:16:11"
163,2,57,"10:19:23","13:4:49"
163,3,62,"9:26:47","13:9:37"
163,4,35,"10:47:15","19:53:17"
163,5,49,"10:14:44","18:36:20"
164,1,90,"21:30:18","6:14:18"
164,2,68,"13:21:15","17:48:0"
164,3,40,"20:24:51","10:15:43"
164,4,77,"12:9:46","12:9:31"
164,5,45,"23:26:24","21:45:20"
165,1,73,"16:53:52","6:22:0"
165,2,90,"19:2:54","9:40:24"
165,3,67,"15:49:25","17:51:48"
165,4,56,"11:43:30","20:6:27"
165,5,81,"13:1:44","5:34:25"
166,1,24,"6:6:39","13:32:54"
166,2,15,"20:51:15","13:0:32"
166,3,68,"6:37:0","22:24:58"
166,4,63,"17:35:40","10:16:14"
166,5,96,"21:25:12","9:25:17"
167,1,90,"18:44:36","22:12:11"
167,2,72,"5:37:41","23:22:53"
167,3,5,"17:34:55","12:11:37"
167,4,17,"15:7:18","8:57:1"
167,5,90,"6:17:53","15:9:35"
168,1,64,"11:35:51","22:46:25"
168,2,66,"23:40:29","22:42:52"
168,3,92,"12:50:59","21:45:55"
168,4,88,"6:58:51","20:22:3"
168,5,81,"14:43:2","6:57:28"
169,1,18,"22:23:54","21:11:28"
169,2,50,"19:32:21","16:9:18"
169,3,44,"8:7:43","9:45:18"
169,4,39,"13:14:46","18:44:32"
169,5,4,"6:50:32","6:37:23"
170,1,91,"14:14:54","23:1:11"
170,2,30,"6:10:29","13:36:33"
170,3,37,"6:10:52","18:15:49"
170,4,66,"20:37:37","5:17:12"
170,5,70,"8:47:4","14:41:55"
171,1,50,"22:15:41","22:26:15"
171,2,30,"11:43:53","19:33:46"
171,3,93,"21:20:22","20:12:22"
171,4,8,"15:54:13","7:0:8"
171,5,14,"5:38:46","22:10:50"
172,1,76,"21:11:59","13:13:48"
172,2,49,"20:28:39","18:4:53"
172,3,22,"14:29:29","16:11:44"
172,4,46,"19:3:15","11:39:5"
172,5,73,"18:2:37","7:59:7"
173,1,39,"8:40:38","20:9:47"
173,2,92,"14:45:45","10:41:3"
173,3,97,"15:31:38","8:36:8"
173,4,52,"16:12:53","6:56:37"
173,5,11,"17:21:28","15:6:58"
174,1,69,"19:0:24","16:57:35"
174,2,83,"13:41:19","8:29:31"
174,3,46,"19:24:54","7:56:29"
174,4,13,"13:6:39","6:7:39"
174,5,45,"16:47:3","20:45:27"
175,1,90,"18:55:35","5:32:47"
175,2,88,"8:31:28","21:35:8"
175,3,80,"22:51:17","18:16:38"
175,4,43,"14:50:5","18:35:49"
175,5,95,"9:37:16","18:12:43"
176,1,31,"10:56:4","22:28:20"
176,2,59,"18:22:48","23:27:35"
176,3,54,"5:55:3","5:28:37"
176,4,46,"18:9:49","11:26:11"
176,5,70,"10:11:3","22:58:44"
177,1,40,"11:34:44","16:49:19"
177,2,22,"6:53:11","15:59:4"
177,3,25,"5:20:10","17:19:51"
177,4,67,"17:16:32","11:13:38"
177,5,41,"7:24:17","18:32:5"
178,1,76,"21:5:27","10:7:51"
178,2,63,"16:20:6","9:30:14"
178,3,46,"20:9:22","9:55:38"
178,4,12,"9:30:39","19:32:51"
178,5,86,"18:1:49","22:8:5"
179,1,55,"23:22:1","11:30:54"
179,2,76,"11:13:50","5:58:39"
179,3,54,"7:14:26","17:10:32"
179,4,2,"15:31:22","6:24:15"
179,5,95,"6:35:21","7:20:32"
180,1,11,"12:58:0","13:6:34"
180,2,70,"19:42:53","19:43:41"
180,3,38,"12:38:48","20:2:13"
180,4,5,"16:31:21","10:58:27"
180,5,64,"22:11:42","12:36:34"
181,1,42,"12:37:39","22:17:22"
181,2,65,"16:44:8","15:3:27"
181,3,57,"16:10:57","8:21:37"
181,4,35,"8:16:26","15:24:28"
181,5,83,"9:16:21","10:18:59"
182,1,78,"16:53:26","22:13:48"
182,2,7,"21:4:46","7:40:44"
182,3,59,"22:36:41","12:13:4"
182,4,45,"10:52:0","7:8:58"
182,5,99,"5:21:17","21:24:1"
183,1,43,"5:38:23","16:5:46"
183,2,42,"17:39:55","16:0:48"
183,3,97,"21:53:41","22:4:19"
183,4,28,"22:5:16","23:54:27"
183,5,19,"22:0:35","20:31:18"
184,1,95,"18:24:28","19:4:24"
184,2,30,"19:54:18","20:33:40"
184,3,25,"5:31:30","6:49:27"
184,4,2,"9:58:32","23:54:33"
184,5,86,"10:23:21","9:24:58"
185,1,6,"8:20:30","19:55:32"
185,2,20,"20:45:57","18:4:13"
185,3,2,"21:37:47","16:35:54"
185,4,5,"18:7:25","10:55:14"
185,5,14,"12:47:4","23:12:59"
186,1,46,"17:56:23","20:18:23"
186,2,57,"10:13:36","20:44:17"
186,3,97,"8:26:57","15:50:11"
186,4,25,"8:19:13","23:23:28"
186,5,64,"6:24:0","22:38:25"
187,1,63,"9:4:59","13:14:38"
187,2,64,"10:0:40","17:37:51"
187,3,44,"7:16:9","20:37:16"
187,4,13,"9:53:31","7:50:36"
187,5,59,"8:44:5","7:17:57"
188,1,5,"8:49:54","21:43:32"
188,2,97,"11:25:12","23:21:32"
188,3,6,"16:43:51","17:14:39"
188,4,26,"10:17:0","15:51:53"
188,5,73,"17:28:50","5:6:32"
189,1,13,"13:28:44","5:32:37"
189,2,12,"23:20:46","5:13:7"
189,3,31,"10:32:2","6:57:32"
189,4,97,"14:56:57","21:47:22"
189,5,51,"18:47:52","22:54:59"
190,1,14,"8:13:10","7:14:21"
190,2,62,"12:22:46","6:8:44"
190,3,68,"8:34:1","15:4:57"
190,4,8,"20:46:0","23:46:30"
190,5,2,"19:36:36","21:12:15"
191,1,87,"18:15:53","14:56:57"
191,2,78,"16:49:7","5:38:27"
191,3,82,"10:14:49","14:11:34"
191,4,86,"23:2:35","12:25:24"
191,5,44,"22:17:36","16:17:22"
192,1,87,"12:26:49","15:38:47"
192,2,96,"9:26:6","9:5:4"
192,3,75,"17:31:7","23:14:16"
192,4,86,"7:52:41","12:11:40"
192,5,70,"9:39:46","17:33:20"
193,1,69,"15:6:52","20:52:49"
193,2,89,"8:7:16","11:19:10"
193,3,70,"7:17:28","18:4:56"
193,4,1,"11:39:42","11:12:20"
193,5,61,"9:19:8","14:48:26"
194,1,26,"23:37:27","12:49:13"
194,2,55,"5:49:23","16:10:9"
194,3,16,"17:24:24","7:12:47"
194,4,85,"5:25:24","14:25:6"
194,5,52,"8:54:33","9:13:24"
195,1,70,"6:16:51","17:10:36"
195,2,84,"12:44:16","18:2:29"
195,3,46,"8:14:50","8:42:20"
195,4,20,"13:31:7","5:53:33"
195,5,37,"16:10:42","6:12:23"
196,1,2,"22:44:57","12:59:41"
196,2,79,"13:39:55","12:40:17"
196,3,47,"14:45:15","7:40:57"
196,4,16,"10:13:36","5:58:37"
196,5,68,"22:42:14","17:40:40"
197,1,43,"8:26:45","11:1:6"
197,2,89,"19:52:7","5:30:44"
197,3,77,"11:42:11","5:35:2"
197,4,85,"13:53:0","10:44:40"
197,5,87,"9:41:58","18:19:56"
198,1,38,"20:28:41","20:10:46"
198,2,6,"22:36:25","14:6:8"
198,3,70,"6:5:37","17:52:11"
198,4,30,"16:28:38","7:51:54"
198,5,69,"11:23:14","9:46:12"
199,1,57,"21:18:0","16:26:1"
199,2,23,"8:4:15","21:6:55"
199,3,32,"9:19:58","14:17:1"
199,4,73,"18:32:12","13:21:23"
199,5,84,"9:17:27","9:50:15"
200,1,84,"18:33:2","21:51:51"
200,2,87,"23:54:50","16:44:8"
200,3,77,"6:59:44","14:25:9"
200,4,87,"12:4:1","10:56:53"
200,5,3,"23:2:3","8:33:28"
201,1,86,"8:44:30","17:3:49"
201,2,12,"7:16:38","18:3:43"
201,3,21,"17:44:11","7:44:10"
201,4,60,"15:24:12","15:18:39"
201,5,38,"5:51:37","18:8:31"
202,1,92,"12:35:17","7:11:56"
202,2,55,"13:35:41","12:35:57"
202,3,49,"23:18:40","7:52:24"
202,4,18,"21:52:52","6:55:11"
202,5,38,"12:37:22","14:18:32"
203,1,4,"23:7:26","21:56:1"
203,2,31,"11:57:52","8:25:55"
203,3,40,"12:40:20","12:32:14"
203,4,22,"14:56:43","14:0:17"
203,5,11,"18:39:6","14:24:49"
204,1,89,"21:2:47","13:43:41"
204,2,92,"13:13:50","21:18:38"
204,3,7,"7:47:36","20:41:14"
204,4,95,"17:3:38","20:53:42"
204,5,93,"6:39:0","18:40:43"
205,1,69,"14:5:16","8:43:22"
205,2,25,"16:41:19","22:15:45"
205,3,38,"12:7:37","17:48:27"
205,4,16,"10:57:19","22:11:30"
205,5,8,"16:5:8","22:56:10"
206,1,75,"12:46:59","8:38:57"
206,2,73,"20:46:46","16:12:13"
206,3,63,"23:33:7","10:7:54"
206,4,75,"6:17:0","9:22:29"
206,5,68,"8:47:22","6:13:0"
207,1,3,"5:26:58","23:56:34"
207,2,84,"11:2:24","5:1:15"
207,3,63,"10:29:13","13:30:45"
207,4,57,"17:32:36","22:26:36"
207,5,56,"11:4:34","5:57:44"
208,1,45,"23:9:10","18:21:55"
208,2,60,"16:21:48","16:15:49"
208,3,48,"21:45:22","6:12:28"
208,4,98,"11:16:48","15:30:19"
208,5,12,"12:1:43","22:37:58"
209,1,93,"20:56:9","17:57:7"
209,2,25,"15:14:10","12:4:42"
209,3,60,"9:3:14","5:4:30"
209,4,33,"19:4:45","19:42:43"
209,5,65,"15:0:9","17:50:0"
210,1,92,"20:58:46","20:40:7"
210,2,48,"23:33:19","11:1:40"
210,3,74,"7:45:57","10:14:5"
210,4,43,"12:38:40","19:20:16"
210,5,19,"15:11:44","23:38:19"
211,1,6,"17:54:19","23:39:20"
211,2,90,"10:39:46","17:24:50"
211,3,60,"11:26:59","15:10:17"
211,4,75,"19:4:26","21:8:26"
211,5,18,"16:54:22","15:22:22"
212,1,6,"6:31:9","11:1:14"
212,2,35,"9:55:56","17:8:35"
212,3,61,"20:32:56","10:3:53"
212,4,94,"20:18:33","7:19:3"
212,5,46,"6:18:54","15:49:23"
213,1,36,"11:22:6","10:1:26"
213,2,77,"15:4:43","21:14:54"
213,3,40,"11:59:0","5:34:59"
213,4,32,"20:20:21","16:47:9"
213,5,84,"16:58:48","21:38:26"
214,1,28,"16:32:33","9:47:12"
214,2,34,"21:48:34","7:59:41"
214,3,10,"20:23:49","6:34:33"
214,4,96,"22:27:31","12:42:29"
214,5,64,"11:33:39","20:46:13"
215,1,93,"8:38:14","19:38:50"
215,2,63,"5:47:50","5:35:42"
215,3,75,"17:34:50","6:3:19"
215,4,29,"21:43:40","12:7:54"
215,5,63,"17:46:12","15:8:50"
216,1,66,"5:51:20","21:21:51"
216,2,33,"23:43:18","19:27:8"
216,3,32,"12:54:7","22:31:24"
216,4,79,"11:4:51","10:58:28"
216,5,17,"5:44:25","9:23:53"
217,1,27,"13:36:36","21:10:10"
217,2,77,"6:31:37","13:53:17"
217,3,82,"5:8:36","14:22:59"
217,4,64,"11:52:53","9:32:46"
217,5,43,"13:11:29","21:51:6"
218,1,90,"5:37:47","5:31:46"
218,2,30,"20:45:17","23:57:48"
218,3,76,"22:29:34","15:54:27"
218,4,59,"23:38:2","12:45:51"
218,5,30,"19:27:22","8:42:13"
219,1,45,"19:22:30","8:7:40"
219,2,81,"13:38:2","6:46:25"
219,3,53,"16:5:40","7:12:21"
219,4,43,"12:2:4","8:17:32"
219,5,10,"23:4:34","6:19:9"
220,1,44,"15:39:35","15:30:42"
220,2,78,"9:9:37","7:41:59"
220,3,89,"11:52:29","23:19:56"
220,4,28,"21:44:49","21:25:7"
220,5,51,"17:5:43","17:29:32"
221,1,94,"18:48:32","17:36:27"
221,2,7,"9:15:24","21:40:28"
221,3,57,"5:41:32","17:43:35"
221,4,26,"18:10:44","12:21:3"
221,5,85,"13:41:15","15:29:24"
222,1,100,"23:51:46","12:33:49"
222,2,48,"18:3:38","7:3:50"
222,3,39,"12:35:32","15:24:29"
222,4,72,"18:38:12","19:4:48"
222,5,55,"18:7:53","23:43:34"
223,1,2,"8:49:24","7:21:42"
223,2,59,"5:2:4","21:48:27"
223,3,52,"5:18:15","15:53:15"
223,4,46,"12:42:49","15:44:28"
223,5,81,"17:34:13","23:43:9"
224,1,90,"8:0:1","9:9:51"
224,2,3,"11:1:5","13:7:57"
224,3,85,"12:1:11","7:19:48"
224,4,28,"8:21:1","20:53:18"
224,5,21,"22:4:33","18:42:24"
225,1,61,"20:35:58","21:1:57"
225,2,16,"6:49:22","6:41:3"
225,3,9,"10:12:58","9:19:32"
225,4,74,"13:38:45","13:4:2"
225,5,84,"22:3:4","20:7:38"
226,1,8,"6:11:52","7:52:5"
226,2,29,"7:15:11","20:4:26"
226,3,5,"13:28:51","16:42:53"
226,4,17,"14:51:31","7:11:40"
226,5,70,"19:46:55","15:52:51"
227,1,70,"15:54:59","7:11:30"
227,2,7,"6:45:44","16:5:17"
227,3,61,"16:44:48","5:57:41"
227,4,94,"17:5:21","12:44:58"
227,5,87,"9:11:41","20:10:56"
228,1,69,"9:42:0","17:7:26"
228,2,34,"15:57:30","11:5:51"
228,3,55,"9:22:15","22:0:50"
228,4,65,"12:9:43","5:3:20"
228,5,24,"8:52:47","15:3:6"
229,1,96,"12:34:13","16:9:43"
229,2,26,"14:14:7","10:8:28"
229,3,89,"13:21:26","17:24:7"
229,4,7,"12:21:2","10:17:6"
229,5,70,"5:56:8","8:16:39"
230,1,62,"20:9:0","9:28:51"
230,2,58,"19:2:55","8:4:22"
230,3,79,"23:18:22","17:40:13"
230,4,58,"22:54:5","23:8:31"
230,5,61,"19:14:48","8:33:2"
231,1,48,"21:33:33","6:54:5"
231,2,11,"14:12:35","12:21:29"
231,3,98,"7:8:14","14:18:26"
231,4,69,"13:58:40","16:59:2"
231,5,17,"13:7:7","23:30:19"
232,1,44,"7:22:54","6:25:7"
232,2,59,"16:15:53","23:39:3"
232,3,23,"19:12:29","11:30:22"
232,4,39,"13:55:36","17:46:33"
232,5,48,"20:11:33","23:50:28"
233,1,90,"5:54:37","22:31:48"
233,2,98,"12:18:41","5:3:20"
233,3,15,"21:39:21","9:31:36"
233,4,36,"11:23:25","10:25:1"
233,5,25,"14:2:22","21:20:48"
234,1,4,"12:46:19","20:11:7"
234,2,16,"16:56:18","22:3:9"
234,3,78,"6:12:24","17:56:5"
234,4,93,"14:3:53","13:13:26"
234,5,8,"16:32:24","18:8:19"
235,1,70,"17:50:48","11:15:26"
235,2,94,"23:35:59","10:27:42"
235,3,25,"13:26:34","19:49:37"
235,4,55,"21:47:15","19:47:21"
235,5,1,"16:54:15","14:2:28"
236,1,24,"21:37:11","6:24:11"
236,2,37,"14:47:53","21:32:7"
236,3,82,"9:45:43","16:3:14"
236,4,42,"7:30:7","9:13:18"
236,5,99,"6:8:57","13:39:43"
237,1,5,"22:33:4","20:55:31"
237,2,28,"17:36:55","23:58:50"
237,3,61,"15:42:21","14:46:48"
237,4,2,"23:25:29","23:21:49"
237,5,31,"17:10:9","10:13:49"
238,1,16,"19:28:42","16:19:13"
238,2,4,"22:46:44","6:45:3"
238,3,49,"9:2:52","9:7:39"
238,4,42,"18:30:26","15:3:18"
238,5,22,"15:32:14","8:33:58"
239,1,26,"18:50:12","19:31:36"
239,2,46,"6:29:45","19:50:19"
239,3,53,"11:3:20","16:53:25"
239,4,90,"18:14:24","22:8:45"
239,5,24,"23:16:47","5:19:34"
240,1,89,"18:44:58","13:0:21"
240,2,22,"8:6:36","14:58:54"
240,3,28,"15:11:1","15:10:46"
240,4,60,"20:44:33","22:45:56"
240,5,88,"19:31:30","10:3:11"
241,1,26,"9:33:16","17:48:44"
241,2,93,"15:39:51","20:57:53"
241,3,89,"15:17:5","17:42:12"
241,4,27,"10:28:38","8:59:50"
241,5,89,"18:57:38","14:41:4"
242,1,81,"16:19:4","8:17:35"
242,2,47,"16:6:29","14:47:5"
242,3,62,"14:34:16","12:8:3"
242,4,18,"21:58:21","18:25:3"
242,5,62,"23:17:55","8:35:56"
243,1,37,"5:53:30","11:37:43"
243,2,18,"19:25:24","8:44:23"
243,3,39,"11:46:46","9:13:24"
243,4,7,"16:8:31","7:9:10"
243,5,25,"15:20:36","8:28:45"
244,1,36,"10:31:20","17:34:50"
244,2,57,"14:11:9","13:55:4"
244,3,28,"5:46:22","10:57:23"
244,4,69,"15:49:27","20:32:29"
244,5,44,"21:5:31","22:3:12"
245,1,73,"11:4:8","12:15:13"
245,2,49,"11:17:32","13:21:30"
245,3,36,"17:38:15","15:59:59"
245,4,96,"6:53:57","22:58:2"
245,5,5,"23:2:47","9:8:58"
246,1,8,"23:45:27","14:49:38"
246,2,95,"12:13:37","11:8:5"
246,3,51,"7:39:8","11:55:1"
246,4,96,"13:30:14","21:32:34"
246,5,61,"10:29:53","11:40:20"
247,1,95,"11:34:13","17:34:26"
247,2,4,"10:30:2","16:16:28"
247,3,60,"9:38:51","18:13:24"
247,4,100,"7:58:6","9:18:48"
247,5,60,"12:43:23","16:58:34"
248,1,88,"8:36:51","9:58:49"
248,2,91,"15:58:47","15:36:12"
248,3,24,"16:6:15","16:49:41"
248,4,78,"7:39:11","18:52:5"
248,5,21,"9:9:32","14:33:37"
249,1,9,"22:2:57","14:46:47"
249,2,61,"6:13:56","6:28:23"
249,3,36,"21:58:36","15:36:48"
249,4,75,"10:47:59","22:47:17"
249,5,25,"10:29:51","21:30:9"
250,1,22,"5:34:7","10:0:58"
250,2,42,"17:28:10","5:50:24"
250,3,11,"5:45:59","9:2:5"
250,4,64,"10:55:42","16:55:17"
250,5,81,"12:22:44","14:6:52"
251,1,6,"16:16:5","14:53:3"
251,2,93,"11:35:44","19:8:20"
251,3,1,"12:53:32","17:50:39"
251,4,28,"17:12:52","16:49:11"
251,5,98,"11:48:41","19:10:42"
252,1,68,"10:52:2","19:25:44"
252,2,66,"23:27:9","15:17:47"
252,3,77,"21:41:41","7:34:59"
252,4,60,"21:25:38","13:27:1"
252,5,93,"22:58:35","21:18:53"
253,1,90,"5:35:50","23:10:46"
253,2,11,"18:47:37","15:15:30"
253,3,61,"7:16:2","15:38:0"
253,4,52,"23:47:32","23:44:44"
253,5,78,"12:48:7","16:43:50"
254,1,2,"8:42:42","21:4:47"
254,2,57,"21:13:46","9:13:41"
254,3,17,"21:38:14","7:11:40"
254,4,44,"18:20:47","17:4:49"
254,5,37,"14:5:51","10:11:57"
255,1,2,"7:5:41","8:28:42"
255,2,27,"17:16:19","19:28:9"
255,3,100,"20:27:22","17:52:32"
255,4,90,"18:30:21","17:24:36"
255,5,86,"13:57:43","21:13:21"
256,1,52,"16:52:27","16:7:53"
256,2,92,"15:19:3","7:50:48"
256,3,32,"7:53:59","11:29:0"
256,4,97,"20:2:26","17:32:44"
256,5,3,"7:29:30","6:51:12"
257,1,96,"10:37:28","15:27:41"
257,2,86,"19:42:23","17:44:16"
257,3,92,"10:50:23","6:35:35"
257,4,98,"7:30:48","10:53:22"
257,5,35,"9:30:44","23:27:47"
258,1,17,"11:42:14","14:55:49"
258,2,40,"14:6:27","19:46:28"
258,3,43,"14:16:28","14:7:14"
258,4,80,"20:49:25","19:2:50"
258,5,50,"17:23:30","21:35:14"
259,1,14,"10:38:30","20:19:54"
259,2,5,"9:11:56","21:11:51"
259,3,90,"13:39:22","23:9:11"
259,4,60,"14:30:41","11:18:43"
259,5,75,"20:11:17","22:8:14"
260,1,41,"15:2:10","21:12:7"
260,2,80,"16:12:36","19:16:34"
260,3,7,"17:47:24","22:51:24"
260,4,96,"20:0:41","5:17:49"
260,5,32,"8:56:9","14:20:14"
261,1,39,"15:17:36","5:9:27"
261,2,39,"12:29:52","10:0:56"
261,3,18,"13:37:55","11:50:59"
261,4,23,"22:19:56","20:52:3"
261,5,77,"22:52:32","21:24:51"
262,1,9,"14:54:59","21:23:8"
262,2,97,"9:19:13","7:11:22"
262,3,51,"19:30:14","16:40:7"
262,4,83,"6:48:18","9:0:44"
262,5,61,"17:55:59","11:31:53"
263,1,95,"15:13:24","13:57:16"
263,2,91,"19:6:27","5:2:3"
263,3,69,"18:54:20","13:16:25"
263,4,63,"16:26:32","13:22:25"
263,5,62,"5:51:27","22:44:51"
264,1,54,"5:24:20","13:52:14"
264,2,26,"14:49:40","19:11:55"
264,3,84,"9:5:37","5:48:48"
264,4,89,"16:24:45","21:36:3"
264,5,62,"19:38:3","18:9:10"
265,1,11,"10:37:41","16:50:34"
265,2,64,"12:55:50","11:47:33"
265,3,37,"12:10:33","18:20:20"
265,4,23,"22:54:0","22:22:13"
265,5,3,"7:40:14","21:54:40"
266,1,25,"17:59:44","5:44:42"
266,2,57,"6:30:6","7:25:50"
266,3,73,"5:31:35","13:18:48"
266,4,10,"16:14:44","8:30:58"
266,5,1,"6:43:18","7:1:57"
267,1,96,"19:55:39","21:6:44"
267,2,45,"18:56:16","6:44:57"
267,3,91,"8:37:24","18:54:52"
267,4,96,"14:59:20","12:36:41"
267,5,41,"23:43:9","17:24:8"
268,1,11,"21:42:23","17:56:36"
268,2,41,"11:58:27","10:32:14"
268,3,12,"19:52:34","10:8:37"
268,4,60,"21:34:22","20:35:17"
268,5,36,"14:15:6","7:40:6"
269,1,47,"16:52:45","15:41:22"
269,2,3,"17:26:45","20:52:7"
269,3,88,"22:29:45","17:31:51"
269,4,17,"18:33:2","19:42:2"
269,5,40,"13:17:40","11:43:25"
270,1,60,"21:8:50","21:30:2"
270,2,21,"6:52:36","16:51:13"
270,3,28,"16:18:48","23:30:59"
270,4,87,"14:53:4","16:13:53"
270,5,52,"18:47:7","16:58:46"
271,1,60,"19:8:12","11:19:58"
271,2,26,"14:38:20","17:47:23"
271,3,29,"20:26:56","21:11:17"
271,4,18,"20:59:49","18:13:1"
271,5,63,"13:34:26","11:45:15"
272,1,58,"23:16:29","16:56:24"
272,2,50,"15:0:35","13:8:2"
272,3,92,"9:52:3","9:32:37"
272,4,68,"9:26:45","10:14:53"
272,5,73,"17:58:15","22:0:40"
273,1,7,"19:21:17","5:52:32"
273,2,40,"20:0:15","9:34:34"
273,3,40,"8:37:25","16:3:27"
273,4,22,"11:55:38","5:53:26"
273,5,9,"16:59:52","22:17:48"
274,1,79,"15:36:14","18:32:56"
274,2,49,"13:38:41","13:14:4"
274,3,38,"12:46:15","8:39:30"
274,4,15,"9:51:14","21:10:0"
274,5,9,"19:9:4","18:10:20"
275,1,47,"13:30:4","20:20:0"
275,2,9,"12:33:20","23:44:14"
275,3,60,"12:56:23","14:56:7"
275,4,36,"21:22:22","7:17:11"
275,5,32,"9:24:12","14:32:13"
276,1,78,"12:21:44","10:28:56"
276,2,41,"8:35:43","7:36:51"
276,3,13,"11:30:6","13:16:30"
276,4,90,"6:43:55","21:28:5"
276,5,16,"11:34:29","22:31:0"
277,1,73,"10:27:14","10:59:54"
277,2,80,"21:9:13","23:15:3"
277,3,98,"20:20:23","14:28:26"
277,4,1,"21:49:41","12:42:44"
277,5,29,"13:13:0","7:40:5"
278,1,92,"5:36:19","10:37:32"
278,2,47,"13:56:5","9:47:54"
278,3,70,"11:7:29","9:56:0"
278,4,13,"17:39:44","12:43:22"
278,5,27,"17:42:21","20:41:37"
279,1,29,"14:57:57","19:47:14"
279,2,79,"9:8:25","5:32:59"
279,3,91,"6:47:47","20:14:39"
279,4,94,"14:54:32","20:37:24"
279,5,96,"8:2:45","14:14:40"
280,1,82,"12:31:52","23:39:40"
280,2,60,"10:3:41","23:32:26"
280,3,17,"5:53:12","16:24:15"
280,4,14,"21:45:44","13:21:25"
280,5,55,"19:48:39","14:6:13"
281,1,5,"5:30:47","22:45:54"
281,2,93,"23:5:25","11:54:21"
281,3,47,"5:1:15","7:1:5"
281,4,53,"23:5:26","10:25:18"
281,5,84,"5:26:14","15:30:9"
282,1,3,"9:25:36","5:41:46"
282,2,22,"20:32:50","7:8:0"
282,3,50,"19:52:0","7:9:18"
282,4,32,"17:23:54","22:25:14"
282,5,61,"22:8:20","15:48:48"
283,1,20,"5:20:12","19:14:40"
283,2,90,"6:53:15","19:48:35"
283,3,19,"16:40:31","17:5:54"
283,4,54,"22:40:20","12:18:28"
283,5,17,"11:29:30","16:9:0"
284,1,62,"23:12:53","6:50:34"
284,2,56,"8:39:31","12:10:11"
284,3,99,"11:36:23","21:21:34"
284,4,15,"7:40:18","6:23:45"
284,5,98,"17:56:59","15:24:5"
285,1,32,"6:47:39","16:26:44"
285,2,77,"11:37:40","9:48:12"
285,3,53,"23:57:6","19:38:2"
285,4,12,"5:44:37","15:14:3"
285,5,80,"16:55:15","18:46:5"
286,1,73,"17:27:56","21:35:53"
286,2,31,"15:36:54","7:22:49"
286,3,67,"17:2:8","10:27:47"
286,4,66,"20:37:46","9:50:44"
286,5,83,"15:29:16","11:40:4"
287,1,15,"12:11:8","9:59:25"
287,2,1,"18:38:50","15:58:52"
287,3,92,"14:53:18","23:22:26"
287,4,80,"5:11:9","10:8:40"
287,5,18,"6:14:14","23:7:25"
288,1,39,"18:28:19","23:5:3"
288,2,7,"5:15:53","10:37:8"
288,3,2,"12:24:16","9:45:30"
288,4,69,"17:30:4","9:48:6"
288,5,32,"18:3:35","9:3:0"
289,1,57,"12:44:32","16:13:34"
289,2,87,"5:22:56","10:35:57"
289,3,87,"14:22:7","12:0:55"
289,4,41,"22:45:16","5:34:45"
289,5,70,"8:36:11","20:56:15"
290,1,57,"20:3:53","5:13:11"
290,2,86,"12:51:15","23:13:48"
290,3,73,"23:46:43","9:42:38"
290,4,8,"9:48:7","13:52:24"
290,5,100,"20:31:11","17:57:50"
291,1,4,"8:36:49","22:3:18"
291,2,57,"18:35:52","20:35:28"
291,3,11,"9:23:46","13:17:34"
291,4,49,"18:41:23","22:58:55"
291,5,11,"12:28:36","19:36:8"
292,1,64,"12:33:15","16:43:29"
292,2,80,"19:30:44","19:6:15"
292,3,60,"11:25:13","9:33:50"
292,4,67,"17:1:21","19:15:7"
292,5,15,"21:18:41","19:56:7"
293,1,13,"20:53:34","9:6:36"
293,2,85,"22:41:49","13:6:11"
293,3,32,"5:47:30","15:27:12"
293,4,12,"16:46:11","19:48:41"
293,5,20,"15:30:28","12:52:6"
294,1,98,"8:23:14","16:20:13"
294,2,84,"16:50:3","8:42:37"
294,3,2,"18:48:22","13:0:43"
294,4,4,"11:45:56","20:51:22"
294,5,15,"9:11:41","15:53:39"
295,1,52,"5:27:48","7:48:44"
295,2,33,"14:5:20","13:47:56"
295,3,55,"9:8:57","10:13:49"
295,4,48,"23:57:9","5:40:20"
295,5,91,"14:11:57","15:2:38"
296,1,90,"11:8:59","22:36:2"
296,2,96,"8:55:53","20:18:59"
296,3,61,"12:59:54","7:35:18"
296,4,48,"23:30:48","17:38:7"
296,5,51,"13:12:45","18:32:57"
297,1,2,"6:14:46","19:30:9"
297,2,67,"19:47:4","17:55:23"
297,3,4,"15:46:28","14:38:35"
297,4,28,"14:8:43","12:11:57"
297,5,41,"16:22:26","22:17:14"
298,1,88,"22:47:55","5:14:9"
298,2,61,"8:39:26","21:59:58"
298,3,57,"8:38:23","6:18:17"
298,4,57,"5:3:58","18:9:29"
298,5,52,"9:7:1","13:39:35"
299,1,67,"21:21:43","11:26:13"
299,2,22,"11:12:28","20:38:7"
299,3,68,"17:47:16","16:13:9"
299,4,27,"17:52:3","5:28:50"
299,5,68,"19:55:25","19:9:31"
300,1,87,"20:2:23","21:31:53"
300,2,80,"10:59:13","6:26:1"
300,3,94,"19:43:2","19:37:13"
300,4,92,"20:47:23","20:2:14"
300,5,58,"13:8:25","6:15:9"
301,1,43,"7:59:1","22:15:59"
301,2,95,"11:41:42","16:45:10"
301,3,32,"14:30:15","9:22:36"
301,4,60,"21:6:50","9:18:59"
301,5,17,"7:20:16","17:6:32"
302,1,49,"17:43:54","7:51:22"
302,2,84,"8:42:2","15:23:26"
302,3,54,"21:50:16","5:36:18"
302,4,45,"8:18:5","7:30:0"
302,5,33,"16:37:8","23:25:0"
303,1,75,"11:9:35","22:53:0"
303,2,27,"12:56:56","15:4:10"
303,3,45,"14:2:48","7:52:13"
303,4,96,"13:17:10","21:27:58"
303,5,75,"11:6:57","12:20:52"
304,1,57,"22:10:45","6:20:45"
304,2,70,"18:51:2","14:43:27"
304,3,47,"8:41:55","19:36:42"
304,4,53,"5:15:51","22:15:8"
304,5,14,"21:45:8","5:10:22"
305,1,81,"8:13:52","11:3:50"
305,2,23,"22:53:57","7:25:18"
305,3,32,"5:16:27","23:15:0"
305,4,59,"17:31:46","11:8:5"
305,5,14,"8:54:13","14:28:45"
306,1,53,"8:49:18","20:30:59"
306,2,31,"16:30:16","19:27:2"
306,3,51,"23:9:34","18:19:44"
306,4,24,"15:23:17","15:31:24"
306,5,5,"17:0:7","10:24:40"
307,1,8,"23:4:21","18:0:20"
307,2,16,"15:27:47","8:45:36"
307,3,83,"13:34:30","5:7:46"
307,4,58,"13:8:1","15:21:6"
307,5,9,"18:40:45","9:24:29"
308,1,88,"6:24:32","17:14:33"
308,2,93,"10:3:40","16:19:49"
308,3,43,"18:48:55","6:18:4"
308,4,1,"11:22:8","14:11:13"
308,5,77,"20:7:14","10:38:22"
309,1,14,"19:50:16","5:43:48"
309,2,68,"13:37:41","10:16:22"
309,3,77,"9:32:54","11:41:6"
309,4,26,"7:39:19","15:36:2"
309,5,2,"14:20:47","21:4:11"
310,1,22,"5:37:14","13:12:30"
310,2,39,"8:41:18","20:37:25"
310,3,78,"19:34:3","10:51:52"
310,4,79,"21:54:42","23:56:21"
310,5,50,"23:46:22","10:4:27"
311,1,11,"8:26:16","9:6:4"
311,2,32,"10:9:7","23:14:2"
311,3,49,"21:25:9","12:52:52"
311,4,93,"21:15:32","14:36:41"
311,5,86,"9:32:40","6:35:22"
312,1,58,"21:16:45","16:5:48"
312,2,8,"13:35:30","7:33:24"
312,3,32,"23:31:7","6:34:40"
312,4,27,"8:24:28","19:37:31"
312,5,54,"16:42:47","22:9:40"
313,1,9,"17:6:26","18:21:58"
313,2,54,"19:56:41","12:28:32"
313,3,92,"7:49:28","5:49:33"
313,4,18,"15:50:4","20:32:31"
313,5,99,"6:31:22","22:46:48"
314,1,20,"7:17:23","10:48:37"
314,2,81,"9:22:29","19:50:9"
314,3,44,"14:20:31","14:58:20"
314,4,95,"8:37:50","11:58:46"
314,5,9,"8:38:16","20:46:38"
315,1,12,"16:44:26","7:48:47"
315,2,68,"23:48:5","10:25:42"
315,3,2,"12:53:31","23:19:57"
315,4,64,"11:11:28","15:9:13"
315,5,81,"11:49:3","23:45:2"
316,1,50,"8:50:11","14:41:17"
316,2,21,"14:1:10","13:51:3"
316,3,14,"6:29:15","6:12:12"
316,4,2,"8:45:37","16:51:24"
316,5,90,"9:50:25","18:50:14"
317,1,40,"11:49:38","18:58:20"
317,2,9,"13:34:47","8:52:32"
317,3,3,"22:7:51","6:26:10"
317,4,18,"11:59:14","20:23:15"
317,5,28,"9:53:38","23:41:38"
318,1,63,"9:24:32","12:31:33"
318,2,2,"13:13:12","14:34:14"
318,3,47,"18:3:12","7:36:48"
318,4,32,"21:26:32","9:46:32"
318,5,93,"17:36:43","16:19:42"
319,1,15,"17:54:55","7:8:3"
319,2,13,"19:2:4","20:46:2"
319,3,5,"8:40:45","15:47:38"
319,4,41,"17:57:53","10:14:42"
319,5,92,"23:26:16","17:15:20"
320,1,46,"21:34:27","23:17:46"
320,2,31,"20:7:28","14:55:8"
320,3,50,"21:35:42","16:45:21"
320,4,76,"7:4:24","18:20:49"
320,5,63,"16:44:34","18:38:41"
321,1,71,"15:33:41","7:56:30"
321,2,70,"20:25:45","16:45:34"
321,3,26,"22:13:16","10:53:25"
321,4,20,"14:35:21","19:10:52"
321,5,80,"19:47:51","20:42:43"
322,1,81,"12:9:24","7:12:15"
322,2,98,"14:1:23","8:52:11"
322,3,83,"10:31:31","20:59:54"
322,4,55,"9:42:52","10:40:6"
322,5,51,"9:20:27","8:14:16"
323,1,91,"12:30:52","8:29:18"
323,2,19,"7:50:26","6:7:39"
323,3,37,"20:35:38","6:27:2"
323,4,62,"20:6:3","8:2:50"
323,5,17,"11:13:12","21:8:18"
324,1,64,"22:49:25","21:29:1"
324,2,45,"7:47:33","19:22:30"
324,3,94,"10:38:57","12:48:48"
324,4,21,"19:47:4","23:55:23"
324,5,47,"20:52:26","22:39:16"
325,1,53,"16:47:16","6:40:38"
325,2,35,"12:2:44","13:29:46"
325,3,97,"15:45:57","5:13:41"
325,4,8,"17:13:9","12:46:40"
325,5,63,"23:15:59","11:25:41"
326,1,73,"8:27:57","5:31:58"
326,2,50,"7:54:54","19:55:15"
326,3,65,"5:51:43","11:28:5"
326,4,56,"5:4:22","14:25:23"
326,5,3,"9:11:20","19:11:9"
327,1,48,"12:42:57","23:27:53"
327,2,29,"8:22:46","22:1:23"
327,3,11,"22:32:55","5:56:47"
327,4,57,"15:56:14","16:30:17"
327,5,50,"14:29:6","8:11:15"
328,1,28,"16:15:51","5:29:38"
328,2,63,"15:38:0","12:36:52"
328,3,66,"19:39:24","13:18:10"
328,4,89,"10:40:49","9:1:6"
328,5,8,"15:31:28","15:50:21"
329,1,25,"10:1:38","5:43:13"
329,2,50,"19:51:10","22:56:53"
329,3,13,"11:3:36","8:48:26"
329,4,77,"21:11:40","5:18:9"
329,5,2,"23:14:39","23:7:58"
330,1,81,"17:16:11","12:21:44"
330,2,81,"20:33:4","22:16:31"
330,3,47,"10:41:44","16:23:3"
330,4,65,"17:18:18","18:47:3"
330,5,12,"22:46:31","5:3:29"
331,1,47,"10:28:41","16:55:18"
331,2,59,"11:18:15","13:46:39"
331,3,67,"23:17:49","21:5:2"
331,4,35,"8:59:59","8:33:10"
331,5,81,"13:40:3","14:42:13"
332,1,20,"23:38:9","15:31:24"
332,2,34,"5:56:19","10:54:24"
332,3,11,"6:1:52","9:7:0"
332,4,30,"23:3:13","22:8:36"
332,5,52,"5:53:13","14:8:34"
333,1,51,"21:18:37","15:5:15"
333,2,84,"17:45:43","7:4:18"
333,3,8,"10:19:9","10:52:42"
333,4,87,"20:48:33","17:49:50"
333,5,22,"22:17:8","22:41:48"
334,1,31,"21:39:57","19:13:29"
334,2,58,"16:13:28","7:15:32"
334,3,5,"22:40:50","14:15:13"
334,4,97,"15:15:2","23:47:58"
334,5,40,"16:50:43","13:5:59"
335,1,99,"22:55:19","15:5:35"
335,2,75,"22:43:15","13:25:20"
335,3,85,"23:36:48","19:34:59"
335,4,81,"7:34:9","12:29:37"
335,5,27,"17:11:5","21:40:7"
336,1,13,"21:31:20","5:57:55"
336,2,44,"12:48:1","23:13:40"
336,3,71,"19:0:25","12:55:15"
336,4,24,"19:37:7","12:10:35"
336,5,70,"19:32:49","10:20:12"
337,1,85,"12:35:23","6:47:3"
337,2,98,"8:4:36","21:30:36"
337,3,68,"11:28:37","23:2:59"
337,4,77,"14:29:16","18:28:15"
337,5,73,"9:2:33","17:59:46"
338,1,97,"18:30:42","14:36:18"
338,2,37,"17:38:54","15:45:16"
338,3,45,"21:54:4","17:14:53"
338,4,66,"16:42:9","15:20:50"
338,5,85,"21:10:51","19:59:17"
339,1,60,"12:30:39","9:45:21"
339,2,74,"23:19:49","19:31:2"
339,3,5,"19:4:7","14:58:9"
339,4,25,"6:21:15","5:12:50"
339,5,9,"17:10:44","9:19:18"
340,1,83,"22:24:47","5:13:58"
340,2,5,"6:2:2","6:39:21"
340,3,67,"7:31:6","19:21:17"
340,4,79,"9:4:54","5:57:55"
340,5,77,"21:55:29","23:58:27"
341,1,81,"13:53:20","13:58:1"
341,2,95,"8:34:0","6:54:23"
341,3,82,"6:55:57","9:49:58"
341,4,35,"21:42:32","15:54:21"
341,5,27,"5:5:37","11:51:6"
342,1,59,"20:42:0","20:48:42"
342,2,20,"9:48:45","7:20:44"
342,3,21,"21:26:59","23:1:26"
342,4,24,"8:41:36","15:35:36"
342,5,45,"6:5:14","15:5:44"
343,1,33,"8:23:27","13:29:6"
343,2,14,"13:28:37","10:32:19"
343,3,63,"20:58:25","6:32:51"
343,4,46,"13:1:44","14:23:22"
343,5,9,"15:45:51","9:53:0"
344,1,45,"8:44:18","8:33:36"
344,2,44,"19:55:38","5:5:35"
344,3,73,"21:35:10","6:8:4"
344,4,42,"22:36:25","19:44:49"
344,5,45,"7:53:36","6:11:16"
345,1,83,"10:43:55","18:40:34"
345,2,8,"9:59:24","10:29:16"
345,3,75,"14:49:43","17:3:13"
345,4,30,"13:9:47","6:31:46"
345,5,26,"11:40:43","13:42:23"
346,1,15,"12:21:53","16:22:56"
346,2,16,"13:12:43","18:13:35"
346,3,24,"15:11:33","8:55:8"
346,4,81,"13:40:40","21:14:21"
346,5,72,"11:23:55","10:8:26"
347,1,23,"11:48:5","12:19:10"
347,2,49,"23:24:29","5:51:38"
347,3,84,"6:22:55","17:30:24"
347,4,2,"8:5:57","17:58:26"
347,5,85,"11:17:57","22:24:7"
348,1,95,"5:5:6","20:21:32"
348,2,61,"11:28:46","20:35:46"
348,3,49,"11:20:13","7:56:58"
348,4,9,"5:8:24","13:24:41"
348,5,24,"17:21:24","10:9:9"
349,1,55,"12:18:19","17:44:15"
349,2,90,"12:15:1","16:42:13"
349,3,88,"6:6:12","20:48:12"
349,4,77,"9:50:8","5:32:14"
349,5,67,"9:56:48","5:49:6"
350,1,3,"14:36:38","20:13:48"
350,2,19,"18:21:50","18:8:25"
350,3,29,"15:35:0","13:24:33"
350,4,36,"10:54:11","9:2:18"
350,5,12,"22:12:13","9:6:31"
351,1,46,"14:55:9","5:19:28"
351,2,47,"16:5:39","18:42:9"
351,3,100,"23:36:35","22:9:8"
351,4,56,"14:4:58","16:7:23"
351,5,80,"16:54:2","18:3:1"
352,1,54,"10:17:7","23:37:47"
352,2,25,"16:1:36","8:36:52"
352,3,83,"12:2:20","18:26:2"
352,4,80,"22:18:56","5:9:59"
352,5,57,"18:45:10","5:24:19"
353,1,35,"10:51:3","23:9:45"
353,2,98,"19:41:20","8:45:31"
353,3,64,"15:43:25","6:4:37"
353,4,39,"17:1:6","12:17:23"
353,5,37,"9:9:50","17:26:49"
354,1,73,"7:10:37","9:56:58"
354,2,43,"10:28:56","22:56:19"
354,3,99,"5:41:46","21:8:39"
354,4,56,"21:13:26","19:49:52"
354,5,45,"7:28:4","21:5:42"
355,1,73,"14:39:10","10:7:45"
355,2,49,"11:15:14","20:31:29"
355,3,64,"17:23:42","19:17:11"
355,4,20,"22:46:46","17:30:34"
355,5,33,"16:7:33","15:55:52"
356,1,89,"23:16:0","9:38:44"
356,2,30,"19:16:16","13:35:17"
356,3,77,"12:53:19","7:16:4"
356,4,32,"14:17:53","9:59:39"
356,5,89,"17:4:55","10:5:35"
357,1,30,"21:22:8","17:55:47"
357,2,49,"17:29:13","5:40:28"
357,3,7,"5:36:30","17:24:26"
357,4,10,"11:21:30","18:9:31"
357,5,93,"10:40:41","20:58:42"
358,1,38,"8:38:3","21:5:38"
358,2,60,"21:22:16","9:5:42"
358,3,100,"16:16:19","6:51:15"
358,4,16,"13:16:55","12:19:16"
358,5,12,"19:44:11","17:29:13"
359,1,41,"19:9:39","10:23:26"
359,2,87,"8:16:27","19:46:14"
359,3,82,"14:23:56","12:28:15"
359,4,26,"13:0:2","23:56:52"
359,5,58,"13:0:16","13:43:7"
360,1,40,"9:9:12","19:21:1"
360,2,15,"7:14:18","6:48:5"
360,3,51,"23:2:0","20:34:58"
360,4,4,"10:1:15","20:54:25"
360,5,46,"5:50:4","23:43:19"
361,1,50,"20:57:25","23:12:20"
361,2,33,"11:59:45","12:1:59"
361,3,47,"22:32:25","13:26:53"
361,4,65,"10:54:52","22:25:43"
361,5,5,"10:25:59","9:37:27"
362,1,7,"8:46:12","23:50:37"
362,2,32,"8:25:13","16:43:31"
362,3,33,"21:12:32","23:3:11"
362,4,20,"5:41:0","7:54:42"
362,5,22,"21:47:47","11:23:46"
363,1,56,"9:28:24","21:3:20"
363,2,42,"13:16:2","16:25:50"
363,3,92,"18:11:45","22:30:19"
363,4,90,"11:14:23","19:34:20"
363,5,93,"6:51:5","15:7:49"
364,1,19,"10:35:30","11:1:39"
364,2,62,"8:46:6","19:52:58"
364,3,52,"8:7:21","6:9:22"
364,4,83,"11:43:12","12:35:53"
364,5,4,"5:59:26","5:26:40"
365,1,81,"5:21:48","10:50:17"
365,2,1,"22:31:12","22:51:31"
365,3,41,"14:24:24","21:5:51"
365,4,66,"21:59:4","10:51:5"
365,5,29,"20:51:55","6:28:12"
366,1,16,"18:36:23","21:58:22"
366,2,13,"18:12:52","7:51:21"
366,3,57,"7:47:57","5:50:10"
366,4,17,"8:21:16","23:29:29"
366,5,6,"6:40:6","16:8:59"
367,1,73,"15:34:56","5:47:8"
367,2,52,"10:12:50","23:53:4"
367,3,65,"23:2:13","13:49:56"
367,4,1,"16:18:38","22:30:2"
367,5,78,"22:23:19","21:44:27"
368,1,84,"21:28:21","11:41:20"
368,2,3,"17:2:50","13:45:24"
368,3,98,"5:52:59","11:7:5"
368,4,72,"7:22:48","21:18:31"
368,5,17,"16:50:29","20:16:41"
369,1,51,"14:14:0","12:14:23"
369,2,58,"17:59:43","7:33:44"
369,3,99,"22:11:21","16:39:38"
369,4,63,"16:42:33","18:28:38"
369,5,8,"23:11:39","23:56:22"
370,1,50,"15:35:15","6:24:42"
370,2,89,"6:59:53","11:32:55"
370,3,62,"9:9:21","19:27:14"
370,4,1,"17:56:23","21:52:55"
370,5,68,"8:10:6","15:37:50"
371,1,66,"8:36:15","19:37:38"
371,2,65,"15:37:54","23:36:8"
371,3,44,"21:57:33","15:43:40"
371,4,2,"8:5:45","16:55:16"
371,5,41,"11:4:59","23:17:32"
372,1,69,"17:0:48","17:6:22"
372,2,15,"9:3:24","21:35:9"
372,3,92,"18:8:11","14:35:2"
372,4,21,"9:20:46","23:48:16"
372,5,95,"19:3:2","16:17:55"
373,1,50,"5:0:10","13:58:32"
373,2,89,"10:29:27","21:13:16"
373,3,34,"8:36:22","9:4:27"
373,4,66,"11:51:1","14:18:31"
373,5,26,"18:37:57","13:40:29"
374,1,21,"9:34:27","18:10:11"
374,2,53,"5:42:42","14:28:4"
374,3,57,"8:10:8","11:9:25"
374,4,29,"20:30:35","18:21:58"
374,5,50,"8:29:4","5:45:41"
375,1,80,"7:11:10","6:48:0"
375,2,87,"18:2:40","19:59:9"
375,3,41,"18:41:27","6:15:15"
375,4,84,"23:2:1","18:4:48"
375,5,100,"19:1:47","17:32:46"
376,1,11,"10:10:4","18:4:56"
376,2,76,"9:50:12","23:22:15"
376,3,56,"21:17:51","11:43:44"
376,4,79,"13:40:15","7:11:8"
376,5,73,"15:54:7","7:14:50"
377,1,51,"10:51:19","18:54:0"
377,2,76,"7:5:41","23:41:57"
377,3,22,"7:15:38","14:18:34"
377,4,79,"9:21:40","23:11:59"
377,5,13,"5:38:21","22:30:18"
378,1,80,"18:42:48","23:40:43"
378,2,89,"19:45:4","22:6:38"
378,3,47,"11:19:9","11:17:4"
378,4,66,"18:43:13","12:36:13"
378,5,4,"16:15:6","12:22:10"
379,1,66,"21:19:43","9:13:42"
379,2,45,"23:59:19","20:27:25"
379,3,63,"18:44:50","14:7:20"
379,4,92,"18:48:55","18:38:18"
379,5,63,"7:50:46","8:26:24"
380,1,67,"8:18:33","20:11:56"
380,2,56,"7:47:20","7:17:0"
380,3,34,"19:49:6","6:29:13"
380,4,80,"8:33:11","9:13:52"
380,5,90,"21:57:58","6:44:35"
381,1,13,"10:7:41","13:53:13"
381,2,1,"15:22:19","19:14:16"
381,3,84,"14:41:13","21:36:30"
381,4,77,"7:3:15","7:20:12"
381,5,79,"19:31:36","13:39:0"
382,1,47,"18:58:31","12:39:0"
382,2,62,"23:53:22","23:8:41"
382,3,33,"7:2:28","11:50:17"
382,4,21,"10:37:46","21:41:47"
382,5,38,"10:33:41","13:56:15"
383,1,46,"7:38:53","11:17:49"
383,2,74,"10:13:36","5:3:37"
383,3,13,"13:32:50","9:30:19"
383,4,30,"5:27:31","11:40:13"
383,5,78,"17:1:21","16:53:7"
384,1,47,"17:10:18","9:24:33"
384,2,4,"6:38:50","10:51:18"
384,3,60,"15:1:17","10:22:33"
384,4,65,"16:42:0","22:43:10"
384,5,78,"19:20:13","16:21:11"
385,1,97,"7:0:33","20:52:44"
385,2,65,"22:50:16","20:46:51"
385,3,1,"20:3:16","13:14:23"
385,4,85,"19:44:16","11:2:33"
385,5,36,"18:24:52","11:19:53"
386,1,82,"7:29:19","22:45:56"
386,2,58,"23:30:11","10:31:36"
386,3,25,"20:44:15","13:55:18"
386,4,85,"10:24:45","6:31:19"
386,5,16,"10:20:0","17:22:30"
387,1,22,"17:2:4","14:39:31"
387,2,68,"14:20:22","11:1:46"
387,3,40,"17:21:7","10:43:4"
387,4,28,"7:49:24","17:0:24"
387,5,23,"14:9:29","15:47:38"
388,1,2,"7:58:14","11:1:15"
388,2,96,"19:32:44","18:33:46"
388,3,75,"23:18:9","23:27:59"
388,4,71,"11:20:10","16:46:53"
388,5,49,"19:4:13","8:40:11"
389,1,46,"13:0:7","12:47:42"
389,2,81,"7:52:0","6:58:31"
389,3,6,"23:22:45","22:47:55"
389,4,32,"20:38:48","16:32:17"
389,5,1,"8:28:51","10:59:8"
390,1,44,"19:24:15","11:30:32"
390,2,35,"5:22:16","11:19:23"
390,3,88,"21:23:26","20:56:38"
390,4,94,"21:30:25","8:35:2"
390,5,8,"20:36:43","11:15:3"
391,1,68,"18:44:28","5:11:26"
391,2,97,"16:34:20","9:59:44"
391,3,76,"10:45:24","15:17:29"
391,4,3,"14:2:8","7:46:31"
391,5,36,"19:55:20","11:56:11"
392,1,46,"7:2:52","7:2:52"
392,2,82,"13:24:25","18:28:38"
392,3,15,"11:15:14","16:43:19"
392,4,90,"18:4:22","11:51:34"
392,5,93,"11:49:12","21:5:10"
393,1,63,"13:31:57","13:5:48"
393,2,12,"11:30:43","22:49:48"
393,3,87,"6:7:1","7:53:56"
393,4,81,"19:43:58","12:49:38"
393,5,62,"12:43:29","19:24:8"
394,1,86,"16:9:19","5:6:59"
394,2,28,"17:14:33","15:5:36"
394,3,41,"11:14:44","15:44:20"
394,4,2,"6:39:12","14:28:29"
394,5,4,"8:8:31","17:46:21"
395,1,11,"14:9:0","23:48:25"
395,2,73,"7:46:35","16:26:5"
395,3,37,"10:0:11","17:32:56"
395,4,48,"12:14:46","22:21:30"
395,5,40,"6:36:2","17:32:32"
396,1,88,"15:10:19","14:12:14"
396,2,76,"16:55:59","9:42:24"
396,3,1,"16:38:31","13:0:7"
396,4,5,"7:28:1","9:13:48"
396,5,3,"18:27:19","20:28:19"
397,1,13,"14:39:41","7:29:39"
397,2,95,"18:39:3","23:14:24"
397,3,94,"16:49:49","8:14:22"
397,4,60,"8:29:4","13:12:5"
397,5,40,"5:25:3","13:57:24"
398,1,71,"23:31:36","23:54:0"
398,2,1,"12:8:7","13:41:16"
398,3,67,"5:39:4","19:14:23"
398,4,48,"5:46:10","16:2:5"
398,5,65,"12:11:35","12:30:37"
399,1,84,"20:32:13","8:13:38"
399,2,18,"17:39:51","13:4:36"
399,3,78,"20:11:57","11:5:28"
399,4,56,"21:1:51","14:11:28"
399,5,23,"9:33:39","16:51:42"
400,1,54,"5:1:15","13:3:8"
400,2,21,"20:12:59","15:2:54"
400,3,79,"15:27:43","11:59:18"
400,4,43,"13:18:8","9:26:58"
400,5,56,"7:50:3","16:31:25"
401,1,81,"21:30:13","6:46:31"
401,2,13,"12:7:28","7:32:5"
401,3,89,"19:17:34","19:15:6"
401,4,89,"18:31:49","21:49:10"
401,5,72,"21:27:47","15:50:5"
402,1,6,"16:11:54","6:41:56"
402,2,80,"6:16:52","13:23:44"
402,3,38,"16:12:17","21:36:58"
402,4,31,"17:38:19","8:40:56"
402,5,55,"8:59:42","18:31:27"
403,1,82,"11:38:26","14:34:20"
403,2,57,"9:35:54","6:4:51"
403,3,33,"19:42:42","22:21:49"
403,4,6,"10:24:51","13:52:9"
403,5,63,"17:38:34","14:14:51"
404,1,94,"16:6:52","13:50:53"
404,2,16,"13:15:35","11:37:39"
404,3,69,"19:57:28","21:20:7"
404,4,37,"7:5:4","21:52:35"
404,5,18,"20:50:34","14:33:59"
405,1,6,"19:6:25","18:31:45"
405,2,46,"23:50:44","8:4:19"
405,3,87,"23:14:45","6:7:1"
405,4,21,"6:22:45","11:3:7"
405,5,67,"6:35:1","10:28:16"
406,1,39,"20:56:53","15:8:40"
406,2,60,"12:15:43","18:8:32"
406,3,86,"15:11:42","21:36:53"
406,4,16,"22:35:30","13:14:57"
406,5,43,"10:25:34","5:29:39"
407,1,44,"14:18:2","8:53:45"
407,2,64,"14:33:3","21:6:49"
407,3,49,"6:53:46","11:44:38"
407,4,70,"12:39:52","6:35:15"
407,5,72,"21:2:51","6:16:32"
408,1,39,"23:56:43","20:7:28"
408,2,89,"15:11:3","19:41:26"
408,3,92,"7:4:10","17:1:53"
408,4,29,"16:20:25","21:2:35"
408,5,77,"17:0:51","9:30:52"
409,1,46,"18:33:46","16:33:0"
409,2,9,"21:24:46","19:36:15"
409,3,10,"10:37:29","13:23:43"
409,4,96,"10:50:34","14:25:57"
409,5,43,"23:6:54","12:38:43"
410,1,34,"21:26:53","11:8:19"
410,2,83,"7:54:59","8:3:50"
410,3,20,"15:14:17","6:39:50"
410,4,33,"10:36:45","10:4:11"
410,5,71,"13:10:18","16:31:51"
411,1,70,"9:47:19","17:36:25"
411,2,5,"10:38:41","20:14:48"
411,3,50,"17:3:59","21:49:42"
411,4,100,"22:53:58","13:35:9"
411,5,16,"8:52:44","7:3:41"
412,1,47,"23:43:22","10:37:23"
412,2,73,"5:55:50","5:41:43"
412,3,65,"9:30:19","18:6:51"
412,4,100,"10:47:20","18:13:57"
412,5,46,"18:6:39","17:38:35"
413,1,10,"17:56:36","5:7:7"
413,2,50,"6:54:44","13:54:36"
413,3,82,"18:52:9","15:9:48"
413,4,52,"19:59:57","8:31:22"
413,5,26,"9:28:11","19:42:19"
414,1,71,"17:58:42","15:19:49"
414,2,100,"17:14:41","8:18:22"
414,3,22,"16:13:21","14:38:48"
414,4,84,"20:38:5","14:16:8"
414,5,63,"20:12:2","17:41:54"
415,1,5,"15:40:23","21:47:11"
415,2,23,"11:33:53","6:2:54"
415,3,79,"20:21:46","17:25:57"
415,4,85,"23:38:12","11:56:49"
415,5,75,"15:26:29","19:11:41"
416,1,16,"6:40:30","21:41:54"
416,2,2,"7:59:45","17:40:13"
416,3,18,"7:47:49","6:36:11"
416,4,95,"16:46:6","7:56:26"
416,5,57,"16:22:19","11:22:15"
417,1,25,"6:57:15","15:40:4"
417,2,100,"21:24:33","22:5:11"
417,3,36,"21:38:59","7:36:38"
417,4,22,"11:42:26","9:32:33"
417,5,100,"21:31:21","22:34:35"
418,1,30,"20:43:50","14:23:3"
418,2,55,"17:53:56","10:46:40"
418,3,52,"10:21:49","15:38:19"
418,4,2,"19:13:13","20:41:0"
418,5,72,"23:38:0","7:12:8"
419,1,46,"8:12:20","20:53:21"
419,2,18,"12:42:25","6:45:37"
419,3,4,"11:28:25","9:54:24"
419,4,57,"22:59:51","16:11:15"
419,5,30,"7:14:12","7:47:8"
420,1,26,"14:13:22","20:36:57"
420,2,54,"13:4:47","20:47:43"
420,3,59,"10:23:3","8:38:28"
420,4,19,"17:31:45","8:56:48"
420,5,16,"10:35:27","18:10:50"
421,1,48,"9:7:3","13:44:23"
421,2,100,"10:13:47","10:27:10"
421,3,23,"12:2:28","6:0:2"
421,4,31,"5:47:47","23:11:51"
421,5,57,"8:42:7","21:12:7"
422,1,32,"10:19:45","6:57:5"
422,2,67,"22:26:38","21:14:27"
422,3,64,"22:0:9","7:35:4"
422,4,88,"23:6:51","17:38:16"
422,5,23,"13:14:28","6:34:3"
423,1,96,"5:43:14","8:3:0"
423,2,95,"9:10:42","13:35:56"
423,3,59,"22:48:54","10:52:29"
423,4,85,"10:18:9","19:40:27"
423,5,87,"17:56:56","17:17:6"
424,1,18,"17:50:52","8:45:27"
424,2,60,"13:39:1","18:29:49"
424,3,29,"7:45:27","5:21:49"
424,4,70,"5:1:33","5:22:7"
424,5,75,"17:1:40","15:36:21"
425,1,7,"5:12:29","7:23:9"
425,2,23,"19:59:38","17:1:56"
425,3,55,"9:7:34","6:2:24"
425,4,16,"17:23:3","17:39:13"
425,5,75,"14:22:58","14:0:37"
426,1,96,"8:37:42","15:30:29"
426,2,27,"6:49:55","10:46:11"
426,3,59,"16:27:28","14:34:40"
426,4,80,"13:59:35","22:49:15"
426,5,31,"21:13:55","11:5:4"
427,1,70,"19:22:34","9:3:41"
427,2,66,"19:45:30","20:14:27"
427,3,48,"11:50:13","22:33:5"
427,4,50,"13:51:8","13:43:49"
427,5,54,"22:29:21","6:4:51"
428,1,52,"13:45:6","14:58:35"
428,2,82,"17:23:48","6:55:42"
428,3,58,"7:5:4","23:0:45"
428,4,97,"10:40:25","9:20:42"
428,5,26,"9:36:14","18:27:38"
429,1,87,"14:16:22","5:53:26"
429,2,94,"5:59:30","16:30:44"
429,3,21,"7:23:57","9:0:11"
429,4,90,"20:7:37","5:32:22"
429,5,89,"22:7:8","22:21:17"
430,1,57,"13:44:59","17:41:36"
430,2,29,"21:2:21","14:38:48"
430,3,47,"23:25:27","18:50:20"
430,4,34,"15:39:29","13:17:47"
430,5,46,"16:48:54","17:16:9"
431,1,53,"23:57:14","6:38:23"
431,2,96,"16:7:44","21:16:19"
431,3,33,"17:41:18","9:46:29"
431,4,87,"18:5:18","17:1:23"
431,5,91,"21:17:13","6:16:11"
432,1,83,"23:54:13","12:29:9"
432,2,61,"20:23:21","15:14:47"
432,3,26,"19:35:32","19:59:38"
432,4,6,"14:21:42","22:27:18"
432,5,99,"11:17:18","20:50:20"
433,1,51,"9:33:14","17:41:48"
433,2,37,"16:42:23","6:39:18"
433,3,28,"22:31:8","17:28:2"
433,4,4,"23:52:21","11:34:35"
433,5,99,"14:9:39","23:55:57"
434,1,10,"10:49:18","10:1:13"
434,2,50,"13:5:12","20:53:11"
434,3,5,"10:21:43","17:13:23"
434,4,44,"8:11:4","17:36:27"
434,5,40,"11:27:3","21:0:57"
435,1,66,"11:31:12","17:42:33"
435,2,5,"19:39:22","21:44:0"
435,3,79,"13:46:51","18:10:50"
435,4,56,"9:3:17","22:17:39"
435,5,100,"6:18:5","10:2:20"
436,1,72,"16:26:56","8:31:16"
436,2,17,"8:11:59","19:0:18"
436,3,3,"10:14:42","19:9:53"
436,4,12,"7:29:43","8:23:46"
436,5,74,"23:20:42","6:41:40"
437,1,47,"21:58:15","22:11:5"
437,2,19,"23:56:20","12:19:37"
437,3,69,"22:18:25","9:12:17"
437,4,80,"12:12:32","16:44:53"
437,5,92,"14:33:52","5:12:36"
438,1,64,"16:50:41","10:5:46"
438,2,7,"14:23:34","11:48:41"
438,3,28,"14:59:52","11:16:15"
438,4,48,"5:50:10","18:21:42"
438,5,79,"9:59:26","11:34:5"
439,1,15,"8:31:11","12:17:31"
439,2,56,"17:29:41","19:51:34"
439,3,50,"10:44:27","10:10:52"
439,4,38,"8:18:4","8:18:8"
439,5,80,"19:7:18","5:57:2"
440,1,1,"14:25:38","23:57:26"
440,2,51,"13:25:50","18:16:35"
440,3,71,"8:37:46","9:21:8"
440,4,82,"11:25:50","6:51:33"
440,5,21,"19:43:26","18:33:16"
441,1,13,"21:36:20","8:20:28"
441,2,51,"11:29:1","19:59:24"
441,3,91,"16:51:20","15:31:41"
441,4,14,"20:31:31","21:39:53"
441,5,7,"22:54:46","8:36:55"
442,1,8,"23:49:16","7:57:29"
442,2,29,"19:14:57","11:55:22"
442,3,27,"5:51:10","20:45:37"
442,4,39,"21:0:9","8:33:40"
442,5,64,"20:41:59","18:20:34"
443,1,90,"5:38:51","19:25:48"
443,2,100,"6:38:17","5:52:42"
443,3,48,"14:37:2","16:49:20"
443,4,68,"22:41:11","22:33:21"
443,5,31,"11:45:59","9:0:8"
444,1,20,"22:50:8","19:22:14"
444,2,82,"22:13:50","17:40:57"
444,3,92,"21:44:0","17:25:41"
444,4,63,"18:44:40","22:33:8"
444,5,53,"13:9:52","23:59:35"
445,1,19,"11:6:23","7:34:30"
445,2,95,"19:31:28","15:39:35"
445,3,38,"20:40:52","12:38:11"
445,4,95,"5:42:57","17:42:34"
445,5,7,"5:20:36","16:26:8"
446,1,17,"12:55:24","21:6:39"
446,2,31,"14:57:18","15:10:59"
446,3,60,"10:32:27","8:50:39"
446,4,15,"14:24:18","17:34:27"
446,5,34,"10:42:57","23:35:41"
447,1,61,"12:39:24","21:28:11"
447,2,44,"21:26:22","12:54:33"
447,3,55,"7:3:27","16:58:4"
447,4,5,"8:9:18","16:27:50"
447,5,7,"9:33:10","9:2:43"
448,1,6,"15:37:58","5:29:9"
448,2,71,"8:40:58","23:38:28"
448,3,68,"21:54:23","8:53:23"
448,4,8,"7:7:14","20:33:19"
448,5,51,"10:22:29","18:32:41"
449,1,69,"7:6:1","18:59:19"
449,2,60,"8:7:6","10:18:50"
449,3,59,"23:29:42","11:43:9"
449,4,54,"11:42:21","14:31:21"
449,5,74,"22:54:9","15:31:40"
450,1,71,"5:13:34","14:11:10"
450,2,93,"9:46:33","12:37:53"
450,3,90,"19:38:1","17:48:27"
450,4,17,"12:7:36","22:40:8"
450,5,94,"18:15:12","17:43:1"
451,1,37,"7:59:1","19:9:16"
451,2,74,"6:23:38","11:56:46"
451,3,31,"21:6:31","6:4:18"
451,4,93,"15:20:37","21:42:40"
451,5,87,"9:55:40","8:30:55"
452,1,6,"17:16:3","8:28:6"
452,2,93,"16:11:51","5:1:28"
452,3,14,"20:31:37","21:15:46"
452,4,23,"10:10:29","20:44:52"
452,5,39,"7:27:48","8:29:44"
453,1,21,"6:13:53","20:46:26"
453,2,68,"12:59:54","16:45:6"
453,3,41,"18:9:10","18:37:32"
453,4,12,"13:24:29","19:3:55"
453,5,97,"11:3:30","12:35:50"
454,1,35,"11:11:25","18:35:39"
454,2,16,"6:1:48","23:28:56"
454,3,51,"18:46:50","22:58:54"
454,4,7,"12:31:51","5:9:55"
454,5,4,"21:1:37","16:43:44"
455,1,4,"18:44:47","14:9:16"
455,2,39,"6:55:14","10:4:1"
455,3,58,"17:8:35","5:41:7"
455,4,17,"9:50:58","14:56:20"
455,5,15,"14:12:52","13:57:52"
456,1,3,"9:3:24","6:8:38"
456,2,26,"8:22:38","18:4:12"
456,3,2,"23:7:40","17:38:13"
456,4,30,"18:22:16","18:3:47"
456,5,57,"22:27:26","8:24:17"
457,1,46,"5:17:3","20:57:54"
457,2,86,"15:16:1","19:36:10"
457,3,71,"16:27:2","17:2:17"
457,4,44,"8:6:38","11:13:31"
457,5,71,"11:9:12","9:49:57"
458,1,8,"9:5:11","7:17:23"
458,2,72,"15:13:58","18:38:17"
458,3,50,"6:10:19","8:50:27"
458,4,44,"8:3:5","23:20:35"
458,5,91,"15:9:41","8:50:32"
459,1,91,"21:57:54","17:39:32"
459,2,43,"20:28:42","13:33:55"
459,3,96,"12:57:54","21:52:53"
459,4,12,"22:46:49","22:17:7"
459,5,82,"15:3:4","17:30:58"
460,1,83,"12:10:48","18:17:7"
460,2,73,"21:40:45","20:11:14"
460,3,12,"14:51:26","6:21:51"
460,4,35,"15:45:39","12:11:31"
460,5,80,"19:26:48","7:8:20"
461,1,98,"5:10:36","17:2:8"
461,2,43,"17:1:18","17:40:9"
461,3,57,"8:45:29","19:46:43"
461,4,91,"23:47:44","23:38:21"
461,5,31,"18:47:30","11:41:30"
462,1,27,"13:7:10","19:5:25"
462,2,26,"7:39:9","23:7:53"
462,3,67,"21:46:30","16:19:48"
462,4,25,"11:41:18","14:18:46"
462,5,17,"6:5:34","23:30:32"
463,1,53,"14:13:45","22:2:10"
463,2,51,"10:42:27","19:57:57"
463,3,88,"16:54:19","12:11:9"
463,4,78,"16:48:24","12:4:13"
463,5,61,"18:19:8","11:33:36"
464,1,6,"12:20:11","6:43:12"
464,2,25,"17:0:43","10:2:14"
464,3,15,"5:59:6","21:44:47"
464,4,49,"13:27:56","20:17:16"
464,5,41,"15:52:55","9:9:28"
465,1,85,"6:51:55","13:6:43"
465,2,91,"22:23:43","21:20:12"
465,3,47,"7:18:16","14:10:59"
465,4,18,"21:37:19","8:45:27"
465,5,58,"21:26:6","15:43:4"
466,1,42,"22:38:59","20:53:25"
466,2,94,"21:19:10","11:43:8"
466,3,27,"9:12:28","12:40:8"
466,4,62,"14:16:58","5:3:31"
466,5,39,"17:46:4","15:19:29"
467,1,17,"8:29:24","7:14:31"
467,2,81,"16:6:46","7:5:54"
467,3,40,"16:57:45","12:32:54"
467,4,8,"7:28:33","16:13:49"
467,5,32,"7:9:57","23:3:33"
468,1,100,"13:53:38","11:45:14"
468,2,7,"21:29:50","20:21:24"
468,3,50,"14:12:49","5:38:48"
468,4,13,"22:40:28","5:21:16"
468,5,95,"20:30:34","18:13:19"
469,1,3,"23:44:37","23:24:3"
469,2,89,"21:31:34","5:43:59"
469,3,62,"14:35:48","6:52:44"
469,4,59,"21:47:15","16:52:40"
469,5,80,"7:18:1","21:14:40"
470,1,45,"14:31:43","21:55:57"
470,2,36,"18:20:59","23:31:7"
470,3,39,"16:50:56","23:5:8"
470,4,73,"7:17:42","22:39:25"
470,5,13,"22:30:54","10:36:49"
471,1,65,"15:23:13","7:58:13"
471,2,47,"13:32:52","23:31:33"
471,3,65,"23:44:12","21:48:34"
471,4,66,"19:37:32","12:12:50"
471,5,50,"11:4:55","13:51:3"
472,1,90,"13:22:0","18:11:47"
472,2,71,"5:20:13","6:11:31"
472,3,64,"12:30:14","7:37:43"
472,4,34,"18:20:46","12:18:13"
472,5,87,"7:54:51","5:27:2"
473,1,16,"5:30:15","7:44:38"
473,2,27,"5:4:27","12:49:38"
473,3,58,"23:8:0","14:21:37"
473,4,22,"7:7:29","23:25:14"
473,5,56,"17:59:48","22:2:0"
474,1,95,"7:42:59","14:41:1"
474,2,25,"6:28:19","13:5:51"
474,3,6,"13:35:53","21:54:10"
474,4,4,"12:2:13","19:52:15"
474,5,26,"6:34:19","17:38:38"
475,1,12,"14:11:40","12:53:4"
475,2,29,"10:42:17","15:46:46"
475,3,52,"8:36:2","12:59:57"
475,4,5,"14:17:59","9:10:7"
475,5,60,"7:19:14","12:55:59"
476,1,20,"16:48:25","12:15:3"
476,2,67,"14:5:54","20:49:3"
476,3,34,"7:58:23","12:44:43"
476,4,55,"14:31:33","6:8:14"
476,5,7,"14:19:19","19:32:4"
477,1,60,"15:45:7","17:31:32"
477,2,77,"13:46:22","13:51:31"
477,3,43,"7:13:14","18:31:4"
477,4,17,"13:20:4","20:23:45"
477,5,68,"12:42:51","16:59:15"
478,1,79,"11:49:59","19:38:20"
478,2,32,"5:43:1","8:35:22"
478,3,89,"16:44:3","14:19:11"
478,4,79,"14:53:36","17:57:35"
478,5,18,"14:31:46","11:30:35"
479,1,24,"18:28:58","22:52:1"
479,2,86,"12:15:23","15:4:28"
479,3,43,"19:9:46","6:47:8"
479,4,35,"20:12:54","15:59:46"
479,5,18,"19:1:1","17:45:0"
480,1,75,"15:38:2","15:49:59"
480,2,27,"19:57:18","5:8:30"
480,3,47,"5:49:23","19:13:17"
480,4,21,"10:48:9","9:58:24"
480,5,48,"16:27:0","20:35:58"
481,1,68,"17:27:35","19:39:53"
481,2,47,"6:14:51","20:24:2"
481,3,89,"10:43:58","11:32:23"
481,4,96,"13:45:19","8:47:38"
481,5,23,"7:42:44","12:27:18"
482,1,15,"8:50:14","17:58:21"
482,2,50,"19:32:41","15:21:54"
482,3,61,"21:13:11","10:25:19"
482,4,73,"14:33:2","6:22:51"
482,5,66,"18:42:21","21:53:17"
483,1,53,"7:40:17","17:23:13"
483,2,22,"9:37:52","16:12:20"
483,3,18,"19:3:27","12:54:26"
483,4,49,"6:5:6","18:6:17"
483,5,48,"6:40:28","15:46:27"
484,1,77,"19:15:41","13:33:25"
484,2,83,"8:27:9","18:16:15"
484,3,77,"21:57:46","21:52:28"
484,4,18,"14:35:22","16:55:2"
484,5,67,"23:23:52","19:28:18"
485,1,92,"18:49:43","6:28:51"
485,2,64,"10:53:41","9:6:51"
485,3,27,"18:34:35","18:38:28"
485,4,43,"15:1:7","9:13:52"
485,5,7,"17:11:34","7:47:24"
486,1,3,"21:29:19","8:9:7"
486,2,23,"17:17:35","23:32:25"
486,3,16,"18:36:47","20:46:29"
486,4,10,"21:54:33","18:2:48"
486,5,82,"20:47:0","21:48:27"
487,1,63,"13:11:19","8:18:51"
487,2,68,"16:23:3","22:18:27"
487,3,81,"9:7:15","19:45:10"
487,4,29,"13:42:11","18:49:14"
487,5,87,"22:39:58","12:52:45"
488,1,3,"16:35:29","22:34:30"
488,2,56,"13:31:56","7:35:47"
488,3,40,"19:47:40","18:58:35"
488,4,29,"7:45:44","19:47:46"
488,5,84,"11:51:0","7:18:9"
489,1,40,"15:43:58","5:2:57"
489,2,89,"16:40:9","19:30:49"
489,3,39,"17:21:8","11:46:46"
489,4,34,"11:18:48","6:30:40"
489,5,69,"7:35:55","15:58:15"
490,1,100,"9:37:14","6:13:11"
490,2,49,"10:38:7","20:29:18"
490,3,71,"9:59:27","7:16:0"
490,4,96,"9:41:28","5:6:13"
490,5,36,"16:17:14","12:2:52"
491,1,13,"16:25:22","14:7:3"
491,2,23,"22:39:34","12:44:15"
491,3,18,"7:46:58","13:13:48"
491,4,82,"13:21:46","20:41:36"
491,5,56,"14:6:38","21:47:20"
492,1,83,"15:24:9","17:2:31"
492,2,68,"20:47:48","13:40:37"
492,3,16,"12:49:18","5:2:33"
492,4,56,"18:8:37","22:43:49"
492,5,90,"10:34:20","5:37:31"
493,1,56,"7:59:37","11:33:5"
493,2,21,"7:10:26","10:35:3"
493,3,89,"15:52:24","18:25:42"
493,4,82,"10:40:32","18:53:50"
493,5,73,"14:40:32","7:46:51"
494,1,5,"6:24:10","12:17:48"
494,2,38,"7:41:13","17:59:33"
494,3,1,"7:28:16","18:43:54"
494,4,27,"19:54:30","6:23:58"
494,5,36,"20:26:25","20:1:46"
495,1,85,"15:17:54","20:33:47"
495,2,68,"6:8:46","7:46:36"
495,3,41,"7:45:33","10:24:22"
495,4,69,"18:55:2","11:26:22"
495,5,60,"5:55:48","6:30:34"
496,1,23,"18:6:51","16:54:56"
496,2,31,"19:20:2","14:44:32"
496,3,70,"15:15:41","14:41:26"
496,4,66,"17:35:14","15:40:48"
496,5,12,"15:57:26","9:19:33"
497,1,42,"20:46:34","16:41:48"
497,2,51,"17:30:6","19:55:6"
497,3,86,"23:13:35","17:42:0"
497,4,78,"7:10:15","8:23:9"
497,5,73,"22:25:46","20:51:13"
498,1,68,"22:13:4","9:44:10"
498,2,53,"13:11:24","12:7:26"
498,3,33,"10:3:15","19:35:51"
498,4,96,"14:45:24","22:20:26"
498,5,66,"19:0:26","15:58:37"
499,1,16,"13:2:27","6:39:5"
499,2,20,"17:41:53","19:15:45"
499,3,48,"10:15:47","5:15:19"
499,4,30,"7:50:51","18:38:6"
499,5,81,"21:28:5","17:7:8"
500,1,10,"6:35:36","9:58:50"
500,2,2,"6:43:51","16:20:2"
500,3,81,"12:4:53","17:43:5"
500,4,61,"11:49:17","16:9:29"
500,5,53,"18:33:11","16:37:14"
501,1,21,"15:46:20","11:56:23"
501,2,73,"15:28:21","17:42:34"
501,3,88,"10:23:59","18:30:45"
501,4,12,"20:15:12","8:30:10"
501,5,44,"13:19:36","7:21:50"
502,1,62,"17:50:20","6:10:29"
502,2,39,"15:8:25","23:46:42"
502,3,25,"18:32:50","20:43:8"
502,4,78,"13:21:20","19:12:14"
502,5,4,"6:26:52","13:5:45"
503,1,28,"6:26:58","19:12:28"
503,2,64,"6:56:36","7:16:35"
503,3,44,"16:11:12","17:52:4"
503,4,36,"17:3:34","16:53:29"
503,5,9,"9:47:0","5:2:44"
504,1,86,"21:16:30","19:23:34"
504,2,90,"17:34:42","16:4:1"
504,3,32,"20:16:37","18:20:51"
504,4,32,"5:40:0","11:13:22"
504,5,37,"23:35:58","8:24:55"
505,1,18,"15:18:48","16:19:10"
505,2,3,"10:12:59","8:47:6"
505,3,7,"6:50:2","20:45:58"
505,4,85,"14:42:11","9:27:29"
505,5,11,"23:40:47","20:40:30"
506,1,58,"22:26:38","8:10:25"
506,2,18,"6:28:28","6:24:28"
506,3,68,"23:37:40","10:22:57"
506,4,6,"13:54:3","17:35:58"
506,5,22,"6:49:41","5:51:45"
507,1,6,"14:8:38","21:53:20"
507,2,27,"19:19:5","22:31:56"
507,3,19,"11:58:46","21:53:22"
507,4,91,"17:2:36","13:28:59"
507,5,79,"16:16:35","13:19:26"
508,1,4,"12:28:22","11:30:18"
508,2,74,"9:10:39","9:40:44"
508,3,32,"6:59:19","18:9:21"
508,4,30,"22:12:0","6:58:32"
508,5,36,"17:31:2","14:11:7"
509,1,91,"13:35:38","19:13:22"
509,2,99,"5:35:17","16:39:11"
509,3,36,"23:14:32","22:30:27"
509,4,93,"15:35:22","11:18:5"
509,5,38,"21:58:7","22:24:44"
510,1,4,"21:37:33","21:45:6"
510,2,13,"12:46:12","7:30:54"
510,3,26,"9:39:31","14:28:24"
510,4,21,"15:13:15","9:27:59"
510,5,14,"23:3:38","8:21:54"
511,1,89,"11:21:57","11:59:42"
511,2,63,"21:2:47","6:55:13"
511,3,13,"19:9:20","15:12:30"
511,4,48,"16:45:39","21:19:31"
511,5,27,"17:51:33","17:45:48"
512,1,19,"11:12:58","16:14:46"
512,2,98,"19:38:29","17:39:25"
512,3,97,"17:30:53","19:41:15"
512,4,47,"7:29:20","22:54:5"
512,5,62,"18:13:23","13:40:46"
513,1,47,"11:47:30","19:29:12"
513,2,4,"9:27:23","18:26:53"
513,3,40,"8:23:22","12:14:51"
513,4,47,"20:4:34","12:52:28"
513,5,88,"9:38:0","20:22:36"
514,1,99,"22:2:25","21:39:15"
514,2,91,"18:41:30","9:30:20"
514,3,5,"22:12:22","21:1:25"
514,4,40,"12:42:50","20:23:25"
514,5,7,"10:33:22","20:1:19"
515,1,99,"18:32:48","6:7:17"
515,2,100,"11:26:20","6:45:39"
515,3,68,"8:33:29","5:23:29"
515,4,4,"20:50:0","19:18:1"
515,5,15,"6:40:41","10:49:53"
516,1,76,"18:17:28","18:40:39"
516,2,69,"16:32:52","9:22:16"
516,3,73,"11:17:49","6:33:47"
516,4,80,"17:42:0","18:34:7"
516,5,18,"7:42:41","20:10:14"
517,1,75,"14:59:44","10:43:1"
517,2,43,"18:40:14","5:14:28"
517,3,11,"8:37:34","15:38:6"
517,4,43,"16:31:27","5:56:26"
517,5,7,"17:38:48","7:38:4"
518,1,87,"23:24:13","22:25:10"
518,2,42,"18:7:1","11:51:1"
518,3,89,"18:46:3","7:21:24"
518,4,46,"12:49:10","5:42:59"
518,5,32,"12:0:18","13:35:24"
519,1,43,"10:10:24","15:27:48"
519,2,16,"7:3:4","8:23:53"
519,3,57,"13:25:57","16:52:52"
519,4,63,"14:6:15","10:41:19"
519,5,22,"20:42:20","9:2:7"
520,1,50,"20:30:6","6:6:43"
520,2,28,"22:51:13","14:35:45"
520,3,100,"21:31:37","20:55:4"
520,4,18,"15:58:58","22:48:49"
520,5,65,"20:14:26","21:55:28"
521,1,15,"15:34:17","18:57:37"
521,2,35,"12:30:16","5:3:19"
521,3,30,"23:37:13","12:57:0"
521,4,92,"17:16:24","9:52:7"
521,5,14,"10:7:16","8:28:11"
522,1,90,"14:16:38","14:39:31"
522,2,32,"8:15:13","23:25:48"
522,3,62,"8:25:9","13:47:33"
522,4,6,"19:37:20","9:26:6"
522,5,10,"10:26:44","21:22:37"
523,1,99,"12:21:9","7:42:42"
523,2,54,"22:16:31","16:13:56"
523,3,87,"20:1:43","12:27:17"
523,4,21,"6:50:56","13:36:56"
523,5,51,"7:55:4","8:59:41"
524,1,72,"17:14:4","21:12:59"
524,2,55,"10:51:52","16:41:8"
524,3,5,"21:27:25","11:39:50"
524,4,29,"18:4:6","7:28:46"
524,5,75,"5:49:9","9:52:8"
525,1,83,"20:22:27","5:52:35"
525,2,15,"20:12:22","21:32:55"
525,3,17,"19:47:4","5:39:21"
525,4,25,"14:33:37","12:29:8"
525,5,62,"7:16:10","17:1:53"
526,1,60,"21:0:49","16:4:45"
526,2,84,"18:51:41","9:53:37"
526,3,2,"17:57:23","12:54:52"
526,4,13,"11:53:37","10:24:37"
526,5,48,"14:20:40","12:9:8"
527,1,25,"6:14:10","17:17:5"
527,2,45,"17:55:14","15:9:43"
527,3,6,"18:22:17","17:52:1"
527,4,60,"9:32:50","23:25:15"
527,5,60,"11:12:25","17:59:23"
528,1,63,"21:11:22","8:45:59"
528,2,80,"13:46:32","13:20:47"
528,3,36,"17:48:34","15:32:26"
528,4,8,"5:15:16","13:36:37"
528,5,1,"16:5:21","18:51:21"
529,1,46,"11:48:4","21:33:59"
529,2,10,"8:50:9","13:37:33"
529,3,82,"6:53:55","7:38:35"
529,4,79,"18:3:53","12:10:16"
529,5,53,"19:30:37","8:44:43"
530,1,36,"19:0:16","16:31:54"
530,2,36,"9:56:45","13:5:42"
530,3,27,"18:32:51","22:34:46"
530,4,73,"18:32:44","8:40:57"
530,5,29,"19:24:17","15:21:27"
531,1,68,"11:9:51","23:23:59"
531,2,8,"13:9:19","22:2:46"
531,3,6,"13:50:33","17:27:14"
531,4,98,"11:11:33","15:21:54"
531,5,77,"13:25:11","15:16:56"
532,1,62,"17:51:23","8:9:40"
532,2,33,"14:55:49","23:2:28"
532,3,55,"7:39:51","11:11:59"
532,4,79,"17:43:3","12:10:47"
532,5,38,"9:47:20","9:37:8"
533,1,64,"18:52:0","22:29:4"
533,2,5,"19:17:19","11:35:38"
533,3,6,"8:28:19","5:43:31"
533,4,56,"22:19:35","5:3:42"
533,5,59,"18:30:18","19:35:57"
534,1,3,"6:16:7","17:17:43"
534,2,2,"19:30:36","19:17:55"
534,3,1,"21:30:2","9:48:16"
534,4,81,"18:55:56","6:41:27"
534,5,95,"19:21:52","5:52:15"
535,1,11,"20:8:44","16:40:52"
535,2,38,"18:52:14","15:42:1"
535,3,64,"19:28:38","5:22:25"
535,4,18,"6:50:0","12:8:42"
535,5,55,"20:23:17","21:14:37"
536,1,12,"20:37:27","18:8:56"
536,2,9,"17:9:4","20:36:37"
536,3,89,"14:8:6","12:8:3"
536,4,8,"7:34:16","10:34:57"
536,5,16,"18:23:4","5:45:2"
537,1,59,"17:40:23","11:54:54"
537,2,13,"22:2:41","23:51:49"
537,3,3,"7:37:57","11:7:23"
537,4,82,"21:6:17","21:51:8"
537,5,68,"9:5:33","22:58:1"
538,1,88,"19:46:6","20:13:28"
538,2,5,"22:10:48","19:51:39"
538,3,57,"18:29:5","19:30:51"
538,4,50,"6:37:23","23:23:40"
538,5,29,"19:10:45","6:18:12"
539,1,97,"7:46:33","22:34:36"
539,2,96,"7:40:30","22:2:34"
539,3,12,"8:26:21","18:10:23"
539,4,65,"19:57:15","14:44:59"
539,5,18,"18:1:14","16:21:4"
540,1,24,"16:20:0","9:0:32"
540,2,78,"15:29:25","11:3:3"
540,3,93,"13:43:13","13:42:29"
540,4,3,"9:18:21","20:18:27"
540,5,30,"9:44:27","8:35:49"
541,1,29,"15:33:27","22:19:50"
541,2,67,"11:59:35","19:8:6"
541,3,91,"7:51:6","10:53:34"
541,4,39,"20:1:41","13:4:36"
541,5,99,"9:54:1","23:51:31"
542,1,48,"11:12:45","8:35:34"
542,2,48,"13:59:12","10:43:35"
542,3,54,"8:16:20","8:48:12"
542,4,10,"16:56:21","17:16:33"
542,5,100,"10:37:28","11:13:20"
543,1,54,"9:33:39","18:52:47"
543,2,69,"6:42:14","10:41:24"
543,3,82,"22:56:35","19:7:21"
543,4,41,"5:59:31","20:43:14"
543,5,4,"21:34:53","8:24:20"
544,1,5,"13:12:50","8:41:52"
544,2,34,"19:9:34","11:29:30"
544,3,67,"21:3:5","7:0:24"
544,4,63,"15:15:37","20:25:36"
544,5,14,"8:29:58","17:18:27"
545,1,33,"13:42:7","15:1:53"
545,2,37,"21:14:43","5:17:50"
545,3,45,"15:22:36","19:2:34"
545,4,80,"20:39:18","10:34:40"
545,5,77,"7:30:14","6:41:27"
546,1,100,"12:28:6","7:13:39"
546,2,49,"22:13:27","7:29:33"
546,3,68,"7:56:54","14:12:16"
546,4,7,"16:9:26","17:8:59"
546,5,65,"19:1:1","10:33:21"
547,1,75,"21:17:5","20:37:57"
547,2,49,"19:28:20","15:3:11"
547,3,18,"17:15:4","14:5:38"
547,4,21,"16:30:30","19:59:53"
547,5,73,"17:43:47","22:37:32"
548,1,12,"6:26:18","21:21:54"
548,2,27,"15:30:22","13:38:35"
548,3,46,"10:43:12","16:12:17"
548,4,100,"22:15:55","12:45:52"
548,5,15,"5:34:58","20:30:5"
549,1,65,"17:55:1","13:20:56"
549,2,55,"11:9:6","20:3:12"
549,3,60,"15:17:7","18:50:2"
549,4,24,"7:5:22","22:56:24"
549,5,33,"17:36:3","19:28:26"
550,1,95,"16:12:19","11:54:16"
550,2,15,"13:19:19","18:29:58"
550,3,47,"9:15:18","22:21:42"
550,4,56,"20:11:50","12:52:1"
550,5,76,"23:16:56","16:50:5"
551,1,12,"18:45:10","17:13:19"
551,2,47,"11:12:50","16:51:29"
551,3,21,"12:29:3","13:41:41"
551,4,17,"20:55:51","11:45:38"
551,5,100,"13:44:25","13:27:12"
552,1,68,"22:56:31","16:59:40"
552,2,36,"11:26:25","20:10:20"
552,3,69,"15:11:53","11:41:16"
552,4,91,"21:36:46","11:36:47"
552,5,28,"7:46:32","7:23:54"
553,1,63,"18:49:1","12:45:26"
553,2,33,"16:39:6","10:32:15"
553,3,26,"6:42:6","12:10:3"
553,4,6,"13:9:26","13:8:53"
553,5,45,"19:15:54","18:50:24"
554,1,27,"11:18:8","14:43:21"
554,2,100,"5:2:53","13:7:31"
554,3,85,"11:16:9","22:0:14"
554,4,31,"18:24:6","12:20:59"
554,5,19,"15:58:43","13:7:24"
555,1,85,"16:38:54","9:50:33"
555,2,34,"6:58:57","21:56:32"
555,3,89,"17:58:13","22:26:56"
555,4,35,"23:46:43","20:18:26"
555,5,58,"13:14:33","5:48:48"
556,1,28,"12:0:37","21:57:20"
556,2,3,"23:48:35","13:8:51"
556,3,51,"5:2:2","9:47:27"
556,4,26,"15:11:3","10:9:34"
556,5,53,"22:40:4","8:45:1"
557,1,44,"20:3:6","11:16:55"
557,2,15,"13:4:59","19:35:52"
557,3,39,"23:53:6","17:28:40"
557,4,9,"22:32:6","5:21:59"
557,5,42,"23:45:14","16:5:12"
558,1,13,"9:29:15","17:0:5"
558,2,70,"19:3:17","12:26:34"
558,3,89,"14:49:58","11:5:39"
558,4,86,"5:37:50","20:19:44"
558,5,54,"17:53:28","12:21:11"
559,1,13,"7:9:1","19:8:36"
559,2,28,"10:24:46","22:18:23"
559,3,34,"17:19:57","10:50:38"
559,4,85,"11:19:49","23:36:1"
559,5,4,"16:57:18","14:16:42"
560,1,81,"10:34:4","16:18:2"
560,2,51,"23:57:0","7:51:33"
560,3,59,"14:43:53","20:0:6"
560,4,98,"8:2:30","18:30:5"
560,5,38,"17:45:42","19:12:40"
561,1,76,"9:16:40","8:46:6"
561,2,36,"22:49:48","17:26:36"
561,3,56,"13:45:38","21:50:29"
561,4,79,"13:21:1","23:56:24"
561,5,11,"12:45:19","16:32:40"
562,1,68,"6:20:12","13:43:35"
562,2,30,"18:42:38","22:10:13"
562,3,88,"23:40:23","12:50:51"
562,4,34,"13:50:19","10:42:25"
562,5,27,"14:40:9","23:34:36"
563,1,9,"16:15:15","11:27:59"
563,2,14,"17:25:28","5:20:48"
563,3,58,"23:16:48","5:31:56"
563,4,90,"21:2:45","21:57:33"
563,5,25,"21:54:3","13:46:29"
564,1,9,"18:47:43","12:1:14"
564,2,83,"13:54:46","20:27:37"
564,3,55,"12:48:1","11:25:46"
564,4,7,"19:7:14","22:20:8"
564,5,65,"7:40:3","23:24:31"
565,1,17,"23:5:7","17:25:47"
565,2,6,"13:20:7","22:15:44"
565,3,14,"11:10:48","19:11:27"
565,4,19,"18:22:34","16:57:37"
565,5,68,"16:34:12","7:20:39"
566,1,16,"12:7:16","21:1:9"
566,2,37,"6:18:4","16:57:53"
566,3,40,"14:55:59","5:56:47"
566,4,11,"17:42:2","17:48:45"
566,5,64,"12:46:34","6:32:35"
567,1,95,"7:31:26","18:15:56"
567,2,50,"21:22:15","22:45:13"
567,3,78,"10:56:17","8:2:44"
567,4,87,"12:8:17","20:44:18"
567,5,91,"21:32:45","14:4:1"
568,1,58,"23:20:43","23:57:6"
568,2,68,"5:44:24","23:11:54"
568,3,31,"7:26:20","7:46:2"
568,4,26,"21:40:47","5:16:20"
568,5,87,"20:57:56","20:38:47"
569,1,41,"22:48:56","22:32:59"
569,2,69,"14:10:6","18:44:49"
569,3,15,"13:52:42","5:5:19"
569,4,46,"21:52:43","19:29:49"
569,5,36,"18:44:44","22:31:44"
570,1,80,"8:20:53","10:52:18"
570,2,91,"8:57:29","23:59:15"
570,3,50,"7:17:9","7:5:59"
570,4,39,"9:24:34","22:42:42"
570,5,78,"9:57:24","12:53:25"
571,1,90,"11:37:42","13:59:10"
571,2,24,"19:40:20","9:13:6"
571,3,10,"15:42:36","20:43:32"
571,4,47,"10:15:34","5:29:6"
571,5,55,"20:40:47","20:7:58"
572,1,87,"20:47:21","18:25:37"
572,2,43,"16:58:17","16:13:35"
572,3,67,"15:55:34","14:50:5"
572,4,77,"22:49:40","8:4:59"
572,5,63,"15:51:47","12:43:32"
573,1,97,"18:1:40","20:13:56"
573,2,85,"21:0:11","17:41:53"
573,3,40,"12:18:32","8:37:55"
573,4,19,"12:45:51","17:6:37"
573,5,23,"14:52:24","12:34:58"
574,1,15,"18:46:52","10:34:49"
574,2,56,"21:18:13","21:13:58"
574,3,90,"16:36:24","7:49:39"
574,4,95,"7:59:56","10:8:0"
574,5,73,"15:8:7","12:35:49"
575,1,63,"15:44:29","23:43:44"
575,2,82,"7:47:28","16:41:1"
575,3,42,"14:47:57","12:54:45"
575,4,78,"18:32:14","16:4:17"
575,5,39,"16:52:9","16:8:56"
576,1,51,"15:26:12","22:55:28"
576,2,15,"22:32:18","10:42:48"
576,3,45,"13:49:10","16:14:18"
576,4,40,"15:56:45","13:35:23"
576,5,100,"23:54:47","12:48:44"
577,1,64,"14:29:29","11:20:6"
577,2,100,"12:36:42","14:42:51"
577,3,25,"21:36:6","17:22:33"
577,4,28,"22:3:18","18:49:2"
577,5,90,"15:28:41","12:43:40"
578,1,91,"17:27:21","20:55:6"
578,2,9,"14:17:3","15:47:45"
578,3,74,"11:26:37","19:33:16"
578,4,6,"23:23:24","11:28:0"
578,5,68,"7:49:42","15:19:43"
579,1,39,"6:5:10","19:46:57"
579,2,80,"18:57:14","10:33:53"
579,3,96,"13:44:15","12:2:55"
579,4,67,"19:10:9","19:14:21"
579,5,36,"10:47:48","11:47:31"
580,1,23,"8:47:13","17:30:46"
580,2,31,"14:2:18","18:27:17"
580,3,29,"16:19:27","17:37:35"
580,4,26,"14:20:47","9:17:47"
580,5,26,"7:59:52","12:0:12"
581,1,13,"21:24:21","16:18:2"
581,2,33,"21:33:46","16:29:27"
581,3,62,"18:22:42","8:36:59"
581,4,33,"16:23:13","18:5:52"
581,5,8,"6:14:59","19:31:59"
582,1,5,"16:49:50","21:12:31"
582,2,81,"11:24:19","14:4:0"
582,3,74,"14:53:10","11:13:21"
582,4,91,"11:33:50","9:55:24"
582,5,43,"9:20:15","18:15:12"
583,1,42,"23:6:44","14:41:52"
583,2,8,"17:52:25","23:57:53"
583,3,89,"7:43:38","9:10:7"
583,4,71,"19:18:3","23:39:39"
583,5,85,"17:15:20","12:42:11"
584,1,66,"10:54:33","7:36:27"
584,2,43,"18:53:53","13:17:41"
584,3,92,"8:31:2","12:41:47"
584,4,76,"21:2:8","21:58:29"
584,5,9,"15:23:22","15:55:49"
585,1,32,"10:3:29","11:56:39"
585,2,41,"17:10:5","16:52:51"
585,3,81,"20:11:5","18:38:50"
585,4,45,"13:57:17","18:27:28"
585,5,56,"15:54:51","20:21:33"
586,1,8,"16:24:55","5:7:14"
586,2,62,"5:42:45","11:17:47"
586,3,66,"20:18:30","11:47:41"
586,4,99,"17:55:8","20:47:7"
586,5,36,"22:24:27","21:22:7"
587,1,14,"18:53:56","8:0:19"
587,2,54,"5:38:9","23:50:35"
587,3,43,"11:40:13","15:24:9"
587,4,2,"19:32:20","10:13:45"
587,5,36,"14:19:41","5:57:8"
588,1,98,"14:27:50","21:37:54"
588,2,65,"20:37:32","9:59:14"
588,3,47,"20:28:17","17:20:1"
588,4,68,"6:4:47","11:13:57"
588,5,90,"17:15:27","18:45:42"
589,1,76,"17:32:42","19:7:56"
589,2,62,"20:33:55","9:31:42"
589,3,46,"18:56:38","11:55:25"
589,4,52,"23:19:56","22:21:4"
589,5,60,"16:30:4","5:25:15"
590,1,22,"7:55:8","12:54:29"
590,2,21,"12:28:48","21:40:40"
590,3,10,"18:14:30","19:4:58"
590,4,63,"5:1:15","8:17:37"
590,5,5,"13:13:4","15:42:0"
591,1,73,"16:15:42","12:27:4"
591,2,9,"22:39:22","23:33:30"
591,3,96,"17:11:43","13:54:43"
591,4,64,"9:2:57","14:11:37"
591,5,84,"12:11:10","20:33:13"
592,1,3,"23:19:42","13:2:13"
592,2,74,"6:58:0","9:34:29"
592,3,21,"17:45:38","7:25:31"
592,4,68,"18:37:52","11:34:10"
592,5,60,"11:6:58","16:16:28"
593,1,45,"8:51:0","10:41:14"
593,2,30,"10:27:31","15:29:18"
593,3,36,"7:32:38","23:45:31"
593,4,17,"20:30:14","17:2:57"
593,5,80,"7:23:54","22:12:12"
594,1,63,"7:10:2","13:20:27"
594,2,76,"23:52:9","10:33:49"
594,3,18,"6:57:56","15:9:17"
594,4,38,"17:36:49","14:49:20"
594,5,50,"11:32:1","17:39:41"
595,1,78,"6:17:41","12:8:34"
595,2,5,"12:34:8","22:52:34"
595,3,1,"12:22:53","10:22:48"
595,4,2,"10:18:57","21:10:40"
595,5,44,"18:51:12","21:20:55"
596,1,55,"19:24:33","15:43:6"
596,2,66,"22:5:49","11:52:9"
596,3,56,"5:31:9","6:5:3"
596,4,20,"6:40:43","7:31:4"
596,5,23,"12:24:11","7:20:8"
597,1,98,"22:0:9","11:34:2"
597,2,75,"15:29:54","19:52:39"
597,3,89,"13:30:36","5:53:32"
597,4,49,"20:8:19","17:26:17"
597,5,21,"16:3:46","5:53:30"
598,1,98,"22:20:51","18:22:17"
598,2,76,"10:16:9","15:3:3"
598,3,15,"14:24:0","23:39:4"
598,4,5,"22:34:37","20:57:29"
598,5,73,"13:33:23","17:57:12"
599,1,80,"7:18:15","15:57:32"
599,2,59,"23:35:21","16:29:13"
599,3,60,"8:1:42","10:5:27"
599,4,78,"22:21:2","15:45:51"
599,5,69,"9:31:48","20:30:5"
600,1,59,"8:53:16","9:42:21"
600,2,93,"23:5:33","23:51:52"
600,3,62,"19:41:56","12:12:49"
600,4,1,"8:47:31","5:42:8"
600,5,67,"16:42:56","10:54:32"
601,1,12,"10:4:59","5:33:13"
601,2,53,"22:38:41","21:53:56"
601,3,85,"6:43:22","10:53:59"
601,4,82,"23:48:11","20:4:7"
601,5,78,"5:31:13","17:58:46"
602,1,91,"13:27:51","11:15:12"
602,2,66,"18:28:48","22:0:6"
602,3,100,"6:44:16","22:58:35"
602,4,74,"17:59:12","20:14:41"
602,5,65,"6:55:19","5:2:14"
603,1,95,"16:19:37","19:8:13"
603,2,25,"8:35:8","15:2:54"
603,3,24,"16:20:28","14:21:38"
603,4,99,"10:2:42","8:54:38"
603,5,10,"23:26:12","23:5:51"
604,1,93,"21:59:49","9:56:22"
604,2,83,"6:54:40","10:3:40"
604,3,63,"21:49:28","10:6:33"
604,4,2,"22:27:37","22:13:7"
604,5,2,"9:40:55","17:49:20"
605,1,16,"12:8:26","6:23:37"
605,2,89,"15:45:8","15:4:50"
605,3,66,"19:59:19","13:53:37"
605,4,65,"9:37:58","9:6:22"
605,5,85,"20:38:52","19:33:30"
606,1,45,"23:17:14","12:39:8"
606,2,36,"16:47:19","16:35:49"
606,3,89,"21:15:13","21:58:41"
606,4,59,"18:10:37","21:52:6"
606,5,34,"12:35:33","18:10:39"
607,1,71,"11:30:5","23:2:20"
607,2,37,"21:35:14","9:45:52"
607,3,14,"12:51:23","10:22:32"
607,4,64,"6:48:25","15:43:43"
607,5,78,"22:58:16","22:16:7"
608,1,13,"9:25:55","12:34:9"
608,2,51,"6:17:9","15:48:16"
608,3,22,"10:0:38","18:48:37"
608,4,63,"18:58:36","13:42:48"
608,5,97,"11:16:53","12:27:37"
609,1,43,"10:31:42","8:43:35"
609,2,7,"16:36:22","13:51:32"
609,3,100,"13:47:24","20:38:14"
609,4,75,"22:39:19","15:37:36"
609,5,12,"6:17:47","16:22:7"
610,1,21,"10:24:27","7:36:25"
610,2,78,"18:58:19","10:6:20"
610,3,24,"13:30:34","11:21:2"
610,4,36,"20:30:9","8:59:6"
610,5,40,"7:23:59","22:21:4"
611,1,23,"12:16:24","7:7:42"
611,2,96,"21:27:35","18:5:30"
611,3,55,"7:59:58","8:36:36"
611,4,88,"12:23:5","9:5:27"
611,5,99,"23:38:0","23:29:58"
612,1,26,"17:5:59","18:58:2"
612,2,48,"23:27:12","16:7:46"
612,3,33,"15:6:49","15:11:43"
612,4,4,"20:23:45","13:9:2"
612,5,67,"12:22:27","23:45:9"
613,1,39,"18:49:1","15:21:14"
613,2,85,"19:48:7","22:26:43"
613,3,42,"15:26:42","22:0:40"
613,4,90,"12:10:11","20:37:33"
613,5,36,"14:3:0","15:0:6"
614,1,6,"11:2:54","6:58:53"
614,2,19,"14:56:35","16:21:11"
614,3,13,"14:49:50","22:47:49"
614,4,17,"5:15:57","11:21:42"
614,5,19,"19:23:48","22:10:40"
615,1,69,"18:32:34","17:7:4"
615,2,71,"20:44:33","5:44:46"
615,3,88,"10:0:20","10:19:16"
615,4,74,"20:0:25","18:16:17"
615,5,90,"16:47:58","13:43:52"
616,1,97,"7:23:12","7:46:58"
616,2,53,"20:11:11","23:33:54"
616,3,98,"23:7:23","22:52:16"
616,4,38,"5:39:3","16:38:46"
616,5,20,"22:42:1","19:17:0"
617,1,94,"16:38:49","17:19:11"
617,2,86,"23:24:52","9:27:4"
617,3,53,"7:53:17","16:56:9"
617,4,41,"10:25:8","9:8:18"
617,5,73,"18:39:52","14:49:31"
618,1,62,"8:38:41","8:16:40"
618,2,36,"21:37:4","15:47:41"
618,3,22,"20:16:55","15:18:33"
618,4,15,"19:6:10","16:26:43"
618,5,64,"20:15:22","12:41:14"
619,1,15,"17:0:53","21:21:41"
619,2,40,"9:35:15","15:13:56"
619,3,60,"19:55:20","8:55:31"
619,4,75,"20:43:40","13:36:21"
619,5,41,"15:5:56","15:51:16"
620,1,63,"10:57:4","21:35:21"
620,2,47,"21:49:21","22:45:25"
620,3,11,"14:26:30","11:53:16"
620,4,16,"12:3:2","18:47:47"
620,5,10,"12:25:5","23:7:11"
621,1,33,"5:24:19","14:16:54"
621,2,36,"19:10:8","10:27:47"
621,3,3,"8:18:16","21:22:13"
621,4,71,"21:47:26","7:26:40"
621,5,42,"21:44:12","23:41:17"
622,1,58,"11:9:34","14:19:11"
622,2,71,"8:20:45","6:19:51"
622,3,100,"14:16:13","5:23:17"
622,4,61,"10:7:10","7:59:41"
622,5,86,"12:35:39","17:52:0"
623,1,63,"9:57:21","19:7:59"
623,2,50,"13:7:34","12:9:8"
623,3,17,"12:48:9","18:7:57"
623,4,19,"21:1:0","18:12:58"
623,5,69,"20:44:11","18:3:49"
624,1,41,"17:35:1","20:10:6"
624,2,97,"15:44:50","7:40:2"
624,3,71,"22:16:8","11:7:15"
624,4,14,"16:39:19","9:0:5"
624,5,4,"22:0:9","16:19:53"
625,1,48,"21:47:15","22:37:19"
625,2,57,"16:28:50","23:40:28"
625,3,85,"14:18:56","6:48:40"
625,4,50,"5:53:16","6:45:8"
625,5,77,"22:28:0","23:33:9"
626,1,59,"17:11:57","13:54:54"
626,2,33,"8:22:53","17:39:6"
626,3,29,"5:13:42","6:4:47"
626,4,55,"21:16:44","22:11:20"
626,5,16,"17:39:29","17:14:20"
627,1,6,"5:6:25","12:23:46"
627,2,88,"5:39:23","17:6:37"
627,3,52,"18:48:44","20:16:4"
627,4,66,"13:13:30","5:30:56"
627,5,68,"10:3:5","15:45:53"
628,1,6,"21:41:22","21:53:35"
628,2,57,"18:25:53","13:56:54"
628,3,78,"16:0:49","7:54:28"
628,4,1,"7:19:1","12:28:20"
628,5,24,"15:23:30","11:45:4"
629,1,24,"12:25:12","16:59:17"
629,2,56,"16:16:20","13:38:13"
629,3,95,"23:33:3","19:23:2"
629,4,87,"12:51:5","5:21:8"
629,5,97,"11:12:28","13:28:33"
630,1,94,"7:34:9","21:26:55"
630,2,93,"9:22:27","6:30:44"
630,3,23,"6:34:5","10:21:53"
630,4,33,"21:32:23","15:18:39"
630,5,67,"16:48:37","14:18:22"
631,1,59,"5:0:35","6:57:18"
631,2,90,"11:20:48","22:15:0"
631,3,84,"18:14:57","8:30:32"
631,4,34,"8:12:42","18:21:27"
631,5,25,"15:56:28","18:6:46"
632,1,37,"6:53:18","12:50:40"
632,2,56,"13:56:46","11:10:47"
632,3,61,"6:7:4","12:21:28"
632,4,42,"14:23:9","12:0:14"
632,5,56,"20:12:12","11:28:33"
633,1,12,"18:58:24","7:7:13"
633,2,3,"14:22:31","14:28:6"
633,3,18,"14:32:11","19:7:34"
633,4,11,"15:4:30","15:28:48"
633,5,28,"5:9:44","5:25:26"
634,1,31,"12:22:38","14:29:29"
634,2,67,"6:3:46","13:49:38"
634,3,61,"17:30:43","23:3:17"
634,4,85,"14:8:39","13:53:26"
634,5,31,"9:3:3","8:27:19"
635,1,55,"23:18:5","13:24:47"
635,2,45,"17:10:16","14:23:30"
635,3,13,"16:58:6","10:38:0"
635,4,58,"23:42:50","18:17:53"
635,5,44,"23:47:40","11:46:17"
636,1,73,"21:33:9","11:0:12"
636,2,31,"23:29:5","6:0:25"
636,3,63,"5:8:11","17:8:13"
636,4,10,"6:17:34","5:27:57"
636,5,19,"10:32:7","19:53:52"
637,1,83,"10:13:19","9:56:43"
637,2,96,"21:23:6","10:26:30"
637,3,10,"5:42:45","22:26:22"
637,4,100,"17:41:20","16:46:4"
637,5,58,"5:16:17","20:12:28"
638,1,61,"6:53:46","13:21:50"
638,2,36,"6:50:56","20:28:20"
638,3,89,"10:30:42","9:42:2"
638,4,55,"17:36:20","5:13:39"
638,5,23,"21:14:23","15:22:27"
639,1,74,"20:58:36","10:35:11"
639,2,14,"11:23:17","13:53:32"
639,3,87,"11:52:42","21:39:23"
639,4,96,"18:10:13","8:36:27"
639,5,13,"11:50:5","7:12:5"
640,1,26,"20:1:16","20:4:25"
640,2,21,"17:41:11","11:11:51"
640,3,82,"21:36:21","10:9:44"
640,4,100,"8:14:11","21:32:3"
640,5,72,"14:26:34","9:52:11"
641,1,30,"6:34:28","10:29:53"
641,2,70,"12:6:31","13:56:12"
641,3,20,"11:37:22","12:56:54"
641,4,66,"16:45:40","7:36:34"
641,5,74,"16:14:52","16:52:28"
642,1,93,"23:37:15","20:59:34"
642,2,76,"7:56:24","14:35:22"
642,3,7,"10:11:57","14:39:7"
642,4,94,"22:46:35","20:57:39"
642,5,5,"8:11:34","19:19:54"
643,1,96,"11:10:42","12:52:38"
643,2,48,"11:34:47","19:38:59"
643,3,16,"6:29:56","11:1:53"
643,4,59,"15:16:52","14:44:45"
643,5,99,"5:46:28","17:34:41"
644,1,10,"5:37:5","20:36:50"
644,2,67,"20:13:50","21:8:43"
644,3,63,"18:12:53","11:49:23"
644,4,19,"21:13:15","9:54:54"
644,5,8,"14:42:20","16:44:17"
645,1,99,"17:16:26","14:6:35"
645,2,91,"23:16:46","19:18:57"
645,3,11,"14:53:28","13:27:59"
645,4,60,"20:51:12","21:46:2"
645,5,50,"11:19:5","6:14:10"
646,1,79,"11:2:54","18:0:22"
646,2,76,"11:11:29","19:59:33"
646,3,8,"17:19:1","22:12:10"
646,4,66,"5:22:15","5:19:5"
646,5,66,"18:6:14","8:48:1"
647,1,3,"12:34:26","14:2:14"
647,2,90,"14:52:8","8:12:34"
647,3,45,"16:15:47","11:42:45"
647,4,16,"16:26:28","10:38:4"
647,5,20,"12:57:27","8:23:45"
648,1,100,"14:21:14","7:23:43"
648,2,82,"18:22:10","8:43:30"
648,3,9,"23:20:13","17:54:16"
648,4,30,"21:39:43","10:48:53"
648,5,29,"22:37:49","19:26:40"
649,1,24,"16:40:39","17:0:11"
649,2,37,"5:18:42","21:3:0"
649,3,98,"15:34:52","11:22:13"
649,4,33,"12:48:7","15:4:40"
649,5,77,"9:46:7","21:5:46"
650,1,88,"21:31:56","6:47:15"
650,2,96,"14:56:1","15:35:0"
650,3,91,"8:22:27","12:14:7"
650,4,8,"18:26:8","19:6:21"
650,5,74,"14:52:23","21:57:27"
651,1,62,"23:1:20","9:56:51"
651,2,95,"17:47:53","8:11:3"
651,3,18,"8:16:57","8:37:21"
651,4,65,"5:47:7","12:49:8"
651,5,51,"22:58:18","8:59:12"
652,1,81,"15:31:7","8:8:55"
652,2,64,"18:29:2","7:44:57"
652,3,20,"14:53:20","11:43:31"
652,4,46,"13:30:14","10:3:2"
652,5,49,"22:57:26","17:24:24"
653,1,26,"9:34:44","15:51:19"
653,2,86,"10:40:0","7:8:6"
653,3,48,"21:59:32","20:13:38"
653,4,84,"11:33:30","14:24:11"
653,5,100,"14:2:52","12:29:6"
654,1,53,"22:1:27","12:26:28"
654,2,24,"11:58:24","19:25:17"
654,3,90,"10:55:23","21:15:15"
654,4,70,"21:23:54","9:55:41"
654,5,7,"11:17:43","19:12:56"
655,1,39,"5:56:21","14:52:11"
655,2,88,"23:46:57","12:50:46"
655,3,4,"19:45:38","15:38:54"
655,4,96,"11:16:42","9:7:47"
655,5,64,"11:4:52","16:4:33"
656,1,52,"21:13:0","16:2:3"
656,2,19,"8:51:5","11:34:15"
656,3,23,"9:45:39","11:34:54"
656,4,3,"12:19:29","16:38:17"
656,5,28,"9:13:41","11:26:48"
657,1,61,"17:53:29","14:35:26"
657,2,100,"15:11:2","7:12:40"
657,3,5,"10:56:51","9:31:19"
657,4,78,"20:47:33","14:54:28"
657,5,8,"10:15:48","23:22:47"
658,1,26,"21:47:50","15:43:8"
658,2,45,"16:45:33","20:33:3"
658,3,8,"19:26:56","18:34:41"
658,4,45,"15:14:29","16:3:55"
658,5,54,"9:59:36","13:59:51"
659,1,72,"9:31:31","23:54:34"
659,2,39,"13:16:17","5:9:6"
659,3,11,"21:18:53","7:41:56"
659,4,59,"19:48:5","22:6:42"
659,5,50,"11:25:52","23:51:35"
660,1,77,"5:26:18","18:32:2"
660,2,85,"20:34:19","10:42:50"
660,3,69,"23:45:32","21:36:9"
660,4,95,"11:33:30","5:22:12"
660,5,65,"15:28:4","6:27:53"
661,1,1,"20:20:46","16:57:38"
661,2,84,"20:42:13","7:45:44"
661,3,12,"13:24:2","19:21:30"
661,4,27,"19:12:14","22:23:8"
661,5,86,"18:32:14","22:32:46"
662,1,79,"5:51:10","23:29:59"
662,2,77,"17:23:28","14:0:34"
662,3,80,"14:30:6","13:26:41"
662,4,54,"22:39:42","11:54:9"
662,5,84,"19:33:44","22:32:16"
663,1,27,"19:46:11","22:20:23"
663,2,75,"18:42:27","21:15:58"
663,3,71,"20:45:57","5:28:59"
663,4,78,"16:34:47","17:47:18"
663,5,53,"14:21:26","17:11:33"
664,1,41,"13:42:5","12:55:44"
664,2,22,"9:35:5","20:45:55"
664,3,81,"18:22:37","15:51:20"
664,4,92,"15:13:0","21:46:31"
664,5,45,"16:44:33","13:39:39"
665,1,65,"20:4:26","9:44:14"
665,2,60,"16:22:43","6:16:35"
665,3,54,"23:5:58","20:18:49"
665,4,23,"15:7:24","20:45:4"
665,5,29,"22:23:59","12:29:32"
666,1,49,"17:52:47","15:22:56"
666,2,74,"7:0:50","19:37:56"
666,3,21,"7:37:53","14:2:0"
666,4,90,"6:32:59","16:53:17"
666,5,17,"17:39:16","16:14:48"
667,1,44,"10:31:21","9:47:19"
667,2,34,"21:59:6","6:33:34"
667,3,74,"15:1:17","21:39:50"
667,4,12,"9:21:24","13:54:29"
667,5,65,"13:8:0","8:10:8"
668,1,28,"11:33:22","17:19:53"
668,2,10,"19:41:55","18:8:29"
668,3,29,"11:38:12","17:39:6"
668,4,54,"19:34:34","16:55:16"
668,5,95,"20:42:49","13:43:41"
669,1,9,"22:2:14","8:16:49"
669,2,47,"23:49:57","12:0:23"
669,3,86,"15:59:30","10:47:51"
669,4,100,"5:28:55","21:28:25"
669,5,48,"18:31:39","23:8:34"
670,1,41,"18:28:35","20:44:55"
670,2,20,"15:6:21","11:3:54"
670,3,6,"19:37:22","13:26:0"
670,4,45,"19:51:19","18:1:10"
670,5,31,"19:7:41","10:37:35"
671,1,8,"12:51:6","9:35:7"
671,2,41,"17:52:3","17:16:8"
671,3,67,"10:52:10","15:1:23"
671,4,67,"20:23:25","9:19:29"
671,5,73,"20:32:15","8:35:27"
672,1,65,"14:13:42","16:53:28"
672,2,71,"14:28:27","16:28:21"
672,3,5,"5:13:7","10:11:17"
672,4,25,"22:13:28","22:0:2"
672,5,54,"16:55:15","5:26:28"
673,1,14,"16:1:24","19:5:42"
673,2,52,"17:10:6","20:49:3"
673,3,31,"16:9:4","10:11:45"
673,4,1,"11:51:21","5:50:53"
673,5,58,"6:52:27","16:46:53"
674,1,2,"22:33:37","8:46:42"
674,2,91,"11:3:29","14:22:58"
674,3,64,"15:24:9","13:19:45"
674,4,24,"12:56:12","15:2:21"
674,5,29,"21:45:35","20:44:15"
675,1,78,"9:6:46","23:55:3"
675,2,61,"18:51:6","16:53:54"
675,3,4,"19:9:54","19:18:26"
675,4,32,"12:9:49","7:22:57"
675,5,9,"9:7:29","22:47:29"
676,1,7,"10:15:24","7:57:16"
676,2,52,"20:55:45","5:40:33"
676,3,7,"5:28:56","5:23:29"
676,4,97,"5:41:26","10:14:32"
676,5,13,"23:57:1","17:38:25"
677,1,99,"14:53:49","23:43:15"
677,2,93,"17:16:35","20:58:12"
677,3,24,"15:14:4","10:58:26"
677,4,61,"12:22:58","13:59:8"
677,5,75,"9:54:51","16:29:21"
678,1,9,"14:42:17","14:4:36"
678,2,98,"5:48:17","17:17:24"
678,3,45,"7:1:41","5:16:40"
678,4,25,"14:8:49","21:51:21"
678,5,95,"12:56:20","14:53:25"
679,1,48,"8:22:13","16:52:4"
679,2,13,"7:18:5","23:42:21"
679,3,57,"13:31:21","21:26:46"
679,4,36,"10:16:51","17:50:43"
679,5,24,"19:51:9","7:19:21"
680,1,25,"8:42:19","21:26:4"
680,2,98,"23:55:5","7:20:17"
680,3,69,"18:49:44","18:0:18"
680,4,25,"7:49:47","6:24:48"
680,5,3,"8:33:46","11:40:32"
681,1,79,"8:2:33","5:31:50"
681,2,88,"22:0:52","10:42:54"
681,3,86,"6:50:32","11:14:5"
681,4,69,"13:4:0","14:22:43"
681,5,52,"6:47:1","5:33:37"
682,1,75,"9:43:14","22:5:19"
682,2,35,"23:39:22","17:27:34"
682,3,64,"10:49:32","14:50:59"
682,4,33,"11:0:57","13:5:54"
682,5,21,"16:7:33","19:13:37"
683,1,86,"6:6:34","5:48:54"
683,2,34,"20:14:57","23:39:34"
683,3,96,"14:32:1","16:34:32"
683,4,83,"18:59:57","15:13:36"
683,5,78,"21:28:13","14:44:50"
684,1,95,"6:39:38","14:27:0"
684,2,77,"19:29:8","22:13:7"
684,3,43,"14:16:39","23:12:14"
684,4,72,"18:23:3","13:34:6"
684,5,76,"11:16:1","10:9:43"
685,1,39,"13:25:21","13:59:15"
685,2,78,"19:41:58","5:21:3"
685,3,57,"10:0:44","13:51:40"
685,4,92,"8:24:22","22:26:55"
685,5,34,"13:43:1","13:53:1"
686,1,69,"10:19:26","17:55:34"
686,2,37,"10:50:34","5:50:3"
686,3,20,"11:23:37","15:34:0"
686,4,53,"18:48:48","23:5:10"
686,5,4,"22:2:6","14:22:53"
687,1,71,"13:8:49","5:1:44"
687,2,50,"14:47:10","16:6:43"
687,3,57,"21:3:48","16:31:9"
687,4,82,"9:57:22","17:12:51"
687,5,11,"15:30:47","21:52:48"
688,1,64,"10:4:48","23:30:7"
688,2,16,"23:13:56","11:53:36"
688,3,92,"6:45:36","14:11:47"
688,4,72,"10:51:40","13:49:31"
688,5,25,"20:52:40","22:17:43"
689,1,15,"19:15:49","21:55:7"
689,2,44,"11:46:26","6:16:14"
689,3,19,"19:33:42","12:22:46"
689,4,31,"12:47:42","10:15:50"
689,5,65,"22:25:24","20:30:4"
690,1,5,"12:25:11","19:28:6"
690,2,88,"22:54:8","16:57:36"
690,3,18,"14:35:22","11:12:11"
690,4,54,"15:44:36","18:31:11"
690,5,11,"17:30:18","10:1:57"
691,1,95,"5:9:5","19:1:53"
691,2,71,"13:28:8","12:52:24"
691,3,75,"19:13:50","14:52:23"
691,4,36,"6:50:19","9:45:25"
691,5,79,"10:29:59","6:38:45"
692,1,71,"14:19:45","15:36:41"
692,2,72,"10:56:58","7:1:1"
692,3,54,"17:26:31","10:20:35"
692,4,9,"18:40:8","12:40:35"
692,5,36,"16:54:6","17:53:21"
693,1,59,"19:21:16","20:31:40"
693,2,23,"12:0:12","16:17:13"
693,3,76,"12:57:59","11:40:11"
693,4,80,"17:33:40","9:46:33"
693,5,14,"18:58:50","13:26:40"
694,1,66,"16:12:50","23:27:47"
694,2,71,"18:23:8","8:0:10"
694,3,88,"15:24:52","16:20:5"
694,4,85,"20:54:23","7:34:50"
694,5,49,"11:48:21","20:23:36"
695,1,17,"11:28:28","19:59:30"
695,2,12,"16:27:40","12:25:32"
695,3,34,"12:53:6","11:7:6"
695,4,93,"16:16:54","19:15:21"
695,5,85,"9:25:9","12:42:5"
696,1,53,"6:24:6","22:26:33"
696,2,7,"21:12:9","18:27:14"
696,3,40,"22:57:57","11:25:23"
696,4,30,"8:19:43","14:49:24"
696,5,5,"9:28:41","16:28:24"
697,1,28,"19:27:28","9:59:20"
697,2,94,"17:7:51","6:9:28"
697,3,84,"17:38:43","17:0:37"
697,4,12,"7:31:30","18:26:42"
697,5,24,"14:35:2","13:47:44"
698,1,92,"10:28:32","19:38:23"
698,2,55,"7:37:36","10:0:43"
698,3,84,"18:49:30","6:23:53"
698,4,27,"15:49:3","12:39:49"
698,5,71,"20:37:28","13:27:42"
699,1,60,"20:34:50","20:59:23"
699,2,55,"17:40:41","7:49:39"
699,3,81,"21:52:32","23:36:54"
699,4,1,"21:18:40","17:12:22"
699,5,83,"6:29:59","18:28:12"
700,1,3,"12:6:36","9:34:50"
700,2,50,"17:37:24","9:41:27"
700,3,14,"12:43:7","11:57:24"
700,4,59,"21:19:48","15:21:29"
700,5,46,"23:17:2","14:19:21"
701,1,7,"10:12:26","6:59:43"
701,2,67,"6:17:43","13:36:49"
701,3,78,"16:24:59","13:1:11"
701,4,30,"5:43:23","7:52:6"
701,5,37,"14:44:22","15:59:17"
702,1,50,"15:17:15","18:15:38"
702,2,41,"5:19:21","23:4:52"
702,3,28,"16:11:55","10:59:39"
702,4,48,"15:53:51","20:8:7"
702,5,3,"5:43:16","21:18:1"
703,1,32,"19:36:46","10:57:7"
703,2,94,"7:35:45","20:14:24"
703,3,82,"11:43:3","7:17:21"
703,4,25,"15:10:12","13:52:0"
703,5,72,"21:29:12","12:36:46"
704,1,86,"10:20:0","12:6:30"
704,2,68,"8:7:34","11:0:5"
704,3,74,"14:48:44","20:15:25"
704,4,88,"18:10:33","12:14:16"
704,5,41,"6:9:50","13:29:56"
705,1,54,"21:17:40","12:10:24"
705,2,26,"15:49:23","20:0:40"
705,3,24,"15:40:13","13:10:45"
705,4,82,"18:8:0","23:51:28"
705,5,1,"14:1:56","9:57:16"
706,1,35,"20:34:57","11:57:43"
706,2,7,"21:17:23","14:19:53"
706,3,5,"9:17:55","5:26:28"
706,4,91,"6:40:4","23:15:47"
706,5,23,"12:53:41","19:31:33"
707,1,29,"7:0:2","13:46:46"
707,2,71,"23:45:15","16:48:43"
707,3,40,"8:59:11","12:31:33"
707,4,13,"17:50:2","18:38:34"
707,5,37,"8:5:57","5:45:40"
708,1,50,"6:45:2","10:3:21"
708,2,64,"20:48:23","20:33:55"
708,3,46,"5:21:27","8:50:23"
708,4,61,"22:29:28","22:19:22"
708,5,76,"5:37:12","11:26:5"
709,1,73,"19:42:56","18:11:18"
709,2,96,"19:51:41","5:40:31"
709,3,94,"12:53:57","11:40:3"
709,4,88,"20:48:49","14:30:35"
709,5,2,"9:26:40","6:4:43"
710,1,87,"16:3:57","8:15:5"
710,2,3,"19:32:40","12:12:33"
710,3,87,"19:48:6","9:2:8"
710,4,50,"20:57:41","8:29:24"
710,5,69,"19:6:51","14:24:37"
711,1,28,"18:31:17","8:18:55"
711,2,99,"9:1:21","13:53:13"
711,3,100,"22:34:33","22:26:54"
711,4,40,"18:28:38","6:25:24"
711,5,83,"12:33:44","10:40:37"
712,1,16,"7:54:37","17:9:12"
712,2,82,"14:4:26","22:23:25"
712,3,38,"19:18:31","12:51:17"
712,4,91,"9:58:1","9:50:41"
712,5,47,"20:59:9","15:26:14"
713,1,32,"14:10:23","19:5:45"
713,2,51,"9:1:9","22:53:29"
713,3,80,"9:19:59","17:23:46"
713,4,79,"17:14:36","17:26:25"
713,5,10,"20:56:4","17:58:7"
714,1,45,"23:2:3","22:3:21"
714,2,86,"7:39:38","23:15:51"
714,3,36,"12:1:16","14:5:13"
714,4,98,"13:1:8","19:42:7"
714,5,75,"17:57:29","5:41:18"
715,1,60,"13:58:20","11:4:53"
715,2,84,"14:54:30","11:58:11"
715,3,69,"7:23:16","18:41:46"
715,4,61,"21:3:59","8:1:34"
715,5,48,"12:44:42","19:30:37"
716,1,33,"22:26:49","11:48:51"
716,2,76,"10:24:57","23:31:1"
716,3,48,"23:20:47","12:56:27"
716,4,22,"19:38:10","15:52:28"
716,5,66,"16:23:43","19:27:21"
717,1,79,"7:46:13","19:16:13"
717,2,12,"12:56:15","19:39:14"
717,3,94,"14:57:21","5:10:24"
717,4,68,"14:57:42","14:8:10"
717,5,55,"11:35:33","8:34:51"
718,1,4,"5:11:35","6:29:25"
718,2,66,"5:30:42","8:13:9"
718,3,48,"5:45:22","10:52:48"
718,4,26,"21:55:17","11:14:36"
718,5,97,"9:2:59","17:35:26"
719,1,27,"16:55:3","6:58:31"
719,2,36,"16:16:17","16:22:56"
719,3,87,"10:3:0","16:32:12"
719,4,56,"12:35:34","17:21:29"
719,5,7,"18:57:46","23:20:27"
720,1,75,"12:42:0","12:52:48"
720,2,45,"23:12:50","5:14:33"
720,3,39,"21:56:44","22:20:36"
720,4,44,"15:7:56","21:17:58"
720,5,30,"10:32:0","13:6:38"
721,1,27,"19:2:53","22:36:30"
721,2,42,"7:49:42","21:59:22"
721,3,74,"23:47:5","19:16:38"
721,4,37,"5:46:39","9:27:4"
721,5,64,"11:58:10","14:33:45"
722,1,42,"5:49:11","10:1:7"
722,2,65,"19:10:6","23:47:4"
722,3,74,"19:36:27","11:3:29"
722,4,1,"12:9:16","19:41:22"
722,5,27,"14:1:48","8:24:59"
723,1,42,"21:15:40","5:57:48"
723,2,57,"12:7:55","13:27:41"
723,3,74,"22:2:11","22:21:23"
723,4,93,"7:40:35","13:13:57"
723,5,6,"8:4:19","17:40:5"
724,1,68,"13:23:25","13:49:51"
724,2,44,"17:29:10","16:52:56"
724,3,40,"11:30:24","16:44:5"
724,4,78,"16:42:48","19:37:7"
724,5,19,"11:15:25","22:40:24"
725,1,91,"17:12:49","10:18:20"
725,2,27,"7:33:3","18:48:8"
725,3,52,"8:39:28","7:40:34"
725,4,38,"19:15:57","10:49:53"
725,5,78,"12:42:45","14:15:4"
726,1,27,"22:49:4","22:49:51"
726,2,39,"7:1:28","12:47:48"
726,3,93,"10:16:21","22:17:47"
726,4,18,"8:45:31","17:38:40"
726,5,12,"18:1:8","15:16:13"
727,1,7,"13:11:9","9:2:7"
727,2,44,"8:53:46","22:29:14"
727,3,39,"13:1:13","7:26:37"
727,4,6,"12:25:40","17:46:57"
727,5,68,"6:39:2","15:12:36"
728,1,76,"18:59:26","8:52:41"
728,2,67,"14:37:51","6:23:17"
728,3,38,"21:51:20","10:49:5"
728,4,63,"8:9:11","8:5:48"
728,5,57,"9:34:43","19:35:16"
729,1,55,"7:19:59","6:43:0"
729,2,22,"14:40:56","5:40:16"
729,3,43,"11:21:20","20:35:54"
729,4,85,"16:45:50","7:46:11"
729,5,90,"19:29:0","12:40:57"
730,1,99,"7:29:37","13:46:23"
730,2,72,"6:14:8","5:8:0"
730,3,93,"18:4:1","5:43:35"
730,4,35,"16:49:32","13:27:30"
730,5,4,"17:45:15","13:19:12"
731,1,71,"10:16:53","5:5:55"
731,2,59,"11:15:52","5:7:23"
731,3,74,"8:23:30","9:13:8"
731,4,13,"5:39:12","21:13:10"
731,5,39,"6:11:32","23:35:0"
732,1,63,"22:35:15","7:38:0"
732,2,64,"14:53:14","12:9:30"
732,3,90,"15:52:1","16:37:47"
732,4,90,"9:23:41","22:40:14"
732,5,44,"16:48:18","13:25:45"
733,1,38,"13:49:0","21:24:40"
733,2,24,"15:36:34","16:11:56"
733,3,79,"23:6:13","9:47:31"
733,4,74,"21:59:25","10:50:48"
733,5,28,"9:36:35","10:16:45"
734,1,76,"17:31:22","6:8:41"
734,2,33,"11:59:49","8:52:10"
734,3,60,"10:36:15","7:22:53"
734,4,58,"8:18:13","8:34:49"
734,5,42,"10:35:0","10:52:40"
735,1,93,"8:7:43","19:50:45"
735,2,95,"22:14:49","17:22:53"
735,3,19,"18:7:35","23:24:35"
735,4,9,"12:45:37","15:29:38"
735,5,3,"15:2:30","8:16:4"
736,1,64,"13:46:0","5:2:45"
736,2,32,"13:25:39","15:48:22"
736,3,72,"8:10:15","12:55:54"
736,4,89,"7:56:3","7:30:18"
736,5,35,"11:35:18","13:17:3"
737,1,92,"5:2:4","13:1:52"
737,2,6,"17:35:37","8:24:25"
737,3,93,"20:48:12","13:21:15"
737,4,37,"7:49:17","16:30:1"
737,5,99,"8:46:48","22:11:46"
738,1,82,"13:3:15","23:57:7"
738,2,1,"19:52:57","6:39:51"
738,3,28,"19:13:36","6:9:46"
738,4,3,"9:26:26","19:49:55"
738,5,24,"13:16:18","11:31:43"
739,1,28,"22:17:49","15:28:4"
739,2,8,"5:51:22","15:54:5"
739,3,10,"10:16:23","19:28:0"
739,4,30,"10:1:28","20:11:4"
739,5,9,"17:28:13","14:26:6"
740,1,26,"15:1:25","9:46:11"
740,2,79,"8:24:38","23:59:38"
740,3,90,"19:43:14","22:37:8"
740,4,26,"8:16:18","15:56:47"
740,5,38,"10:19:48","16:20:41"
741,1,68,"18:17:21","23:28:14"
741,2,86,"17:40:23","6:3:25"
741,3,28,"23:7:3","13:56:7"
741,4,24,"12:49:7","5:41:52"
741,5,39,"15:8:56","8:53:56"
742,1,58,"15:39:26","22:27:49"
742,2,24,"19:1:30","12:29:40"
742,3,70,"17:30:33","19:14:38"
742,4,99,"22:23:54","17:16:4"
742,5,20,"17:45:4","6:1:11"
743,1,14,"21:49:30","14:32:0"
743,2,95,"13:21:58","16:56:39"
743,3,36,"23:45:28","9:43:51"
743,4,28,"8:44:34","12:54:37"
743,5,71,"10:44:27","6:22:23"
744,1,59,"11:59:18","6:24:58"
744,2,57,"15:14:28","11:39:5"
744,3,63,"10:28:50","17:55:42"
744,4,67,"5:54:57","20:19:26"
744,5,70,"22:18:13","22:17:10"
745,1,79,"11:21:23","20:50:16"
745,2,61,"6:32:53","18:54:13"
745,3,14,"19:22:43","13:1:2"
745,4,61,"21:51:40","6:17:46"
745,5,12,"15:1:13","8:16:57"
746,1,3,"11:12:4","10:56:19"
746,2,63,"15:44:6","19:50:46"
746,3,81,"8:50:18","18:18:17"
746,4,94,"7:5:10","23:10:18"
746,5,28,"6:8:46","17:8:26"
747,1,47,"12:3:2","22:54:59"
747,2,3,"17:9:15","23:20:38"
747,3,61,"18:34:21","16:53:48"
747,4,35,"17:34:39","22:35:11"
747,5,98,"5:52:12","14:59:59"
748,1,16,"16:29:54","17:1:15"
748,2,66,"21:58:39","10:12:31"
748,3,36,"8:24:32","21:21:4"
748,4,23,"14:53:5","13:10:32"
748,5,86,"19:59:47","19:50:56"
749,1,17,"18:32:33","15:49:21"
749,2,75,"16:14:0","8:41:12"
749,3,61,"11:49:25","8:19:57"
749,4,89,"6:34:43","13:31:18"
749,5,24,"15:42:19","16:33:44"
750,1,53,"22:34:35","14:44:14"
750,2,13,"6:36:23","22:0:15"
750,3,37,"11:55:54","17:22:24"
750,4,75,"18:35:9","11:34:47"
750,5,65,"16:53:17","20:56:26"
751,1,38,"12:20:30","16:25:32"
751,2,41,"21:8:9","16:28:53"
751,3,32,"14:37:59","13:35:17"
751,4,23,"21:35:8","17:55:19"
751,5,27,"19:32:8","20:58:10"
752,1,45,"17:42:20","10:59:25"
752,2,88,"16:29:16","22:4:30"
752,3,35,"7:12:3","5:49:28"
752,4,89,"14:25:1","5:23:36"
752,5,23,"14:35:13","11:29:46"
753,1,38,"8:16:5","22:57:29"
753,2,93,"18:25:39","7:54:17"
753,3,100,"21:46:58","17:20:39"
753,4,4,"5:36:11","6:0:49"
753,5,12,"14:15:45","10:13:51"
754,1,80,"18:12:8","5:24:32"
754,2,82,"20:22:37","12:37:16"
754,3,71,"10:26:13","11:59:12"
754,4,56,"22:23:12","22:2:6"
754,5,74,"13:21:8","6:23:4"
755,1,96,"19:53:34","21:29:30"
755,2,84,"23:18:10","12:48:14"
755,3,67,"17:25:43","9:56:25"
755,4,80,"18:2:0","8:22:35"
755,5,68,"18:36:15","10:4:27"
756,1,16,"20:48:37","18:26:15"
756,2,43,"16:19:11","10:43:37"
756,3,6,"6:20:47","16:32:59"
756,4,72,"5:20:57","15:12:45"
756,5,28,"20:57:43","5:13:30"
757,1,1,"14:3:41","11:36:17"
757,2,12,"21:29:4","16:58:33"
757,3,22,"12:19:20","21:29:5"
757,4,2,"20:42:52","21:21:17"
757,5,76,"10:57:31","15:10:26"
758,1,13,"23:12:52","12:7:48"
758,2,53,"16:36:46","9:14:59"
758,3,100,"23:44:29","13:24:58"
758,4,46,"16:35:8","15:41:14"
758,5,8,"8:14:10","12:14:53"
759,1,98,"15:25:33","5:28:12"
759,2,42,"13:31:36","10:11:25"
759,3,44,"5:11:50","15:35:8"
759,4,62,"16:17:34","22:50:9"
759,5,36,"5:48:21","6:56:59"
760,1,85,"12:10:16","21:5:58"
760,2,51,"7:37:25","6:22:47"
760,3,24,"18:48:23","10:28:15"
760,4,3,"16:56:10","5:22:28"
760,5,69,"5:11:40","17:56:52"
761,1,31,"5:43:24","7:38:31"
761,2,100,"16:54:21","21:20:59"
761,3,2,"21:10:29","9:37:16"
761,4,88,"8:31:26","15:37:8"
761,5,62,"19:42:53","21:42:50"
762,1,18,"7:54:57","23:40:50"
762,2,61,"12:15:33","12:36:39"
762,3,42,"7:41:40","13:31:11"
762,4,64,"20:3:1","5:10:59"
762,5,88,"18:47:0","11:35:7"
763,1,56,"23:53:49","13:35:28"
763,2,29,"23:24:27","8:50:22"
763,3,55,"17:29:38","6:30:34"
763,4,65,"14:20:27","12:54:29"
763,5,48,"9:39:41","5:58:59"
764,1,61,"23:36:34","6:10:40"
764,2,97,"20:19:54","7:26:23"
764,3,76,"19:56:58","23:15:39"
764,4,86,"15:33:4","16:4:18"
764,5,21,"7:42:49","19:35:20"
765,1,99,"8:43:49","11:38:13"
765,2,27,"20:38:7","19:23:52"
765,3,46,"19:59:16","23:59:7"
765,4,61,"10:24:9","10:3:0"
765,5,67,"7:14:6","21:4:21"
766,1,80,"6:34:40","22:43:7"
766,2,15,"11:5:36","22:17:48"
766,3,37,"6:31:12","6:45:21"
766,4,48,"22:39:42","21:56:38"
766,5,25,"17:3:49","19:47:42"
767,1,62,"6:9:9","23:38:29"
767,2,98,"5:34:27","5:40:56"
767,3,88,"14:36:6","10:6:0"
767,4,20,"19:42:33","13:33:3"
767,5,100,"6:30:57","16:54:5"
768,1,30,"15:32:32","16:28:9"
768,2,80,"15:59:11","6:21:14"
768,3,68,"8:17:20","9:28:28"
768,4,88,"12:39:8","5:40:53"
768,5,99,"20:12:39","19:6:26"
769,1,39,"16:30:40","6:36:22"
769,2,73,"22:5:31","12:24:58"
769,3,43,"14:41:1","14:41:33"
769,4,16,"14:34:31","14:15:22"
769,5,95,"18:9:30","7:41:50"
770,1,74,"10:5:43","7:32:20"
770,2,74,"20:20:11","5:58:28"
770,3,7,"8:39:38","9:47:4"
770,4,2,"23:36:50","18:51:47"
770,5,44,"10:16:57","11:13:43"
771,1,22,"8:13:28","20:36:26"
771,2,49,"20:6:1","12:34:31"
771,3,27,"7:31:36","18:55:17"
771,4,95,"10:50:1","20:11:27"
771,5,25,"11:36:29","22:39:20"
772,1,47,"16:25:13","6:5:53"
772,2,87,"8:51:15","18:29:9"
772,3,29,"18:38:33","11:51:57"
772,4,84,"18:6:43","15:18:13"
772,5,31,"10:11:14","11:7:30"
773,1,12,"22:10:17","7:42:24"
773,2,51,"10:54:2","21:23:3"
773,3,61,"11:27:30","12:26:14"
773,4,49,"15:25:31","18:27:10"
773,5,40,"8:59:34","12:38:17"
774,1,37,"9:37:51","9:49:39"
774,2,85,"16:34:18","8:40:27"
774,3,74,"19:22:53","15:8:19"
774,4,67,"18:41:58","15:8:40"
774,5,59,"15:46:45","22:28:35"
775,1,44,"8:24:21","5:24:31"
775,2,61,"8:11:19","21:40:10"
775,3,73,"19:45:37","8:26:10"
775,4,5,"7:25:33","9:50:16"
775,5,87,"18:5:33","6:41:57"
776,1,55,"8:21:11","19:43:49"
776,2,1,"11:12:54","15:20:44"
776,3,15,"10:56:20","16:37:6"
776,4,37,"10:9:9","16:15:41"
776,5,41,"16:2:6","16:37:34"
777,1,51,"8:56:57","19:11:13"
777,2,96,"21:17:24","7:14:28"
777,3,76,"12:56:4","14:14:47"
777,4,13,"14:51:44","22:13:37"
777,5,80,"23:29:30","14:53:16"
778,1,92,"10:49:29","23:3:53"
778,2,91,"17:47:50","17:4:53"
778,3,24,"6:22:23","7:39:14"
778,4,39,"19:19:32","10:13:43"
778,5,7,"9:58:25","14:19:42"
779,1,55,"6:5:40","9:0:39"
779,2,43,"9:45:4","6:33:25"
779,3,49,"17:33:47","11:56:52"
779,4,38,"11:13:32","7:53:24"
779,5,93,"18:12:58","11:54:34"
780,1,87,"9:59:40","5:36:41"
780,2,62,"5:8:44","11:7:3"
780,3,48,"11:39:26","12:18:44"
780,4,45,"15:18:39","10:5:13"
780,5,5,"18:52:31","13:55:52"
781,1,9,"14:26:34","21:6:35"
781,2,51,"17:17:44","21:15:19"
781,3,24,"12:7:47","18:46:12"
781,4,7,"13:3:29","8:23:1"
781,5,43,"8:31:7","8:23:22"
782,1,97,"19:12:57","5:42:17"
782,2,13,"9:12:15","6:21:3"
782,3,93,"7:4:1","11:21:47"
782,4,74,"8:52:15","16:10:44"
782,5,93,"19:58:51","20:15:20"
783,1,43,"18:11:49","17:22:37"
783,2,32,"17:56:59","11:3:11"
783,3,20,"11:16:15","14:6:38"
783,4,19,"7:38:57","11:12:22"
783,5,70,"17:42:25","7:6:41"
784,1,25,"19:52:45","8:47:58"
784,2,18,"10:39:45","13:24:35"
784,3,55,"21:16:16","19:4:49"
784,4,54,"11:3:59","17:6:34"
784,5,73,"16:24:51","13:35:37"
785,1,28,"22:30:34","15:22:51"
785,2,89,"8:43:41","23:55:17"
785,3,3,"17:49:39","20:15:29"
785,4,6,"10:24:4","8:47:40"
785,5,51,"5:13:40","14:48:29"
786,1,76,"20:27:24","10:10:0"
786,2,94,"9:29:54","7:42:39"
786,3,81,"7:23:26","17:4:1"
786,4,33,"20:2:44","6:52:16"
786,5,87,"11:45:12","13:2:7"
787,1,77,"7:40:42","15:24:30"
787,2,28,"14:19:39","14:46:0"
787,3,76,"13:59:24","6:24:37"
787,4,60,"7:44:34","18:41:59"
787,5,42,"13:32:17","9:41:16"
788,1,23,"8:14:57","12:30:5"
788,2,97,"19:21:47","18:15:8"
788,3,54,"18:39:49","16:35:7"
788,4,96,"22:8:20","22:20:56"
788,5,16,"18:14:7","8:5:36"
789,1,64,"7:54:40","15:54:35"
789,2,91,"14:46:35","7:21:16"
789,3,99,"9:20:5","9:44:41"
789,4,21,"15:8:19","19:6:3"
789,5,72,"12:58:39","14:22:47"
790,1,28,"16:39:59","9:6:16"
790,2,42,"16:22:41","22:5:18"
790,3,46,"9:55:1","14:40:18"
790,4,25,"14:54:4","12:20:14"
790,5,48,"17:54:24","7:9:29"
791,1,28,"8:8:16","18:29:9"
791,2,60,"21:31:38","6:10:4"
791,3,61,"23:8:39","12:46:56"
791,4,12,"15:51:6","23:10:3"
791,5,45,"22:28:35","7:27:21"
792,1,81,"13:3:52","23:13:25"
792,2,4,"13:13:40","17:55:5"
792,3,15,"18:44:21","16:3:21"
792,4,83,"17:57:43","14:6:52"
792,5,18,"19:58:39","18:4:41"
793,1,48,"8:14:11","14:33:52"
793,2,99,"21:44:3","20:51:35"
793,3,1,"22:15:53","23:36:11"
793,4,57,"10:24:20","9:50:39"
793,5,9,"12:57:8","9:7:32"
794,1,73,"7:28:23","19:57:27"
794,2,59,"11:40:33","20:51:52"
794,3,99,"5:34:19","7:6:46"
794,4,95,"12:11:15","19:16:13"
794,5,59,"9:20:39","9:40:36"
795,1,7,"15:58:19","19:54:54"
795,2,76,"9:17:34","6:48:55"
795,3,77,"5:45:48","22:58:12"
795,4,56,"15:6:25","22:33:27"
795,5,67,"12:47:3","16:15:31"
796,1,99,"18:0:40","21:8:58"
796,2,65,"13:40:17","5:16:1"
796,3,12,"20:47:29","12:44:27"
796,4,14,"15:14:15","21:1:6"
796,5,60,"5:30:53","12:46:59"
797,1,17,"8:36:39","11:17:48"
797,2,6,"10:26:36","6:59:50"
797,3,5,"22:9:29","13:40:55"
797,4,54,"18:43:32","16:55:54"
797,5,69,"21:42:21","7:12:35"
798,1,89,"5:26:41","23:27:17"
798,2,55,"7:24:52","12:10:8"
798,3,71,"11:10:55","8:56:57"
798,4,95,"8:45:57","10:7:42"
798,5,71,"13:30:10","13:31:27"
799,1,57,"8:28:22","17:47:0"
799,2,60,"22:8:19","7:34:36"
799,3,77,"5:40:8","13:33:15"
799,4,99,"21:58:36","23:26:31"
799,5,48,"14:6:27","5:21:37"
800,1,23,"6:33:9","10:6:59"
800,2,46,"15:38:33","13:43:39"
800,3,90,"12:10:4","8:19:17"
800,4,42,"11:28:28","22:59:56"
800,5,9,"18:11:39","18:42:3"
801,1,85,"16:7:49","23:36:41"
801,2,62,"20:50:10","10:42:35"
801,3,44,"15:3:59","9:13:2"
801,4,19,"17:31:10","23:38:20"
801,5,35,"10:31:20","16:39:42"
802,1,19,"23:33:59","9:48:15"
802,2,31,"17:27:28","22:32:36"
802,3,26,"14:29:38","5:6:5"
802,4,9,"12:21:43","5:52:34"
802,5,38,"16:48:51","13:45:17"
803,1,70,"16:0:57","9:21:24"
803,2,100,"17:32:53","11:6:44"
803,3,80,"14:42:34","13:42:28"
803,4,12,"8:34:19","20:13:4"
803,5,52,"20:10:26","12:19:22"
804,1,3,"12:53:23","14:13:51"
804,2,49,"14:36:45","14:25:0"
804,3,18,"8:20:13","10:40:14"
804,4,19,"18:37:6","21:50:44"
804,5,68,"16:29:44","23:22:4"
805,1,32,"8:32:50","5:5:0"
805,2,40,"9:4:5","18:51:19"
805,3,79,"23:58:37","10:14:31"
805,4,50,"17:24:37","5:52:4"
805,5,88,"10:33:20","20:4:18"
806,1,10,"22:1:37","21:14:58"
806,2,71,"18:34:21","13:37:30"
806,3,55,"14:34:13","5:48:10"
806,4,65,"12:41:37","22:7:33"
806,5,6,"21:0:11","9:31:14"
807,1,91,"13:1:32","8:5:45"
807,2,35,"5:2:51","23:32:38"
807,3,98,"15:37:17","23:45:35"
807,4,20,"13:40:34","20:40:32"
807,5,39,"6:32:58","9:17:42"
808,1,30,"17:33:14","8:26:36"
808,2,15,"21:42:41","14:19:55"
808,3,52,"11:34:40","23:12:58"
808,4,37,"5:27:37","18:23:37"
808,5,64,"13:14:16","15:48:16"
809,1,71,"9:50:14","6:24:5"
809,2,75,"7:7:35","7:24:32"
809,3,94,"21:48:31","12:21:47"
809,4,81,"7:51:47","6:33:12"
809,5,25,"17:12:7","7:54:12"
810,1,50,"8:33:34","11:7:32"
810,2,34,"9:33:3","22:34:10"
810,3,92,"15:49:10","23:54:7"
810,4,67,"20:9:52","8:58:55"
810,5,83,"10:50:48","12:25:19"
811,1,11,"9:27:47","10:11:30"
811,2,76,"14:21:41","12:3:11"
811,3,88,"21:37:12","23:38:3"
811,4,1,"23:8:11","16:53:33"
811,5,90,"18:29:28","20:0:59"
812,1,19,"8:21:14","13:48:32"
812,2,47,"20:42:16","21:57:19"
812,3,21,"22:58:2","5:3:28"
812,4,72,"10:3:46","9:29:54"
812,5,66,"9:24:56","18:43:50"
813,1,27,"9:13:24","11:50:45"
813,2,82,"21:29:47","7:46:28"
813,3,11,"23:27:32","5:38:24"
813,4,43,"11:39:35","18:54:11"
813,5,28,"18:32:22","11:54:4"
814,1,58,"11:19:34","23:51:40"
814,2,84,"7:27:0","11:28:9"
814,3,37,"17:47:52","18:43:57"
814,4,34,"23:11:47","22:20:1"
814,5,45,"21:52:32","23:41:12"
815,1,18,"5:37:12","7:26:35"
815,2,8,"15:40:2","21:51:38"
815,3,56,"22:55:29","22:24:2"
815,4,3,"13:45:50","14:59:53"
815,5,88,"17:0:29","11:22:56"
816,1,77,"17:12:20","17:24:23"
816,2,11,"5:3:50","16:31:38"
816,3,31,"9:5:15","11:15:51"
816,4,39,"17:19:38","10:9:6"
816,5,28,"18:46:22","8:4:25"
817,1,16,"23:36:49","17:39:41"
817,2,42,"17:47:28","9:45:3"
817,3,68,"16:54:24","10:36:32"
817,4,68,"10:37:0","14:17:41"
817,5,94,"20:34:47","17:3:41"
818,1,92,"9:21:23","10:17:52"
818,2,45,"8:36:1","11:39:45"
818,3,23,"5:16:23","16:3:47"
818,4,79,"21:43:24","14:54:5"
818,5,32,"12:29:4","10:14:42"
819,1,99,"23:38:57","13:39:37"
819,2,93,"10:30:33","8:1:53"
819,3,63,"10:23:54","14:57:22"
819,4,81,"20:15:55","14:26:55"
819,5,17,"17:46:15","14:53:18"
820,1,32,"7:50:50","18:16:5"
820,2,59,"17:8:7","11:22:57"
820,3,14,"16:24:6","9:46:32"
820,4,26,"23:14:27","5:57:42"
820,5,71,"20:27:38","18:41:58"
821,1,73,"22:25:1","12:52:0"
821,2,59,"11:21:15","21:40:38"
821,3,17,"8:49:25","14:35:19"
821,4,2,"10:28:18","10:26:15"
821,5,10,"10:5:57","18:34:4"
822,1,25,"22:39:46","23:44:12"
822,2,22,"8:55:39","14:32:26"
822,3,98,"7:38:31","8:40:7"
822,4,98,"17:50:6","13:27:3"
822,5,6,"13:16:3","23:12:6"
823,1,35,"7:31:2","7:2:14"
823,2,39,"23:35:2","21:42:47"
823,3,21,"8:49:54","8:0:21"
823,4,73,"5:41:15","17:2:1"
823,5,67,"23:22:19","5:16:59"
824,1,29,"19:25:47","14:29:10"
824,2,57,"7:47:48","12:54:50"
824,3,87,"22:5:42","16:37:35"
824,4,60,"12:3:33","22:17:11"
824,5,62,"6:2:7","14:18:0"
825,1,69,"16:48:48","6:37:48"
825,2,13,"19:44:56","14:3:46"
825,3,55,"13:46:10","17:23:14"
825,4,43,"12:14:14","16:54:14"
825,5,87,"16:55:45","16:30:9"
826,1,62,"23:48:5","22:9:33"
826,2,25,"11:29:2","21:42:37"
826,3,63,"21:5:7","18:33:52"
826,4,78,"13:52:55","19:19:6"
826,5,20,"5:48:21","16:33:11"
827,1,87,"14:27:42","11:19:46"
827,2,32,"23:34:22","20:25:18"
827,3,52,"14:15:26","10:31:19"
827,4,66,"8:0:47","19:30:25"
827,5,62,"5:57:12","13:30:2"
828,1,92,"6:53:13","13:3:45"
828,2,55,"22:56:3","10:58:49"
828,3,23,"8:4:36","21:46:46"
828,4,85,"16:37:16","23:16:17"
828,5,55,"10:7:14","23:36:47"
829,1,14,"10:4:16","14:3:20"
829,2,82,"12:21:5","19:0:4"
829,3,47,"23:32:57","9:1:17"
829,4,3,"22:32:35","18:21:48"
829,5,74,"21:24:19","5:0:58"
830,1,96,"16:6:36","10:40:45"
830,2,62,"14:29:33","22:1:49"
830,3,53,"21:17:18","7:22:1"
830,4,9,"22:36:42","12:46:55"
830,5,68,"15:13:56","15:40:2"
831,1,31,"21:5:30","23:11:18"
831,2,91,"15:31:2","16:17:10"
831,3,43,"12:38:4","5:28:31"
831,4,15,"10:2:49","23:23:51"
831,5,58,"22:7:27","19:3:38"
832,1,20,"23:42:16","12:16:30"
832,2,17,"22:54:56","18:16:21"
832,3,62,"14:35:29","13:45:4"
832,4,37,"21:4:47","22:19:10"
832,5,92,"17:20:20","14:9:50"
833,1,76,"12:1:46","16:13:44"
833,2,70,"21:27:1","6:11:39"
833,3,68,"21:51:40","9:9:46"
833,4,1,"19:30:46","8:11:25"
833,5,19,"17:4:57","22:1:4"
834,1,20,"19:20:12","6:8:9"
834,2,72,"8:38:38","20:30:49"
834,3,95,"13:52:30","12:28:13"
834,4,44,"13:24:6","20:44:22"
834,5,59,"8:6:22","21:5:16"
835,1,86,"7:18:24","20:59:19"
835,2,24,"23:43:57","9:43:48"
835,3,28,"20:16:51","18:15:18"
835,4,37,"14:7:15","18:59:40"
835,5,54,"17:21:30","10:12:58"
836,1,91,"22:42:18","21:20:23"
836,2,40,"8:13:49","11:52:56"
836,3,47,"16:14:55","6:23:2"
836,4,87,"6:55:6","8:7:38"
836,5,7,"23:24:21","22:46:19"
837,1,11,"16:22:42","10:40:20"
837,2,42,"7:40:44","14:37:9"
837,3,10,"23:53:0","23:47:59"
837,4,5,"20:30:52","10:13:40"
837,5,45,"22:19:53","6:42:37"
838,1,80,"22:16:3","15:2:56"
838,2,68,"12:14:15","14:49:2"
838,3,59,"20:34:47","12:0:59"
838,4,13,"12:12:48","17:43:17"
838,5,25,"17:32:33","15:7:46"
839,1,67,"20:58:8","20:0:13"
839,2,78,"9:18:20","23:52:33"
839,3,92,"13:40:40","21:7:27"
839,4,91,"12:26:17","9:2:16"
839,5,35,"14:42:4","17:25:37"
840,1,72,"19:45:17","12:24:9"
840,2,37,"19:19:7","22:19:51"
840,3,38,"20:17:31","23:0:56"
840,4,93,"9:2:29","22:35:8"
840,5,9,"18:22:24","23:37:15"
841,1,2,"17:31:37","5:54:49"
841,2,34,"19:46:13","9:27:14"
841,3,1,"19:48:58","23:58:40"
841,4,66,"11:19:12","5:3:25"
841,5,79,"10:35:27","13:51:9"
842,1,73,"8:4:40","19:11:32"
842,2,96,"12:34:52","23:17:9"
842,3,100,"13:5:36","7:36:23"
842,4,8,"7:14:11","15:54:24"
842,5,2,"21:40:5","6:40:51"
843,1,67,"16:10:34","5:34:16"
843,2,50,"17:56:44","22:24:42"
843,3,21,"15:0:36","10:7:41"
843,4,10,"17:33:44","14:32:17"
843,5,36,"14:40:42","20:25:17"
844,1,98,"15:3:32","6:6:38"
844,2,7,"10:34:55","18:32:27"
844,3,21,"20:22:16","11:55:28"
844,4,61,"22:48:1","17:2:0"
844,5,46,"14:3:25","19:26:16"
845,1,60,"14:52:49","11:5:40"
845,2,9,"16:20:9","23:22:32"
845,3,69,"16:13:56","17:55:9"
845,4,62,"17:44:37","21:50:2"
845,5,16,"15:43:25","21:41:57"
846,1,2,"7:6:31","8:36:26"
846,2,22,"20:25:59","11:47:7"
846,3,14,"8:7:2","19:10:46"
846,4,21,"14:53:3","20:38:22"
846,5,69,"20:48:20","14:25:42"
847,1,68,"20:22:13","13:3:42"
847,2,2,"5:18:11","12:36:57"
847,3,52,"16:59:50","23:7:52"
847,4,91,"20:43:45","10:54:54"
847,5,61,"21:41:14","8:7:17"
848,1,15,"23:10:57","11:12:11"
848,2,7,"11:37:42","5:43:21"
848,3,58,"22:54:37","6:2:31"
848,4,12,"15:46:42","8:40:33"
848,5,33,"21:4:8","13:29:16"
849,1,18,"20:42:41","7:31:28"
849,2,37,"7:3:43","5:16:57"
849,3,52,"5:0:36","11:0:14"
849,4,91,"22:35:36","7:54:31"
849,5,41,"5:55:23","20:34:28"
850,1,85,"21:4:27","5:49:46"
850,2,93,"9:6:11","19:52:48"
850,3,42,"21:4:51","5:49:44"
850,4,91,"8:11:47","7:6:10"
850,5,72,"19:23:4","21:20:9"
851,1,48,"17:58:9","8:40:44"
851,2,93,"15:34:29","15:29:3"
851,3,7,"14:58:7","5:7:16"
851,4,61,"9:56:7","21:3:51"
851,5,80,"18:30:53","9:47:17"
852,1,54,"6:44:39","23:8:56"
852,2,34,"6:43:1","8:55:46"
852,3,76,"9:35:42","21:13:13"
852,4,91,"6:0:12","21:40:2"
852,5,81,"11:38:9","6:39:26"
853,1,91,"22:2:30","8:25:51"
853,2,39,"12:18:58","8:12:26"
853,3,65,"22:33:34","17:30:35"
853,4,77,"9:21:29","18:25:9"
853,5,9,"15:24:12","23:41:44"
854,1,73,"17:43:26","19:56:47"
854,2,97,"19:19:0","18:6:2"
854,3,36,"19:59:30","12:9:28"
854,4,10,"7:40:50","7:17:20"
854,5,27,"11:1:6","19:44:31"
855,1,60,"19:0:50","5:43:58"
855,2,70,"22:3:9","21:5:8"
855,3,93,"9:55:46","6:11:20"
855,4,50,"6:30:34","22:0:6"
855,5,60,"5:17:42","20:59:54"
856,1,28,"7:42:50","23:57:57"
856,2,57,"14:41:41","10:53:59"
856,3,83,"15:47:54","22:31:8"
856,4,17,"16:11:32","16:19:9"
856,5,13,"9:46:1","9:20:3"
857,1,32,"23:30:37","22:28:18"
857,2,60,"15:58:3","22:34:8"
857,3,70,"21:38:15","6:11:16"
857,4,31,"10:54:57","13:1:43"
857,5,66,"9:1:54","8:7:10"
858,1,44,"16:49:50","5:28:28"
858,2,86,"8:49:16","23:42:18"
858,3,69,"6:21:12","7:53:29"
858,4,24,"19:8:8","22:0:27"
858,5,40,"20:23:25","11:24:23"
859,1,78,"17:20:47","23:15:49"
859,2,99,"12:35:47","23:47:20"
859,3,74,"7:54:44","6:3:10"
859,4,65,"7:57:50","23:41:49"
859,5,15,"5:12:10","7:3:49"
860,1,13,"15:18:2","22:43:46"
860,2,27,"12:36:52","7:22:43"
860,3,34,"20:51:27","9:36:22"
860,4,86,"9:18:26","19:53:13"
860,5,12,"13:53:17","22:4:46"
861,1,37,"18:18:43","5:3:27"
861,2,75,"14:21:12","12:10:42"
861,3,5,"6:6:57","11:56:18"
861,4,38,"22:33:29","18:56:56"
861,5,1,"9:36:21","20:19:56"
862,1,44,"16:43:21","14:59:14"
862,2,91,"9:5:26","15:12:33"
862,3,65,"20:57:40","19:27:29"
862,4,58,"16:4:4","19:44:32"
862,5,37,"17:49:25","22:47:29"
863,1,12,"8:2:34","15:59:2"
863,2,36,"8:58:2","23:5:43"
863,3,48,"15:6:4","14:47:51"
863,4,4,"12:15:36","11:6:7"
863,5,72,"12:9:16","20:21:25"
864,1,88,"10:49:41","9:21:6"
864,2,91,"21:33:54","11:20:30"
864,3,20,"13:48:22","23:35:58"
864,4,7,"12:20:27","18:29:1"
864,5,75,"9:23:6","8:58:13"
865,1,97,"15:55:46","13:39:34"
865,2,98,"19:42:25","16:51:5"
865,3,82,"14:55:47","5:1:35"
865,4,40,"15:28:35","13:3:25"
865,5,94,"8:44:52","11:54:55"
866,1,44,"19:30:7","12:27:11"
866,2,96,"20:27:35","12:49:42"
866,3,11,"23:10:37","11:43:48"
866,4,24,"13:49:12","9:3:45"
866,5,75,"20:48:57","13:19:27"
867,1,36,"13:33:45","23:10:59"
867,2,72,"12:16:58","5:21:32"
867,3,30,"6:21:27","6:52:12"
867,4,68,"15:23:5","10:42:41"
867,5,31,"19:56:43","6:59:17"
868,1,71,"21:23:11","13:46:14"
868,2,98,"23:57:21","21:59:16"
868,3,92,"18:29:38","7:26:36"
868,4,41,"18:34:28","12:56:54"
868,5,91,"14:38:9","21:19:8"
869,1,60,"11:34:43","19:8:4"
869,2,19,"15:38:47","17:21:55"
869,3,51,"16:38:23","12:35:9"
869,4,27,"15:53:3","14:35:45"
869,5,97,"16:17:4","20:14:58"
870,1,31,"11:49:32","15:11:29"
870,2,24,"23:35:25","8:53:30"
870,3,45,"23:14:8","8:42:32"
870,4,52,"5:58:51","20:36:25"
870,5,56,"21:52:7","6:29:28"
871,1,37,"7:32:47","12:26:1"
871,2,91,"18:8:40","12:32:49"
871,3,17,"15:24:34","22:7:28"
871,4,9,"18:11:19","23:5:23"
871,5,63,"12:34:52","9:20:27"
872,1,45,"13:13:23","5:49:30"
872,2,62,"8:57:48","5:17:59"
872,3,17,"19:20:17","10:6:54"
872,4,46,"5:10:14","6:42:46"
872,5,39,"21:52:12","7:32:34"
873,1,8,"11:26:27","17:0:25"
873,2,50,"9:52:10","16:25:45"
873,3,79,"7:29:50","7:8:47"
873,4,70,"20:58:12","16:27:3"
873,5,9,"15:42:18","7:18:28"
874,1,59,"19:48:38","20:25:33"
874,2,25,"9:32:37","6:53:22"
874,3,89,"21:25:5","5:6:57"
874,4,22,"23:38:23","19:18:42"
874,5,65,"11:6:9","9:55:42"
875,1,35,"15:28:35","13:30:5"
875,2,44,"10:19:38","17:49:30"
875,3,33,"8:42:2","13:30:12"
875,4,33,"14:38:58","8:55:7"
875,5,73,"17:35:42","7:35:4"
876,1,44,"5:51:28","7:2:11"
876,2,93,"5:10:14","5:14:22"
876,3,24,"22:12:6","18:13:43"
876,4,63,"6:22:3","16:21:58"
876,5,87,"9:3:27","21:43:45"
877,1,2,"23:47:49","5:49:57"
877,2,53,"18:4:48","10:31:26"
877,3,69,"12:41:56","14:19:48"
877,4,1,"17:26:54","12:1:44"
877,5,53,"5:53:47","13:28:15"
878,1,100,"21:57:20","6:39:50"
878,2,15,"9:21:37","19:31:50"
878,3,25,"20:58:23","15:5:13"
878,4,41,"10:55:30","14:23:41"
878,5,37,"14:50:56","11:4:5"
879,1,59,"12:39:2","9:11:10"
879,2,6,"18:9:13","14:12:16"
879,3,63,"17:37:38","5:23:7"
879,4,100,"10:34:20","11:39:55"
879,5,83,"5:15:11","20:2:16"
880,1,5,"12:39:34","9:58:10"
880,2,80,"7:42:48","22:2:27"
880,3,89,"18:13:54","13:45:15"
880,4,86,"7:38:26","18:22:6"
880,5,15,"9:56:45","7:34:55"
881,1,12,"14:44:7","13:52:1"
881,2,39,"23:14:14","22:35:12"
881,3,68,"8:21:30","17:17:41"
881,4,69,"23:56:49","13:32:47"
881,5,5,"22:41:44","10:6:44"
882,1,38,"11:50:31","20:29:43"
882,2,53,"23:29:43","20:37:49"
882,3,24,"16:26:26","7:7:39"
882,4,11,"17:16:27","14:31:25"
882,5,35,"15:51:7","22:21:2"
883,1,67,"7:42:46","14:8:31"
883,2,36,"13:56:9","18:55:44"
883,3,16,"23:2:23","15:4:29"
883,4,80,"22:53:51","15:58:14"
883,5,66,"16:7:56","9:46:17"
884,1,61,"21:50:55","14:46:40"
884,2,92,"18:53:48","12:0:35"
884,3,40,"13:58:52","13:59:49"
884,4,31,"22:25:34","23:10:4"
884,5,1,"11:46:14","15:47:38"
885,1,99,"11:53:58","22:38:53"
885,2,16,"21:2:55","23:54:48"
885,3,79,"21:14:28","17:7:40"
885,4,98,"7:29:49","16:14:52"
885,5,85,"13:38:30","22:10:18"
886,1,30,"6:25:23","13:26:2"
886,2,40,"23:40:11","13:5:28"
886,3,63,"15:20:12","13:28:43"
886,4,69,"22:47:53","5:30:56"
886,5,75,"23:32:42","7:14:9"
887,1,67,"14:5:46","6:50:42"
887,2,82,"6:37:47","16:26:26"
887,3,76,"9:37:0","20:14:38"
887,4,9,"19:2:10","18:32:28"
887,5,70,"21:7:32","14:46:51"
888,1,34,"13:13:24","8:29:26"
888,2,82,"20:47:30","7:0:25"
888,3,96,"7:44:24","12:8:49"
888,4,7,"15:11:23","14:34:1"
888,5,17,"9:15:9","14:27:9"
889,1,60,"14:35:43","13:15:43"
889,2,75,"13:30:32","22:12:59"
889,3,45,"5:20:8","20:12:13"
889,4,51,"10:38:12","14:53:16"
889,5,43,"17:52:21","5:1:49"
890,1,43,"12:35:27","8:57:37"
890,2,5,"21:32:47","21:15:50"
890,3,45,"8:0:1","17:57:51"
890,4,10,"17:48:58","17:59:19"
890,5,75,"5:26:33","11:2:18"
891,1,40,"20:22:5","21:15:15"
891,2,43,"9:50:11","13:16:21"
891,3,97,"12:40:38","23:51:49"
891,4,24,"6:52:39","23:16:45"
891,5,3,"19:43:12","18:27:4"
892,1,93,"20:59:23","15:7:22"
892,2,60,"14:27:59","15:58:22"
892,3,21,"12:42:26","14:16:39"
892,4,38,"22:54:38","19:53:56"
892,5,62,"15:38:19","20:46:11"
893,1,82,"23:12:59","19:35:41"
893,2,71,"15:46:16","5:6:54"
893,3,42,"21:24:14","8:20:58"
893,4,63,"14:35:31","9:26:10"
893,5,95,"20:57:24","20:34:55"
894,1,27,"5:20:32","22:32:51"
894,2,30,"16:34:46","16:26:13"
894,3,47,"20:39:5","15:6:23"
894,4,44,"20:12:20","8:30:42"
894,5,36,"5:29:20","15:26:12"
895,1,100,"15:43:35","19:3:33"
895,2,38,"21:53:54","15:52:31"
895,3,57,"15:28:3","11:40:26"
895,4,26,"10:58:8","12:22:12"
895,5,37,"8:39:41","10:22:30"
896,1,40,"20:31:56","6:42:20"
896,2,20,"15:57:16","16:23:10"
896,3,27,"15:4:5","17:52:15"
896,4,35,"9:36:39","12:54:7"
896,5,92,"15:39:51","6:31:44"
897,1,77,"10:16:29","11:37:17"
897,2,59,"7:57:9","13:6:12"
897,3,68,"11:45:10","19:44:23"
897,4,8,"13:39:39","8:47:27"
897,5,53,"18:44:5","18:18:4"
898,1,39,"10:16:38","16:47:24"
898,2,19,"6:51:32","17:20:56"
898,3,18,"22:6:12","20:8:22"
898,4,42,"14:23:51","15:19:1"
898,5,7,"22:7:7","23:7:24"
899,1,95,"21:30:10","23:56:33"
899,2,58,"10:31:50","8:20:50"
899,3,74,"14:35:50","10:19:28"
899,4,17,"11:2:20","11:38:9"
899,5,62,"20:17:53","12:56:21"
900,1,68,"5:30:55","5:29:22"
900,2,19,"14:2:41","22:27:0"
900,3,32,"19:38:13","18:44:21"
900,4,92,"8:54:59","22:6:0"
900,5,29,"15:57:15","22:55:59"
901,1,48,"12:56:35","5:9:19"
901,2,80,"23:15:9","7:35:17"
901,3,55,"13:1:38","15:14:15"
901,4,60,"19:34:33","21:48:57"
901,5,93,"17:46:23","12:12:10"
902,1,78,"20:5:20","19:45:10"
902,2,35,"11:59:57","21:28:16"
902,3,35,"20:54:36","6:7:42"
902,4,69,"12:25:29","16:42:28"
902,5,77,"17:7:9","8:55:33"
903,1,69,"17:20:46","20:50:2"
903,2,61,"6:57:32","8:43:5"
903,3,79,"9:1:18","7:18:54"
903,4,39,"23:7:10","14:41:2"
903,5,33,"6:1:41","7:16:24"
904,1,96,"17:13:47","8:59:19"
904,2,30,"19:38:20","12:27:0"
904,3,90,"8:21:26","23:19:49"
904,4,56,"12:48:52","12:42:43"
904,5,67,"20:45:22","5:18:38"
905,1,41,"19:18:2","16:11:10"
905,2,71,"11:45:50","22:35:22"
905,3,56,"16:51:56","8:32:29"
905,4,10,"14:3:8","11:32:54"
905,5,71,"17:24:17","7:42:41"
906,1,5,"13:14:20","20:41:0"
906,2,3,"16:57:16","8:37:2"
906,3,56,"13:13:33","18:31:41"
906,4,69,"16:41:25","18:22:42"
906,5,5,"9:59:16","8:53:9"
907,1,8,"9:53:32","20:58:5"
907,2,41,"22:20:1","15:5:44"
907,3,40,"9:36:54","18:58:19"
907,4,99,"21:20:4","15:24:41"
907,5,98,"22:0:22","23:26:31"
908,1,93,"15:57:24","21:23:49"
908,2,44,"13:51:38","15:45:52"
908,3,21,"23:39:1","11:30:57"
908,4,70,"7:37:8","14:16:33"
908,5,76,"10:34:46","9:40:6"
909,1,59,"15:50:57","7:58:38"
909,2,33,"10:34:51","22:15:23"
909,3,54,"11:35:49","23:41:46"
909,4,6,"11:43:37","12:28:49"
909,5,48,"14:35:41","17:28:33"
910,1,94,"7:9:22","15:5:20"
910,2,34,"9:37:7","11:30:23"
910,3,18,"22:38:7","11:10:34"
910,4,62,"10:32:50","13:52:14"
910,5,95,"14:42:54","6:36:40"
911,1,16,"17:15:56","18:3:18"
911,2,2,"8:34:23","20:42:36"
911,3,9,"15:18:54","11:50:55"
911,4,46,"19:35:57","12:8:34"
911,5,29,"9:20:27","10:35:54"
912,1,57,"12:41:21","13:2:43"
912,2,67,"19:42:50","19:35:39"
912,3,12,"23:49:57","7:56:27"
912,4,49,"13:5:14","12:18:10"
912,5,42,"5:9:47","12:46:41"
913,1,82,"13:52:38","13:2:47"
913,2,55,"18:33:48","10:31:28"
913,3,4,"5:50:58","6:23:52"
913,4,51,"17:30:28","11:41:52"
913,5,90,"6:32:21","22:7:38"
914,1,92,"9:59:10","9:22:48"
914,2,18,"19:16:17","10:2:30"
914,3,22,"19:38:0","22:18:32"
914,4,23,"20:25:13","9:31:38"
914,5,47,"15:46:10","17:37:42"
915,1,94,"8:57:28","7:25:51"
915,2,17,"11:7:2","21:35:4"
915,3,57,"21:38:38","6:17:15"
915,4,88,"16:50:22","16:50:33"
915,5,37,"8:21:10","19:16:4"
916,1,88,"13:43:47","11:4:2"
916,2,61,"5:16:10","18:34:17"
916,3,93,"7:32:36","6:37:18"
916,4,38,"13:50:52","8:1:43"
916,5,34,"18:5:27","10:9:32"
917,1,58,"7:30:13","21:20:55"
917,2,30,"5:29:36","13:3:11"
917,3,9,"12:21:22","14:39:37"
917,4,88,"21:59:7","23:29:22"
917,5,91,"15:24:54","9:0:31"
918,1,100,"12:25:13","19:15:56"
918,2,33,"19:52:35","7:24:16"
918,3,59,"17:30:57","14:56:39"
918,4,89,"14:55:53","6:52:32"
918,5,28,"5:44:2","13:46:58"
919,1,57,"17:28:7","18:33:58"
919,2,76,"14:7:31","15:34:40"
919,3,83,"15:39:23","19:13:48"
919,4,68,"8:11:19","5:55:56"
919,5,35,"23:32:26","9:3:4"
920,1,82,"15:14:48","20:36:6"
920,2,21,"7:46:2","10:41:43"
920,3,36,"16:39:48","21:27:34"
920,4,77,"19:17:7","13:22:2"
920,5,84,"6:19:23","23:39:12"
921,1,42,"9:28:11","19:31:9"
921,2,65,"16:44:13","16:41:0"
921,3,78,"19:2:37","6:0:45"
921,4,24,"8:40:32","20:26:15"
921,5,75,"9:36:43","9:33:54"
922,1,40,"13:18:49","14:46:20"
922,2,52,"5:37:10","14:53:58"
922,3,39,"20:4:48","15:30:47"
922,4,79,"12:28:35","5:18:11"
922,5,42,"10:22:48","12:58:29"
923,1,79,"13:4:57","19:6:44"
923,2,35,"6:22:39","5:11:3"
923,3,46,"7:24:59","5:3:12"
923,4,45,"14:30:22","7:53:50"
923,5,91,"18:20:35","6:53:2"
924,1,54,"8:4:23","13:52:48"
924,2,63,"17:44:38","16:10:58"
924,3,96,"21:56:30","16:45:31"
924,4,27,"15:19:43","5:48:55"
924,5,19,"18:48:28","9:59:28"
925,1,17,"22:11:13","20:3:14"
925,2,70,"18:42:16","12:26:7"
925,3,7,"20:15:0","23:38:36"
925,4,76,"8:1:37","17:58:31"
925,5,67,"18:0:18","10:41:51"
926,1,32,"23:47:3","7:36:4"
926,2,80,"16:38:6","6:13:55"
926,3,21,"14:17:12","5:8:59"
926,4,83,"13:23:26","5:26:52"
926,5,46,"16:29:9","14:12:47"
927,1,97,"13:27:3","18:57:41"
927,2,43,"18:45:18","22:37:30"
927,3,34,"17:47:57","12:52:53"
927,4,76,"13:17:12","8:49:20"
927,5,71,"16:58:16","9:31:47"
928,1,99,"21:35:11","20:40:2"
928,2,65,"23:47:5","15:29:35"
928,3,77,"22:14:7","22:18:39"
928,4,53,"16:31:35","13:48:13"
928,5,5,"18:43:0","22:33:26"
929,1,69,"17:22:53","22:29:36"
929,2,49,"6:41:24","6:54:34"
929,3,38,"13:2:28","21:56:8"
929,4,36,"15:3:52","23:0:8"
929,5,13,"16:20:28","20:22:26"
930,1,54,"15:7:56","22:39:0"
930,2,28,"11:47:26","7:54:2"
930,3,12,"12:14:50","12:41:58"
930,4,74,"10:3:40","10:5:30"
930,5,4,"19:4:59","14:11:39"
931,1,61,"21:25:3","12:11:2"
931,2,4,"5:18:40","5:45:4"
931,3,11,"10:13:50","17:23:44"
931,4,50,"23:19:23","13:18:3"
931,5,70,"11:39:53","13:9:40"
932,1,21,"11:5:11","20:50:22"
932,2,81,"12:34:32","11:3:56"
932,3,49,"13:20:24","5:7:13"
932,4,22,"21:49:13","17:27:33"
932,5,44,"22:15:43","22:8:43"
933,1,27,"22:48:29","20:59:51"
933,2,91,"16:58:25","13:11:55"
933,3,96,"18:22:12","5:52:19"
933,4,32,"21:4:28","18:21:46"
933,5,31,"19:56:48","11:31:47"
934,1,68,"17:29:55","21:47:10"
934,2,84,"11:8:16","20:48:46"
934,3,18,"17:7:4","13:28:3"
934,4,43,"6:11:17","23:3:46"
934,5,47,"11:16:13","12:30:33"
935,1,47,"23:24:8","19:50:26"
935,2,52,"21:26:12","10:34:47"
935,3,65,"13:4:34","14:12:58"
935,4,68,"6:21:19","15:15:13"
935,5,80,"14:55:28","5:18:45"
936,1,53,"22:5:34","19:5:38"
936,2,31,"19:28:2","18:9:38"
936,3,4,"5:57:0","20:32:11"
936,4,71,"22:32:55","19:26:36"
936,5,2,"17:1:40","16:32:32"
937,1,45,"15:56:29","7:44:37"
937,2,33,"16:36:53","20:32:36"
937,3,10,"10:36:56","6:40:35"
937,4,13,"18:24:17","16:17:28"
937,5,5,"10:15:59","11:16:4"
938,1,96,"18:31:24","20:46:17"
938,2,38,"5:30:0","19:34:39"
938,3,11,"11:53:24","23:56:29"
938,4,99,"14:15:27","13:29:12"
938,5,2,"12:5:59","22:48:51"
939,1,34,"16:5:28","13:16:25"
939,2,68,"10:0:54","17:54:57"
939,3,91,"23:0:11","8:34:12"
939,4,26,"19:57:21","11:14:43"
939,5,14,"5:58:20","10:58:2"
940,1,39,"23:24:7","21:30:29"
940,2,64,"13:30:21","10:48:28"
940,3,92,"6:30:20","16:5:36"
940,4,80,"9:45:45","15:20:29"
940,5,32,"16:52:22","5:55:7"
941,1,21,"7:18:22","14:51:22"
941,2,24,"12:19:17","7:59:32"
941,3,53,"21:29:21","13:19:8"
941,4,73,"21:57:33","11:44:53"
941,5,78,"17:5:20","6:4:37"
942,1,92,"9:17:9","15:0:41"
942,2,83,"14:13:11","15:18:24"
942,3,77,"11:44:21","8:50:5"
942,4,60,"13:28:1","10:8:31"
942,5,18,"8:44:53","22:44:32"
943,1,84,"11:27:33","16:55:5"
943,2,45,"6:45:30","18:0:12"
943,3,77,"5:27:41","8:1:3"
943,4,8,"7:31:4","18:5:6"
943,5,96,"10:36:17","10:38:21"
944,1,2,"21:15:0","21:31:52"
944,2,8,"15:39:35","10:51:10"
944,3,53,"22:42:41","6:48:50"
944,4,63,"19:49:31","10:17:4"
944,5,7,"5:33:5","7:14:44"
945,1,46,"20:2:4","17:30:46"
945,2,38,"9:23:12","23:18:21"
945,3,66,"6:5:47","12:25:41"
945,4,92,"22:4:38","14:1:38"
945,5,100,"16:31:36","7:2:59"
946,1,48,"12:53:40","23:5:10"
946,2,24,"14:49:0","11:34:50"
946,3,38,"11:17:16","14:22:17"
946,4,2,"5:16:24","7:24:14"
946,5,67,"11:6:26","13:49:23"
947,1,15,"8:13:12","23:49:34"
947,2,49,"16:57:14","22:57:36"
947,3,30,"9:46:6","9:28:25"
947,4,67,"21:38:24","14:31:19"
947,5,4,"17:13:28","12:38:18"
948,1,80,"19:5:30","23:26:34"
948,2,1,"21:25:24","13:31:13"
948,3,37,"17:25:53","17:38:44"
948,4,79,"22:2:14","22:24:2"
948,5,17,"20:34:27","13:41:12"
949,1,74,"13:3:0","23:52:48"
949,2,17,"6:46:53","6:38:34"
949,3,100,"20:32:51","12:27:9"
949,4,90,"6:36:17","9:34:17"
949,5,83,"7:29:17","18:14:15"
950,1,70,"17:57:30","13:47:43"
950,2,58,"15:45:40","19:24:37"
950,3,83,"18:26:52","13:8:39"
950,4,42,"19:57:10","9:48:33"
950,5,56,"14:12:43","11:2:22"
951,1,14,"23:33:38","12:31:1"
951,2,18,"19:21:22","17:42:42"
951,3,78,"14:42:57","17:59:4"
951,4,51,"17:5:2","19:14:11"
951,5,44,"17:36:5","10:57:17"
952,1,43,"11:35:49","21:47:7"
952,2,5,"10:20:45","5:56:39"
952,3,16,"9:30:0","15:58:39"
952,4,72,"7:5:28","15:13:55"
952,5,57,"8:25:30","10:12:41"
953,1,51,"13:55:11","15:0:3"
953,2,62,"12:5:50","9:40:54"
953,3,32,"18:55:4","18:36:19"
953,4,44,"5:22:49","10:0:14"
953,5,18,"14:46:48","19:43:17"
954,1,30,"8:19:34","17:7:9"
954,2,11,"13:53:20","13:53:42"
954,3,61,"6:2:28","16:24:59"
954,4,80,"6:11:2","20:33:49"
954,5,95,"8:25:37","22:44:52"
955,1,57,"11:11:10","18:19:54"
955,2,27,"20:56:27","9:14:17"
955,3,21,"16:39:24","16:50:58"
955,4,74,"9:34:55","18:2:36"
955,5,90,"19:29:9","16:50:57"
956,1,65,"17:31:15","15:38:17"
956,2,91,"12:25:35","16:16:15"
956,3,34,"15:13:16","6:42:30"
956,4,47,"11:19:49","14:22:20"
956,5,35,"14:17:42","10:5:9"
957,1,91,"8:33:20","12:2:51"
957,2,57,"19:43:35","7:35:8"
957,3,89,"19:18:42","14:30:12"
957,4,1,"15:13:46","23:7:1"
957,5,93,"5:15:13","8:29:6"
958,1,95,"10:50:45","12:21:29"
958,2,40,"14:27:53","23:3:49"
958,3,78,"11:54:30","21:23:34"
958,4,88,"7:45:40","15:8:57"
958,5,34,"5:19:30","8:39:46"
959,1,13,"19:37:28","22:4:45"
959,2,20,"13:7:22","20:44:12"
959,3,1,"13:53:36","11:43:28"
959,4,82,"22:46:16","12:2:35"
959,5,50,"17:45:23","9:11:7"
960,1,64,"22:3:11","21:19:17"
960,2,86,"14:55:12","23:49:11"
960,3,83,"9:59:18","23:12:0"
960,4,22,"19:5:33","6:58:19"
960,5,74,"17:52:22","8:27:4"
961,1,82,"22:55:24","9:43:20"
961,2,79,"20:18:4","10:8:52"
961,3,99,"17:13:2","9:32:9"
961,4,83,"18:14:17","10:27:55"
961,5,80,"16:51:24","9:27:59"
962,1,27,"11:39:1","7:11:4"
962,2,41,"19:18:20","16:35:5"
962,3,64,"6:39:23","20:2:31"
962,4,25,"18:46:32","20:33:13"
962,5,27,"11:2:19","18:39:10"
963,1,46,"14:56:13","22:26:40"
963,2,35,"5:1:26","23:56:47"
963,3,63,"12:46:39","6:39:35"
963,4,42,"13:29:15","23:19:24"
963,5,88,"14:25:23","23:16:3"
964,1,32,"20:56:51","22:49:5"
964,2,9,"16:54:43","15:33:21"
964,3,28,"6:36:32","17:28:10"
964,4,38,"5:30:45","20:58:21"
964,5,4,"14:1:0","18:29:20"
965,1,70,"11:5:15","22:57:17"
965,2,98,"8:5:41","13:18:2"
965,3,65,"17:54:28","18:26:15"
965,4,40,"5:12:37","18:7:57"
965,5,11,"9:37:58","11:40:33"
966,1,22,"18:52:41","9:33:2"
966,2,81,"6:27:46","8:51:31"
966,3,58,"9:31:28","15:33:11"
966,4,28,"5:45:39","10:11:33"
966,5,8,"13:28:53","22:0:1"
967,1,15,"15:41:58","22:11:24"
967,2,11,"5:34:20","14:30:29"
967,3,96,"23:18:41","20:27:16"
967,4,47,"22:10:42","22:46:0"
967,5,80,"5:25:6","18:28:45"
968,1,17,"14:56:37","12:1:44"
968,2,20,"10:33:53","13:34:49"
968,3,75,"13:15:12","18:15:50"
968,4,2,"9:43:3","18:37:33"
968,5,49,"7:2:20","20:48:26"
969,1,43,"10:54:24","20:53:25"
969,2,8,"13:39:41","5:59:10"
969,3,92,"22:24:12","17:37:30"
969,4,64,"16:12:39","6:31:0"
969,5,87,"9:53:42","13:56:54"
970,1,97,"10:3:29","20:6:54"
970,2,11,"14:18:44","9:15:31"
970,3,22,"17:46:2","17:1:49"
970,4,41,"12:17:6","22:8:15"
970,5,41,"5:30:51","7:35:21"
971,1,78,"7:10:58","15:33:57"
971,2,84,"5:21:29","14:3:58"
971,3,61,"20:34:14","23:11:21"
971,4,33,"17:12:17","21:35:16"
971,5,66,"22:27:36","21:1:29"
972,1,1,"9:15:31","20:31:33"
972,2,48,"23:35:46","10:31:2"
972,3,77,"22:35:7","8:50:15"
972,4,97,"22:3:7","19:31:35"
972,5,73,"8:59:42","20:2:30"
973,1,18,"7:31:39","11:35:27"
973,2,94,"9:11:6","11:57:19"
973,3,54,"23:28:2","12:43:6"
973,4,33,"14:10:30","23:13:28"
973,5,28,"16:53:48","13:9:6"
974,1,84,"16:53:3","10:48:51"
974,2,23,"12:36:26","16:5:45"
974,3,42,"10:59:13","11:18:40"
974,4,33,"5:59:18","7:29:42"
974,5,97,"21:55:45","21:41:41"
975,1,14,"16:29:4","6:1:16"
975,2,9,"5:10:42","11:8:21"
975,3,31,"17:42:46","6:57:9"
975,4,36,"10:48:55","23:4:44"
975,5,19,"16:30:23","23:37:52"
976,1,24,"17:14:22","10:0:24"
976,2,43,"18:33:54","7:26:46"
976,3,84,"12:49:53","21:44:51"
976,4,61,"6:24:50","7:39:54"
976,5,33,"20:29:7","19:52:41"
977,1,72,"20:48:20","10:48:53"
977,2,54,"13:48:33","12:20:57"
977,3,74,"20:37:23","19:51:28"
977,4,59,"17:19:27","9:42:28"
977,5,33,"13:30:22","16:46:38"
978,1,89,"8:44:40","18:49:23"
978,2,73,"14:30:7","10:16:31"
978,3,7,"6:41:4","15:49:2"
978,4,100,"10:20:19","6:24:50"
978,5,63,"23:35:58","14:41:10"
979,1,50,"23:28:21","13:35:24"
979,2,82,"8:58:33","10:5:51"
979,3,13,"6:26:50","17:0:12"
979,4,72,"11:27:21","6:50:18"
979,5,19,"23:2:32","20:30:34"
980,1,87,"6:23:19","9:57:14"
980,2,16,"18:53:17","5:15:53"
980,3,62,"14:40:26","6:57:38"
980,4,68,"7:24:12","14:51:45"
980,5,79,"15:22:37","21:38:6"
981,1,49,"14:52:58","19:57:24"
981,2,85,"7:17:40","15:37:4"
981,3,26,"5:25:33","18:33:53"
981,4,9,"18:21:50","23:1:45"
981,5,70,"20:45:44","18:31:41"
982,1,84,"19:11:59","9:58:28"
982,2,22,"19:44:20","9:12:49"
982,3,49,"21:51:47","6:57:58"
982,4,82,"10:17:5","6:23:19"
982,5,8,"10:33:55","11:11:19"
983,1,42,"19:10:50","16:16:10"
983,2,51,"9:11:18","13:35:35"
983,3,83,"18:54:54","12:23:9"
983,4,86,"15:0:58","6:33:5"
983,5,65,"6:27:23","14:16:23"
984,1,46,"9:31:28","23:4:35"
984,2,43,"11:14:59","8:9:10"
984,3,41,"11:16:2","18:7:21"
984,4,16,"9:28:59","17:15:25"
984,5,3,"23:30:35","16:36:52"
985,1,61,"23:21:18","22:26:20"
985,2,43,"6:20:4","14:15:11"
985,3,32,"10:28:34","22:29:37"
985,4,28,"16:44:20","22:44:5"
985,5,52,"5:12:33","13:1:50"
986,1,96,"13:6:25","10:37:1"
986,2,21,"23:22:50","18:53:48"
986,3,65,"6:16:33","16:8:28"
986,4,56,"15:50:33","10:5:46"
986,5,27,"19:8:6","8:59:39"
987,1,34,"8:44:27","14:1:1"
987,2,21,"16:44:26","5:21:24"
987,3,12,"7:34:41","19:8:23"
987,4,18,"19:7:45","5:29:46"
987,5,1,"16:41:19","11:16:17"
988,1,25,"13:6:49","12:22:10"
988,2,84,"23:34:43","5:45:58"
988,3,60,"14:50:27","10:20:37"
988,4,8,"19:7:59","21:54:55"
988,5,52,"16:34:39","18:3:6"
989,1,11,"11:16:33","6:35:36"
989,2,20,"12:54:12","5:37:0"
989,3,92,"8:45:54","20:3:4"
989,4,42,"20:1:27","15:26:26"
989,5,41,"8:1:26","8:8:24"
990,1,20,"6:43:33","15:44:23"
990,2,36,"6:28:10","21:12:8"
990,3,79,"22:42:35","17:58:14"
990,4,92,"20:16:41","16:16:19"
990,5,29,"7:58:1","16:17:5"
991,1,9,"18:17:13","15:6:10"
991,2,85,"8:7:17","22:15:48"
991,3,75,"23:55:39","12:21:6"
991,4,23,"5:56:2","19:8:13"
991,5,67,"20:7:13","8:43:31"
992,1,21,"11:24:14","23:46:29"
992,2,31,"11:44:13","19:25:5"
992,3,29,"17:7:32","10:29:47"
992,4,7,"12:17:9","23:43:33"
992,5,2,"18:27:55","13:16:55"
993,1,65,"6:50:38","19:44:57"
993,2,40,"20:23:15","10:31:2"
993,3,14,"21:16:45","11:38:59"
993,4,47,"20:54:25","7:22:50"
993,5,73,"10:35:24","10:25:44"
994,1,30,"17:7:22","5:44:39"
994,2,1,"13:43:44","16:20:1"
994,3,86,"21:55:3","9:41:38"
994,4,2,"9:38:42","7:33:35"
994,5,13,"19:53:22","18:38:40"
995,1,74,"23:7:22","8:41:39"
995,2,15,"12:26:23","15:10:1"
995,3,2,"15:37:50","8:50:55"
995,4,13,"16:21:23","9:26:13"
995,5,57,"5:22:54","9:32:29"
996,1,7,"7:7:18","12:54:13"
996,2,34,"11:37:36","7:6:20"
996,3,18,"23:52:43","15:54:54"
996,4,89,"20:30:39","10:19:12"
996,5,53,"6:18:48","8:27:41"
997,1,85,"16:50:35","23:36:45"
997,2,62,"19:18:51","19:35:13"
997,3,32,"17:48:14","8:28:55"
997,4,4,"21:46:2","5:39:33"
997,5,17,"14:35:31","15:24:56"
998,1,93,"11:47:46","13:54:38"
998,2,62,"17:19:18","16:37:36"
998,3,16,"13:5:40","16:38:12"
998,4,87,"8:5:36","11:56:55"
998,5,98,"11:3:19","22:52:33"
999,1,85,"19:13:33","15:35:20"
999,2,83,"23:32:41","18:42:19"
999,3,67,"18:15:28","12:33:30"
999,4,6,"15:7:56","10:45:2"
999,5,11,"21:23:48","21:25:11"
1000,1,99,"15:3:14","16:24:37"
1000,2,56,"21:42:54","16:21:42"
1000,3,7,"5:0:1","9:18:28"
1000,4,11,"12:52:23","20:38:54"
1000,5,61,"23:50:24","11:43:37"
