"trip_id","stop_sequence","stop_id","arrival_time","departure_time"
1,1,99,"11:49:58","13:2:51"
1,2,94,"14:33:26","14:24:21"
1,3,100,"12:21:8","15:29:50"
1,4,85,"22:7:4","22:25:2"
1,5,7,"18:1:55","21:34:19"
2,1,58,"8:1:47","18:54:23"
2,2,34,"20:40:5","20:30:46"
2,3,73,"16:11:16","5:19:11"
2,4,14,"7:15:33","20:48:11"
2,5,2,"8:23:42","20:50:51"
3,1,88,"10:32:27","8:45:34"
3,2,45,"8:46:26","11:6:32"
3,3,63,"14:59:35","16:6:27"
3,4,22,"9:42:30","23:30:13"
3,5,11,"23:40:45","23:2:36"
4,1,85,"19:17:31","17:46:49"
4,2,100,"14:30:38","21:41:16"
4,3,56,"14:5:48","13:19:37"
4,4,12,"17:50:10","20:50:58"
4,5,93,"13:16:38","16:59:29"
5,1,43,"19:56:53","22:21:14"
5,2,1,"13:23:14","12:2:43"
5,3,92,"6:20:6","7:57:18"
5,4,7,"8:31:23","20:14:23"
5,5,85,"10:50:59","12:37:22"
6,1,97,"23:16:24","16:50:20"
6,2,12,"21:21:54","22:0:34"
6,3,9,"9:36:48","9:32:3"
6,4,80,"22:3:50","12:43:59"
6,5,11,"11:26:41","17:12:17"
7,1,37,"20:55:6","16:47:59"
7,2,71,"16:28:17","10:12:8"
7,3,43,"13:40:56","5:45:19"
7,4,66,"11:33:18","6:43:34"
7,5,24,"15:36:57","23:46:4"
8,1,54,"7:46:45","8:30:12"
8,2,21,"8:39:50","19:56:16"
8,3,96,"23:34:40","10:24:47"
8,4,55,"16:26:16","18:56:42"
8,5,80,"14:10:57","12:59:6"
9,1,14,"17:35:49","21:36:37"
9,2,79,"23:18:51","12:58:40"
9,3,5,"20:40:57","15:12:38"
9,4,94,"22:0:41","10:4:33"
9,5,34,"20:28:24","14:19:23"
10,1,88,"16:25:2","16:55:44"
10,2,43,"17:18:29","18:47:1"
10,3,85,"14:20:47","23:35:39"
10,4,96,"14:1:40","17:1:49"
10,5,83,"18:28:36","15:17:47"
11,1,31,"18:6:50","17:43:44"
11,2,61,"18:27:1","14:25:7"
11,3,91,"10:23:59","14:10:41"
11,4,95,"8:50:42","21:21:20"
11,5,31,"23:49:42","13:20:29"
12,1,63,"12:52:42","19:1:50"
12,2,48,"15:17:40","13:6:36"
12,3,87,"19:57:22","12:13:9"
12,4,17,"5:51:4","10:16:11"
12,5,75,"11:6:49","6:11:14"
13,1,47,"20:6:1","17:43:42"
13,2,28,"14:32:5","17:30:47"
13,3,98,"8:5:53","10:43:18"
13,4,25,"11:6:52","12:9:26"
13,5,83,"5:8:20","22:7:32"
14,1,3,"17:5:54","22:34:40"
14,2,79,"17:0:7","12:39:21"
14,3,71,"6:23:30","13:5:16"
14,4,85,"5:55:5","9:11:19"
14,5,27,"15:54:28","12:20:6"
15,1,19,"16:2:54","22:36:30"
15,2,38,"11:22:31","17:6:51"
15,3,24,"11:3:4","18:35:2"
15,4,97,"18:21:39","19:4:30"
15,5,65,"20:54:6","8:31:32"
16,1,62,"18:32:38","9:10:23"
16,2,92,"18:33:24","12:4:51"
16,3,65,"5:11:53","11:49:58"
16,4,66,"6:10:8","11:23:42"
16,5,62,"14:35:14","11:34:47"
17,1,89,"5:20:35","19:55:14"
17,2,48,"15:51:0","6:19:36"
17,3,33,"10:8:32","17:40:41"
17,4,67,"9:40:27","17:28:3"
17,5,36,"23:19:43","16:56:49"
18,1,66,"13:39:26","17:33:44"
18,2,87,"10:41:29","17:46:15"
18,3,88,"10:2:30","18:47:15"
18,4,77,"22:47:4","5:18:45"
18,5,23,"5:24:8","18:12:18"
19,1,7,"23:38:14","19:18:27"
19,2,22,"18:15:21","22:32:20"
19,3,8,"19:13:1","16:55:45"
19,4,4,"12:50:41","5:52:54"
19,5,20,"13:39:49","21:46:30"
20,1,57,"17:1:8","23:31:20"
20,2,15,"15:29:21","23:19:28"
20,3,52,"18:56:46","19:52:50"
20,4,76,"18:27:50","7:2:37"
20,5,41,"19:37:11","20:36:23"
21,1,62,"8:6:18","11:42:15"
21,2,43,"11:57:31","8:28:52"
21,3,90,"9:56:43","14:59:15"
21,4,34,"5:7:35","16:4:15"
21,5,98,"9:33:47","21:30:24"
22,1,93,"16:25:54","20:43:58"
22,2,46,"10:40:5","18:3:58"
22,3,41,"10:26:53","20:33:42"
22,4,56,"16:26:4","8:53:0"
22,5,34,"9:28:34","5:46:57"
23,1,69,"17:44:24","11:11:48"
23,2,36,"23:17:18","14:22:9"
23,3,23,"12:24:11","20:40:46"
23,4,95,"9:19:51","21:57:9"
23,5,68,"19:35:43","10:39:19"
24,1,23,"17:49:33","23:28:9"
24,2,86,"7:46:45","13:51:56"
24,3,42,"16:21:22","16:36:10"
24,4,56,"8:58:49","16:42:52"
24,5,67,"22:57:25","22:57:53"
25,1,94,"8:56:11","23:55:50"
25,2,61,"7:42:36","23:6:17"
25,3,38,"8:51:9","20:30:24"
25,4,30,"15:14:3","11:52:19"
25,5,47,"6:32:3","23:43:40"
26,1,53,"9:36:18","15:40:46"
26,2,20,"14:52:6","14:35:51"
26,3,27,"20:24:32","11:14:59"
26,4,75,"9:33:22","8:59:15"
26,5,12,"7:26:38","7:39:53"
27,1,33,"20:0:51","16:38:3"
27,2,29,"5:20:31","9:21:50"
27,3,13,"20:40:26","21:0:42"
27,4,64,"13:2:7","22:40:2"
27,5,88,"6:21:39","16:46:3"
28,1,51,"21:35:23","10:33:14"
28,2,74,"8:23:14","18:29:31"
28,3,11,"20:4:5","21:29:49"
28,4,12,"18:1:15","7:34:27"
28,5,68,"22:42:6","9:52:7"
29,1,17,"14:55:33","11:11:42"
29,2,1,"20:50:48","22:4:17"
29,3,67,"17:27:35","8:1:44"
29,4,25,"16:4:41","8:41:37"
29,5,7,"14:14:9","21:15:12"
30,1,95,"19:5:31","13:32:38"
30,2,83,"8:49:27","22:13:10"
30,3,45,"17:49:10","17:15:27"
30,4,63,"20:47:43","19:24:36"
30,5,24,"7:34:1","11:46:25"
31,1,23,"20:5:54","14:3:46"
31,2,99,"21:59:38","13:57:30"
31,3,45,"8:42:30","8:4:15"
31,4,63,"19:26:24","5:56:24"
31,5,23,"19:12:17","13:29:47"
32,1,47,"15:32:36","15:13:3"
32,2,100,"8:36:30","23:45:20"
32,3,52,"5:32:55","15:15:18"
32,4,27,"19:28:36","20:38:11"
32,5,83,"21:39:39","18:40:51"
33,1,32,"11:19:59","12:31:51"
33,2,60,"12:0:14","19:36:46"
33,3,47,"7:20:12","7:44:14"
33,4,28,"18:51:15","7:12:1"
33,5,12,"9:9:13","14:22:46"
34,1,27,"14:54:33","18:43:28"
34,2,97,"5:30:30","13:28:56"
34,3,21,"18:59:1","22:52:42"
34,4,64,"12:39:2","15:49:25"
34,5,62,"16:46:56","14:16:44"
35,1,93,"19:8:32","20:31:19"
35,2,85,"13:7:23","7:40:7"
35,3,51,"11:13:52","22:15:59"
35,4,97,"8:41:12","16:18:59"
35,5,16,"16:47:32","11:29:4"
36,1,93,"12:19:56","22:59:4"
36,2,82,"19:19:19","16:6:8"
36,3,85,"20:46:22","6:10:0"
36,4,83,"10:42:27","20:49:36"
36,5,80,"13:14:22","6:55:7"
37,1,64,"22:55:33","22:58:34"
37,2,61,"9:33:10","16:17:44"
37,3,72,"19:49:46","20:31:52"
37,4,38,"11:55:36","18:46:34"
37,5,30,"16:6:7","11:0:59"
38,1,26,"19:54:29","21:53:8"
38,2,66,"19:28:45","13:30:42"
38,3,33,"12:40:12","8:6:57"
38,4,77,"23:57:54","10:52:4"
38,5,69,"15:0:43","16:26:51"
39,1,56,"20:19:21","19:1:37"
39,2,91,"17:26:7","9:9:16"
39,3,14,"16:56:16","21:58:35"
39,4,90,"23:8:37","23:45:37"
39,5,71,"6:9:49","5:48:7"
40,1,46,"17:31:51","12:37:3"
40,2,28,"16:29:48","14:34:26"
40,3,26,"21:25:37","15:10:27"
40,4,99,"15:31:1","7:11:28"
40,5,84,"7:31:12","10:5:33"
41,1,78,"22:38:58","10:5:47"
41,2,13,"15:55:38","13:5:33"
41,3,83,"8:34:58","22:4:46"
41,4,91,"13:22:41","16:56:36"
41,5,44,"12:3:8","8:4:11"
42,1,7,"9:6:57","11:33:28"
42,2,90,"20:18:33","12:26:12"
42,3,17,"10:54:59","17:46:35"
42,4,29,"9:34:46","12:44:27"
42,5,91,"6:17:54","23:44:13"
43,1,42,"18:52:21","13:0:41"
43,2,61,"11:26:13","17:12:37"
43,3,75,"22:55:54","16:40:16"
43,4,16,"14:51:35","6:38:5"
43,5,68,"15:4:6","5:6:57"
44,1,85,"18:4:6","10:33:32"
44,2,86,"15:14:11","9:31:52"
44,3,10,"12:12:9","16:12:56"
44,4,31,"20:47:16","18:20:50"
44,5,100,"5:13:59","22:35:59"
45,1,44,"11:33:52","9:22:23"
45,2,59,"19:11:6","5:24:7"
45,3,86,"18:42:48","7:53:24"
45,4,31,"11:20:20","8:44:45"
45,5,20,"12:52:43","5:34:29"
46,1,3,"23:27:9","18:11:34"
46,2,97,"21:59:26","17:6:54"
46,3,40,"15:29:34","21:6:22"
46,4,84,"20:40:23","11:30:31"
46,5,59,"15:30:40","5:34:4"
47,1,40,"17:9:30","15:41:23"
47,2,13,"7:49:29","16:43:5"
47,3,62,"10:57:57","17:12:14"
47,4,40,"10:55:49","21:0:1"
47,5,10,"16:32:39","18:23:34"
48,1,4,"23:47:37","12:5:12"
48,2,57,"11:32:59","12:11:30"
48,3,88,"7:27:56","13:46:31"
48,4,87,"23:0:42","19:8:43"
48,5,81,"18:13:38","12:11:36"
49,1,56,"20:16:12","9:46:50"
49,2,26,"11:17:39","8:8:52"
49,3,81,"19:26:10","23:48:11"
49,4,25,"13:50:42","18:2:36"
49,5,64,"18:48:50","7:24:47"
50,1,15,"6:34:30","12:14:12"
50,2,30,"21:7:32","22:13:25"
50,3,59,"20:48:54","18:25:3"
50,4,47,"9:32:26","17:29:49"
50,5,43,"10:7:40","19:19:4"
51,1,35,"9:26:51","11:36:44"
51,2,94,"22:12:15","6:42:22"
51,3,16,"5:31:6","22:34:17"
51,4,59,"11:41:56","17:18:53"
51,5,14,"18:15:30","13:17:13"
52,1,10,"10:25:38","8:44:12"
52,2,38,"21:7:39","12:38:38"
52,3,14,"8:29:48","20:9:11"
52,4,8,"23:36:31","21:7:49"
52,5,36,"5:0:24","9:42:51"
53,1,97,"15:4:35","8:33:24"
53,2,65,"18:56:7","6:2:2"
53,3,72,"14:44:24","14:48:38"
53,4,76,"5:3:56","10:14:54"
53,5,76,"14:42:41","10:26:17"
54,1,44,"20:3:25","20:8:36"
54,2,40,"22:9:28","21:4:22"
54,3,72,"18:18:23","18:52:48"
54,4,75,"11:10:56","10:1:43"
54,5,18,"22:33:35","20:39:12"
55,1,19,"8:42:40","5:1:18"
55,2,41,"6:32:37","12:34:39"
55,3,67,"11:15:6","18:44:17"
55,4,98,"13:53:24","17:13:31"
55,5,14,"7:2:5","8:45:12"
56,1,93,"9:59:6","17:40:22"
56,2,91,"15:27:50","17:37:6"
56,3,16,"5:41:44","14:41:59"
56,4,100,"8:50:29","11:47:51"
56,5,55,"17:14:27","5:50:19"
57,1,14,"12:25:37","14:46:41"
57,2,43,"7:30:0","16:9:51"
57,3,84,"22:11:9","17:43:5"
57,4,81,"19:51:11","23:5:47"
57,5,89,"5:55:52","14:2:37"
58,1,55,"12:16:34","16:30:29"
58,2,31,"13:5:23","18:57:7"
58,3,63,"23:8:48","23:47:43"
58,4,48,"10:56:46","12:28:24"
58,5,89,"6:40:34","11:48:2"
59,1,31,"14:50:2","19:14:3"
59,2,26,"22:59:49","16:55:15"
59,3,33,"5:43:20","21:29:25"
59,4,87,"13:58:18","23:34:35"
59,5,16,"10:2:42","21:43:10"
60,1,68,"9:32:48","10:12:56"
60,2,52,"17:28:46","20:12:57"
60,3,80,"8:36:4","9:11:36"
60,4,8,"13:7:20","11:22:0"
60,5,44,"12:51:19","10:21:16"
61,1,96,"14:10:9","10:6:49"
61,2,73,"15:1:51","6:37:17"
61,3,73,"20:49:51","14:44:2"
61,4,92,"18:28:59","10:7:49"
61,5,57,"10:51:46","19:33:47"
62,1,11,"7:30:41","23:8:30"
62,2,93,"19:38:14","9:31:37"
62,3,83,"17:0:12","14:21:55"
62,4,96,"14:32:22","21:59:40"
62,5,51,"14:28:50","15:7:57"
63,1,44,"21:13:7","23:2:17"
63,2,7,"10:35:47","5:18:20"
63,3,36,"23:7:24","23:54:42"
63,4,91,"20:23:40","10:23:24"
63,5,98,"22:11:48","7:2:6"
64,1,23,"13:21:3","15:10:49"
64,2,95,"14:58:31","23:28:4"
64,3,17,"22:46:36","13:17:47"
64,4,46,"7:7:42","20:12:15"
64,5,59,"11:30:36","10:5:18"
65,1,38,"12:37:3","23:59:8"
65,2,70,"23:25:58","13:54:57"
65,3,86,"19:13:42","14:13:59"
65,4,34,"8:55:48","21:49:49"
65,5,97,"19:42:48","10:24:22"
66,1,16,"9:31:31","20:42:19"
66,2,36,"15:29:25","9:27:57"
66,3,98,"13:38:42","9:49:20"
66,4,56,"12:35:12","13:14:40"
66,5,7,"17:13:3","20:56:42"
67,1,38,"6:10:53","5:43:9"
67,2,20,"20:1:41","13:19:19"
67,3,24,"21:45:59","5:28:46"
67,4,80,"17:36:56","9:2:13"
67,5,23,"20:56:13","8:19:46"
68,1,27,"23:34:45","9:23:45"
68,2,94,"8:47:12","8:30:47"
68,3,90,"6:49:45","11:13:59"
68,4,47,"21:51:5","18:52:32"
68,5,55,"22:44:59","15:48:5"
69,1,65,"18:19:18","21:52:53"
69,2,7,"5:22:7","16:19:17"
69,3,43,"16:21:42","23:42:46"
69,4,90,"22:55:41","16:51:18"
69,5,50,"11:21:55","20:54:35"
70,1,60,"12:8:20","17:2:46"
70,2,25,"13:9:5","22:29:39"
70,3,29,"10:35:42","21:20:59"
70,4,63,"9:4:20","14:59:15"
70,5,2,"12:47:55","10:29:29"
71,1,28,"19:37:28","15:38:3"
71,2,53,"9:23:36","15:38:51"
71,3,9,"7:43:5","11:33:38"
71,4,8,"17:59:31","7:31:0"
71,5,64,"20:35:41","16:32:56"
72,1,46,"6:51:40","22:43:12"
72,2,71,"14:3:5","23:47:39"
72,3,9,"8:55:9","22:0:50"
72,4,78,"12:56:54","6:7:3"
72,5,92,"20:51:43","8:35:42"
73,1,62,"11:27:58","8:20:12"
73,2,38,"23:48:13","15:43:42"
73,3,77,"6:52:32","16:54:1"
73,4,13,"23:40:35","20:0:50"
73,5,37,"17:19:2","23:28:20"
74,1,95,"7:35:44","20:44:29"
74,2,80,"6:58:45","8:24:0"
74,3,72,"23:9:36","18:0:14"
74,4,53,"8:44:46","10:50:56"
74,5,63,"6:33:35","13:16:53"
75,1,10,"14:35:49","12:7:12"
75,2,49,"6:52:12","11:47:19"
75,3,86,"9:33:51","20:27:29"
75,4,63,"20:1:1","8:44:45"
75,5,34,"9:13:32","6:42:53"
76,1,68,"7:47:46","19:1:3"
76,2,59,"6:14:38","9:27:32"
76,3,81,"5:3:11","17:54:11"
76,4,8,"14:37:2","12:17:54"
76,5,17,"16:53:11","15:54:2"
77,1,33,"14:53:1","5:13:29"
77,2,9,"13:54:7","8:18:29"
77,3,18,"6:43:2","22:31:20"
77,4,7,"7:2:45","19:26:8"
77,5,21,"11:14:20","12:1:8"
78,1,43,"12:45:59","8:2:52"
78,2,78,"11:58:9","11:45:25"
78,3,87,"7:57:15","13:3:37"
78,4,86,"18:50:13","11:46:59"
78,5,27,"16:35:33","17:41:59"
79,1,100,"16:4:39","17:54:17"
79,2,33,"23:4:46","9:38:57"
79,3,70,"13:55:12","20:31:39"
79,4,15,"19:40:35","15:25:53"
79,5,56,"15:48:21","11:55:13"
80,1,40,"15:51:13","6:56:16"
80,2,9,"20:43:49","21:48:50"
80,3,72,"22:55:56","12:55:10"
80,4,79,"10:7:11","10:51:31"
80,5,84,"20:18:6","17:20:50"
81,1,81,"9:53:42","12:1:47"
81,2,23,"17:30:30","5:8:16"
81,3,34,"23:55:1","15:40:23"
81,4,40,"14:20:14","20:1:48"
81,5,63,"18:16:56","18:32:26"
82,1,76,"15:55:30","7:36:55"
82,2,30,"10:15:19","5:50:9"
82,3,25,"17:41:41","16:16:42"
82,4,85,"8:0:21","11:53:29"
82,5,16,"9:4:54","14:3:50"
83,1,28,"23:38:40","12:55:12"
83,2,30,"17:4:39","9:55:42"
83,3,80,"6:54:54","18:1:46"
83,4,66,"10:26:48","12:32:12"
83,5,56,"16:4:6","7:52:25"
84,1,8,"21:6:14","9:32:16"
84,2,66,"13:19:5","9:31:37"
84,3,80,"23:1:55","8:42:13"
84,4,9,"9:25:48","6:32:58"
84,5,21,"13:52:17","20:2:57"
85,1,90,"22:23:4","11:22:8"
85,2,21,"11:30:25","21:32:40"
85,3,77,"8:34:1","23:34:58"
85,4,17,"18:4:10","6:46:36"
85,5,46,"19:33:18","7:9:16"
86,1,76,"19:57:21","21:45:0"
86,2,81,"11:20:37","20:50:19"
86,3,26,"21:27:54","17:32:58"
86,4,14,"23:54:21","19:40:28"
86,5,24,"15:19:14","22:43:12"
87,1,48,"21:2:41","18:24:50"
87,2,100,"23:29:53","21:28:50"
87,3,6,"7:13:0","7:16:19"
87,4,17,"9:2:5","5:3:26"
87,5,72,"8:51:40","22:9:1"
88,1,100,"18:56:57","6:47:32"
88,2,90,"20:35:56","14:27:13"
88,3,33,"15:37:36","14:57:37"
88,4,29,"12:14:32","22:26:48"
88,5,69,"8:19:13","8:59:30"
89,1,71,"13:3:32","10:12:47"
89,2,72,"15:19:54","13:42:27"
89,3,78,"13:9:34","9:58:1"
89,4,39,"17:48:20","12:41:0"
89,5,92,"8:31:37","12:53:26"
90,1,59,"9:54:11","18:13:12"
90,2,40,"22:40:51","5:29:47"
90,3,7,"15:23:50","21:54:34"
90,4,88,"17:31:47","22:43:13"
90,5,42,"18:4:20","22:40:28"
91,1,50,"11:5:15","5:5:22"
91,2,19,"15:40:10","9:38:21"
91,3,31,"15:51:32","15:1:58"
91,4,61,"10:0:37","22:19:46"
91,5,95,"14:35:57","16:27:25"
92,1,87,"11:27:22","12:55:16"
92,2,98,"19:40:38","9:59:45"
92,3,74,"9:35:23","6:8:25"
92,4,73,"14:10:54","8:11:39"
92,5,50,"22:25:13","7:7:46"
93,1,92,"19:10:24","11:59:32"
93,2,96,"13:51:49","11:50:33"
93,3,81,"17:40:40","20:59:30"
93,4,85,"23:25:35","11:51:53"
93,5,100,"22:0:27","8:45:5"
94,1,64,"12:34:52","6:17:22"
94,2,10,"23:39:37","5:3:41"
94,3,24,"7:41:7","18:30:44"
94,4,80,"23:32:2","23:22:33"
94,5,97,"11:45:16","6:9:18"
95,1,62,"11:26:30","9:2:14"
95,2,43,"21:35:35","9:46:33"
95,3,75,"6:35:25","10:52:23"
95,4,63,"6:5:38","22:48:50"
95,5,53,"13:48:8","7:52:44"
96,1,4,"9:34:9","6:30:58"
96,2,3,"8:42:3","13:41:44"
96,3,12,"10:18:44","17:39:48"
96,4,10,"14:46:6","8:32:20"
96,5,80,"5:29:10","15:10:12"
97,1,41,"15:56:59","5:39:35"
97,2,54,"17:47:16","7:48:20"
97,3,90,"21:40:11","18:45:26"
97,4,84,"16:36:39","23:17:48"
97,5,2,"9:3:20","15:28:28"
98,1,1,"20:44:40","17:48:22"
98,2,56,"6:51:40","13:52:36"
98,3,49,"15:38:52","11:23:37"
98,4,84,"17:24:54","19:10:48"
98,5,89,"16:29:56","6:28:53"
99,1,59,"12:11:42","6:32:36"
99,2,51,"11:33:32","16:41:42"
99,3,13,"12:25:10","19:14:45"
99,4,66,"11:21:50","21:43:35"
99,5,13,"10:11:7","19:7:1"
100,1,34,"16:8:2","16:43:8"
100,2,91,"14:54:26","14:50:33"
100,3,54,"16:39:25","22:36:54"
100,4,21,"6:16:22","10:51:6"
100,5,25,"15:3:50","17:31:57"
101,1,81,"20:36:18","18:21:13"
101,2,15,"22:33:49","22:46:56"
101,3,89,"21:39:53","5:51:40"
101,4,11,"20:46:52","8:10:24"
101,5,41,"17:49:22","21:40:20"
102,1,56,"8:10:3","15:21:46"
102,2,94,"15:38:50","21:45:32"
102,3,1,"17:13:5","23:40:33"
102,4,40,"11:58:34","18:30:52"
102,5,2,"12:33:17","18:17:59"
103,1,17,"10:41:10","15:19:12"
103,2,49,"8:23:9","17:37:53"
103,3,98,"10:22:35","10:55:15"
103,4,82,"17:56:18","19:59:41"
103,5,41,"9:18:19","5:46:45"
104,1,2,"16:23:7","8:3:8"
104,2,100,"11:50:46","20:21:3"
104,3,77,"18:49:13","13:28:20"
104,4,10,"21:2:59","14:19:9"
104,5,37,"17:55:6","6:10:21"
105,1,24,"9:56:50","22:54:6"
105,2,5,"22:25:6","21:3:52"
105,3,29,"11:23:20","5:37:31"
105,4,76,"17:38:0","15:58:18"
105,5,92,"6:0:51","14:56:21"
106,1,20,"21:18:20","23:35:10"
106,2,94,"15:33:53","22:43:3"
106,3,72,"6:58:1","17:10:55"
106,4,44,"8:29:47","20:32:33"
106,5,19,"10:44:7","22:9:8"
107,1,59,"22:16:58","5:51:20"
107,2,53,"11:26:52","10:53:58"
107,3,35,"16:52:7","18:23:32"
107,4,93,"22:16:50","22:41:1"
107,5,71,"22:29:3","19:27:17"
108,1,94,"5:29:19","17:52:2"
108,2,32,"6:22:58","16:12:47"
108,3,83,"11:51:16","9:21:26"
108,4,87,"10:17:23","13:54:47"
108,5,65,"18:6:58","12:44:28"
109,1,11,"15:12:44","13:14:58"
109,2,91,"21:35:12","5:21:26"
109,3,70,"21:59:44","23:6:47"
109,4,56,"9:54:52","14:41:49"
109,5,44,"23:45:19","11:45:18"
110,1,17,"10:3:32","20:40:36"
110,2,47,"13:40:25","23:5:41"
110,3,63,"20:31:46","6:7:39"
110,4,91,"9:34:48","5:33:43"
110,5,40,"20:6:44","15:20:44"
111,1,63,"5:57:20","13:33:35"
111,2,70,"9:37:53","11:7:30"
111,3,71,"14:23:8","16:21:36"
111,4,26,"20:48:5","8:34:29"
111,5,81,"9:10:51","13:53:15"
112,1,74,"22:20:1","19:36:54"
112,2,10,"12:13:16","8:7:35"
112,3,1,"12:42:33","7:30:12"
112,4,84,"7:29:4","5:47:47"
112,5,17,"14:6:51","16:43:14"
113,1,67,"13:18:54","13:6:57"
113,2,65,"11:43:13","12:30:50"
113,3,34,"6:34:9","13:21:10"
113,4,32,"10:3:13","19:53:26"
113,5,71,"15:18:2","6:11:7"
114,1,24,"9:0:14","17:7:54"
114,2,91,"6:33:36","5:38:8"
114,3,68,"13:33:12","18:18:20"
114,4,61,"7:33:33","6:35:33"
114,5,62,"15:50:2","19:10:26"
115,1,78,"22:19:26","15:33:32"
115,2,72,"5:35:21","11:12:20"
115,3,38,"9:59:20","20:22:54"
115,4,92,"10:39:17","20:47:4"
115,5,35,"11:37:58","20:24:48"
116,1,43,"16:24:34","13:27:2"
116,2,32,"15:30:3","16:11:42"
116,3,62,"9:58:59","9:13:12"
116,4,7,"23:31:35","8:34:12"
116,5,29,"11:42:37","18:37:47"
117,1,18,"7:56:56","11:26:19"
117,2,74,"7:3:13","20:18:22"
117,3,86,"18:9:5","23:29:32"
117,4,8,"7:40:13","18:23:30"
117,5,20,"19:14:49","14:10:16"
118,1,3,"16:18:12","10:8:27"
118,2,16,"14:24:13","22:43:14"
118,3,94,"11:9:53","23:38:50"
118,4,90,"14:15:16","11:52:41"
118,5,27,"22:32:36","9:44:43"
119,1,16,"6:27:56","5:48:40"
119,2,64,"12:19:44","19:42:40"
119,3,56,"14:20:34","9:51:6"
119,4,39,"14:52:39","20:22:32"
119,5,39,"22:11:0","22:49:11"
120,1,58,"12:34:38","5:37:13"
120,2,47,"19:49:32","23:29:4"
120,3,53,"13:26:56","18:11:10"
120,4,26,"17:47:3","23:47:19"
120,5,67,"21:2:23","10:38:46"
121,1,82,"21:55:26","9:1:42"
121,2,69,"9:3:52","5:16:53"
121,3,70,"13:41:35","6:14:24"
121,4,27,"13:55:45","17:43:10"
121,5,32,"11:31:8","5:56:31"
122,1,51,"9:25:18","13:50:11"
122,2,49,"12:48:11","18:47:15"
122,3,31,"22:52:54","13:50:20"
122,4,97,"14:23:24","18:42:35"
122,5,27,"20:26:26","17:41:21"
123,1,8,"16:11:23","8:27:49"
123,2,55,"10:14:0","8:41:22"
123,3,38,"23:12:19","7:9:48"
123,4,6,"15:0:13","20:41:7"
123,5,7,"14:3:55","19:48:7"
124,1,61,"10:40:4","21:19:33"
124,2,60,"18:57:13","12:7:10"
124,3,7,"9:29:27","14:23:29"
124,4,85,"7:27:28","17:15:50"
124,5,32,"18:6:27","8:36:57"
125,1,30,"20:13:58","20:22:53"
125,2,22,"11:34:17","6:20:52"
125,3,96,"12:47:15","14:36:53"
125,4,71,"21:30:33","19:55:17"
125,5,12,"9:59:24","11:21:26"
126,1,1,"5:27:36","23:43:30"
126,2,58,"7:27:59","15:57:22"
126,3,96,"6:14:5","21:24:58"
126,4,39,"21:51:38","19:53:44"
126,5,61,"11:27:20","21:27:49"
127,1,94,"22:3:14","23:28:46"
127,2,36,"18:42:5","19:3:4"
127,3,5,"16:6:12","19:42:14"
127,4,59,"20:24:54","16:7:58"
127,5,53,"19:50:32","22:13:37"
128,1,16,"5:14:35","14:9:30"
128,2,43,"23:10:11","13:28:27"
128,3,69,"19:3:49","5:48:38"
128,4,96,"20:33:45","21:54:47"
128,5,41,"21:46:34","10:46:3"
129,1,72,"13:32:51","18:10:50"
129,2,41,"11:23:27","21:40:39"
129,3,57,"7:57:21","11:21:21"
129,4,46,"5:23:11","6:34:57"
129,5,43,"15:20:25","14:2:10"
130,1,26,"8:58:36","18:23:29"
130,2,38,"5:10:47","18:48:41"
130,3,43,"6:33:8","20:57:32"
130,4,80,"7:12:35","7:1:58"
130,5,84,"19:37:8","5:50:6"
131,1,6,"23:35:42","16:57:47"
131,2,70,"20:21:56","10:55:38"
131,3,55,"5:35:26","8:49:38"
131,4,23,"5:2:3","20:57:58"
131,5,6,"20:4:34","14:47:55"
132,1,41,"15:49:5","23:32:34"
132,2,88,"8:32:24","15:13:35"
132,3,80,"20:34:7","5:53:9"
132,4,80,"18:25:7","19:42:2"
132,5,16,"7:4:11","14:22:27"
133,1,42,"22:29:32","7:51:44"
133,2,46,"8:44:50","22:1:22"
133,3,74,"6:35:23","9:19:12"
133,4,10,"8:59:51","23:57:45"
133,5,67,"22:27:14","15:43:33"
134,1,2,"18:32:39","14:59:34"
134,2,28,"20:0:36","14:41:36"
134,3,91,"11:3:32","20:23:5"
134,4,88,"14:44:59","21:19:43"
134,5,12,"9:53:20","20:45:28"
135,1,85,"19:58:28","15:53:19"
135,2,89,"21:12:33","23:21:34"
135,3,15,"23:0:32","21:59:4"
135,4,44,"5:48:25","10:29:28"
135,5,28,"23:50:51","5:36:8"
136,1,26,"18:35:49","15:35:5"
136,2,12,"12:53:52","22:58:47"
136,3,53,"14:23:58","8:39:55"
136,4,76,"15:17:44","22:20:48"
136,5,51,"8:58:42","6:18:46"
137,1,91,"23:59:28","5:39:21"
137,2,87,"17:35:30","7:14:9"
137,3,49,"14:17:2","9:49:2"
137,4,88,"19:57:11","7:10:57"
137,5,41,"15:5:41","11:38:20"
138,1,50,"14:53:32","5:3:54"
138,2,35,"11:49:44","13:46:0"
138,3,70,"20:5:39","7:10:5"
138,4,43,"5:3:13","7:10:52"
138,5,80,"12:36:13","22:17:16"
139,1,70,"7:40:47","5:20:50"
139,2,43,"6:13:21","15:17:22"
139,3,3,"6:55:6","8:59:2"
139,4,27,"20:42:54","20:18:52"
139,5,96,"19:37:14","15:37:37"
140,1,23,"10:48:51","7:9:25"
140,2,75,"15:4:56","22:52:7"
140,3,16,"22:12:22","19:39:59"
140,4,48,"21:33:14","21:20:7"
140,5,59,"21:21:19","5:52:35"
141,1,23,"6:1:5","10:44:40"
141,2,66,"7:49:55","14:31:2"
141,3,58,"16:34:38","9:11:45"
141,4,90,"22:24:56","21:2:48"
141,5,9,"10:33:14","12:30:30"
142,1,94,"14:53:22","15:1:34"
142,2,91,"14:35:9","20:42:58"
142,3,85,"17:24:48","13:8:43"
142,4,33,"15:51:23","7:20:28"
142,5,84,"20:48:42","14:48:1"
143,1,16,"15:3:14","14:54:21"
143,2,67,"21:36:29","8:29:48"
143,3,42,"10:38:41","18:39:9"
143,4,46,"9:8:43","6:29:20"
143,5,100,"20:40:14","5:33:6"
144,1,53,"7:5:28","23:55:30"
144,2,48,"15:1:58","16:41:59"
144,3,95,"17:51:57","14:30:45"
144,4,42,"23:17:27","7:2:11"
144,5,42,"14:55:47","5:30:13"
145,1,51,"14:43:56","6:19:20"
145,2,71,"14:45:18","9:55:50"
145,3,98,"23:4:4","19:36:22"
145,4,1,"17:12:33","10:10:9"
145,5,14,"22:37:11","7:45:49"
146,1,64,"11:20:49","19:57:36"
146,2,46,"8:47:59","22:26:31"
146,3,72,"18:40:32","22:59:8"
146,4,13,"12:20:20","20:7:1"
146,5,62,"10:28:32","16:55:31"
147,1,53,"18:25:6","11:20:52"
147,2,41,"8:55:20","13:38:42"
147,3,15,"11:36:41","21:57:14"
147,4,55,"11:27:31","17:33:7"
147,5,88,"16:45:6","15:45:25"
148,1,43,"14:11:21","20:6:57"
148,2,26,"5:38:6","5:11:0"
148,3,13,"18:14:16","14:9:30"
148,4,61,"11:50:16","9:46:37"
148,5,53,"20:5:14","22:25:25"
149,1,17,"10:35:44","5:26:11"
149,2,100,"5:1:45","19:13:10"
149,3,50,"17:14:38","15:28:46"
149,4,15,"10:9:42","17:43:48"
149,5,67,"19:47:36","21:30:14"
150,1,86,"17:21:17","14:38:23"
150,2,36,"16:4:7","15:54:2"
150,3,80,"15:39:17","9:22:27"
150,4,99,"14:45:27","16:36:6"
150,5,56,"18:26:22","8:33:57"
151,1,72,"19:36:21","10:41:13"
151,2,91,"7:46:46","5:7:4"
151,3,79,"5:6:57","18:26:10"
151,4,10,"22:31:42","10:49:35"
151,5,80,"16:48:10","9:48:6"
152,1,68,"13:45:7","7:47:45"
152,2,23,"11:30:40","6:53:48"
152,3,29,"23:19:2","7:47:3"
152,4,51,"19:55:31","5:15:23"
152,5,62,"14:19:8","21:38:19"
153,1,9,"7:36:26","14:23:40"
153,2,26,"9:17:17","5:19:49"
153,3,66,"7:49:27","11:31:58"
153,4,97,"12:19:20","6:22:3"
153,5,87,"9:44:48","15:49:39"
154,1,38,"13:49:30","22:1:7"
154,2,27,"15:55:39","11:54:45"
154,3,63,"8:37:35","23:27:1"
154,4,66,"5:30:28","8:4:4"
154,5,70,"10:32:55","5:56:46"
155,1,13,"5:2:33","22:53:16"
155,2,87,"17:58:54","18:51:41"
155,3,40,"7:26:12","9:31:58"
155,4,26,"21:29:37","11:20:36"
155,5,20,"9:15:8","5:52:55"
156,1,9,"15:12:16","23:9:35"
156,2,70,"20:30:31","13:3:13"
156,3,97,"13:3:15","14:12:45"
156,4,45,"10:8:58","6:39:34"
156,5,94,"21:13:29","19:9:38"
157,1,28,"14:1:5","6:0:14"
157,2,52,"22:49:39","14:21:4"
157,3,35,"18:55:33","18:58:59"
157,4,15,"14:10:18","13:55:55"
157,5,74,"10:10:13","19:25:32"
158,1,11,"5:44:20","11:42:16"
158,2,48,"21:18:41","9:10:52"
158,3,20,"15:6:15","15:27:9"
158,4,96,"6:41:5","6:37:53"
158,5,92,"15:45:33","21:9:6"
159,1,62,"16:57:55","7:34:11"
159,2,34,"10:40:33","19:23:52"
159,3,2,"23:40:42","17:51:8"
159,4,57,"5:30:36","22:27:50"
159,5,1,"8:12:52","19:15:22"
160,1,75,"13:28:7","6:55:45"
160,2,48,"17:8:31","10:2:25"
160,3,27,"23:4:38","11:57:27"
160,4,14,"18:53:27","12:19:56"
160,5,1,"20:35:30","12:57:15"
161,1,46,"16:42:23","11:21:46"
161,2,83,"11:38:18","21:25:11"
161,3,100,"23:48:57","7:13:32"
161,4,59,"12:24:17","19:31:1"
161,5,99,"20:9:34","5:55:55"
162,1,94,"13:3:12","18:0:20"
162,2,31,"23:45:7","12:57:16"
162,3,59,"22:27:12","15:21:55"
162,4,80,"10:35:7","14:16:8"
162,5,81,"5:58:41","17:24:36"
163,1,8,"17:9:56","14:42:22"
163,2,58,"6:8:2","14:42:6"
163,3,55,"18:39:58","6:56:34"
163,4,28,"17:53:40","22:36:40"
163,5,85,"22:24:44","23:17:0"
164,1,86,"22:24:49","17:56:4"
164,2,39,"16:39:26","17:4:57"
164,3,35,"22:46:21","9:28:1"
164,4,11,"17:18:59","13:44:44"
164,5,54,"5:34:59","15:2:4"
165,1,72,"17:44:17","9:30:5"
165,2,44,"15:31:41","21:13:17"
165,3,27,"12:11:31","7:38:35"
165,4,85,"23:40:29","14:40:23"
165,5,84,"6:10:3","7:30:19"
166,1,41,"18:39:42","21:14:38"
166,2,81,"8:41:8","8:28:7"
166,3,86,"16:3:58","7:46:46"
166,4,11,"14:42:4","9:21:10"
166,5,44,"19:40:57","13:23:39"
167,1,6,"21:31:12","10:18:24"
167,2,70,"22:54:13","20:16:8"
167,3,17,"22:40:3","9:50:58"
167,4,43,"22:52:43","17:36:45"
167,5,34,"12:26:43","20:42:41"
168,1,77,"16:46:59","17:36:55"
168,2,38,"21:53:28","8:29:11"
168,3,68,"6:35:23","10:13:1"
168,4,66,"6:38:3","21:5:7"
168,5,10,"11:29:13","8:42:26"
169,1,3,"17:21:26","12:5:22"
169,2,92,"18:39:56","7:5:20"
169,3,31,"6:56:20","21:50:44"
169,4,9,"12:52:30","6:31:21"
169,5,99,"12:38:3","17:7:5"
170,1,7,"18:46:18","14:50:27"
170,2,64,"15:13:58","23:7:59"
170,3,91,"19:2:24","14:33:1"
170,4,84,"20:4:54","6:38:32"
170,5,14,"21:30:47","14:59:20"
171,1,11,"23:51:1","19:46:23"
171,2,14,"17:19:15","7:20:29"
171,3,18,"9:31:15","8:21:53"
171,4,60,"11:10:2","20:29:12"
171,5,83,"12:48:55","14:21:48"
172,1,74,"11:59:22","19:59:15"
172,2,55,"20:17:52","9:39:3"
172,3,79,"12:58:18","6:57:6"
172,4,44,"19:59:23","22:50:42"
172,5,80,"13:22:57","22:6:11"
173,1,16,"18:32:54","8:51:8"
173,2,81,"23:53:10","23:28:40"
173,3,72,"16:20:28","20:47:14"
173,4,53,"11:31:31","17:48:40"
173,5,71,"5:25:0","19:34:30"
174,1,94,"11:8:45","9:12:12"
174,2,9,"15:25:33","13:40:29"
174,3,26,"12:15:40","18:48:29"
174,4,51,"22:10:38","5:36:45"
174,5,96,"13:2:11","5:1:1"
175,1,20,"20:44:58","7:54:34"
175,2,79,"16:23:22","17:30:49"
175,3,81,"12:20:31","17:3:54"
175,4,8,"7:39:50","11:59:55"
175,5,34,"22:33:11","17:13:13"
176,1,6,"14:24:45","11:7:58"
176,2,94,"15:17:31","18:7:40"
176,3,51,"12:59:16","11:18:34"
176,4,28,"11:52:0","8:1:36"
176,5,92,"8:40:56","14:47:39"
177,1,34,"12:37:36","20:42:27"
177,2,19,"5:51:16","19:55:21"
177,3,7,"9:54:48","19:31:42"
177,4,97,"6:18:36","5:19:11"
177,5,48,"11:26:32","10:17:26"
178,1,62,"7:39:42","5:48:37"
178,2,3,"18:5:34","6:50:56"
178,3,87,"15:13:55","11:25:23"
178,4,28,"15:13:35","6:43:14"
178,5,12,"18:30:7","15:9:28"
179,1,28,"17:31:9","15:39:24"
179,2,79,"11:45:39","6:15:11"
179,3,9,"10:4:56","21:7:51"
179,4,68,"22:22:26","7:9:14"
179,5,2,"10:39:22","14:7:22"
180,1,42,"14:57:35","9:44:59"
180,2,46,"12:58:19","6:16:28"
180,3,50,"23:12:5","16:41:49"
180,4,48,"20:27:37","16:51:21"
180,5,99,"13:50:26","8:38:16"
181,1,62,"19:36:33","8:8:45"
181,2,65,"10:2:35","11:34:30"
181,3,53,"23:53:35","21:34:42"
181,4,38,"13:6:38","13:18:7"
181,5,8,"20:40:59","15:35:16"
182,1,53,"14:17:12","20:29:49"
182,2,85,"16:9:14","12:16:24"
182,3,47,"21:30:28","9:13:52"
182,4,73,"9:33:46","19:31:34"
182,5,49,"8:4:16","22:43:12"
183,1,40,"10:51:20","8:13:24"
183,2,29,"21:51:17","20:19:5"
183,3,24,"5:56:8","14:42:27"
183,4,97,"12:13:50","16:29:50"
183,5,21,"8:43:2","21:42:27"
184,1,22,"9:18:32","10:14:19"
184,2,1,"20:58:7","21:24:56"
184,3,27,"11:26:42","10:43:58"
184,4,1,"12:25:52","17:50:30"
184,5,98,"19:3:6","18:29:16"
185,1,5,"16:45:51","13:36:57"
185,2,49,"8:25:44","13:6:50"
185,3,96,"19:8:27","12:6:56"
185,4,69,"11:40:17","6:35:53"
185,5,91,"11:0:56","13:33:13"
186,1,84,"22:50:1","11:49:39"
186,2,75,"19:54:47","23:0:14"
186,3,7,"11:16:40","10:59:32"
186,4,76,"6:22:20","17:51:51"
186,5,3,"5:7:57","10:6:37"
187,1,92,"14:4:8","6:5:8"
187,2,13,"10:48:16","10:52:28"
187,3,3,"18:55:41","8:36:30"
187,4,39,"22:58:25","14:41:46"
187,5,88,"8:36:49","21:51:37"
188,1,77,"19:39:53","9:19:6"
188,2,20,"22:20:45","11:20:59"
188,3,85,"15:38:24","14:8:14"
188,4,64,"12:16:42","7:59:9"
188,5,12,"17:42:12","10:59:38"
189,1,70,"17:11:52","23:7:27"
189,2,37,"11:27:20","8:12:19"
189,3,29,"18:36:42","8:39:8"
189,4,36,"10:25:30","18:28:46"
189,5,26,"17:37:23","7:35:45"
190,1,7,"5:57:16","9:13:36"
190,2,2,"5:3:19","14:44:28"
190,3,71,"11:27:34","18:43:31"
190,4,81,"19:35:1","8:12:30"
190,5,9,"22:16:7","14:4:17"
191,1,34,"9:39:21","20:16:28"
191,2,5,"21:54:1","10:11:20"
191,3,78,"5:52:26","6:25:19"
191,4,55,"11:13:28","5:23:3"
191,5,80,"14:15:54","16:30:54"
192,1,51,"11:48:25","22:55:17"
192,2,76,"19:16:31","8:46:5"
192,3,5,"22:55:37","6:23:47"
192,4,93,"15:13:18","21:43:1"
192,5,41,"7:23:14","6:47:0"
193,1,85,"19:1:36","18:18:4"
193,2,39,"18:52:55","20:38:44"
193,3,57,"8:11:5","6:56:56"
193,4,3,"6:21:48","18:55:53"
193,5,18,"6:24:32","17:9:10"
194,1,1,"16:8:23","7:32:35"
194,2,91,"22:36:48","16:34:19"
194,3,35,"23:0:5","10:58:19"
194,4,72,"19:12:46","9:8:54"
194,5,52,"8:11:49","11:12:10"
195,1,5,"11:39:31","6:45:54"
195,2,5,"22:9:34","5:5:42"
195,3,22,"19:55:29","5:3:51"
195,4,20,"6:51:53","9:43:39"
195,5,59,"17:13:11","22:35:55"
196,1,21,"16:30:31","18:15:10"
196,2,11,"17:43:34","21:38:31"
196,3,13,"7:47:24","15:35:48"
196,4,86,"15:28:59","5:27:46"
196,5,97,"14:33:10","8:7:8"
197,1,40,"19:22:40","23:40:21"
197,2,87,"19:59:57","15:25:37"
197,3,81,"12:47:16","6:55:0"
197,4,6,"13:37:22","8:53:37"
197,5,10,"16:57:21","19:20:40"
198,1,8,"9:16:30","11:50:4"
198,2,71,"15:21:5","7:42:26"
198,3,73,"8:2:37","6:52:8"
198,4,96,"14:29:3","16:33:29"
198,5,90,"10:34:47","13:13:48"
199,1,41,"12:23:1","21:11:14"
199,2,17,"23:19:36","22:15:2"
199,3,35,"23:17:6","13:45:24"
199,4,87,"6:49:21","21:2:56"
199,5,59,"18:30:11","22:38:53"
200,1,88,"20:53:2","5:55:31"
200,2,64,"8:35:0","5:26:52"
200,3,24,"15:29:37","13:55:26"
200,4,24,"22:11:27","11:24:8"
200,5,36,"9:59:42","5:28:37"
201,1,74,"15:58:17","8:20:42"
201,2,12,"8:0:13","19:17:35"
201,3,70,"23:55:27","23:5:33"
201,4,13,"19:25:29","11:30:37"
201,5,9,"21:42:17","7:42:7"
202,1,3,"22:50:13","23:1:55"
202,2,91,"10:15:51","18:38:59"
202,3,84,"12:5:53","6:34:46"
202,4,24,"5:54:16","18:51:49"
202,5,64,"14:36:16","12:52:15"
203,1,10,"16:16:33","13:3:53"
203,2,90,"11:16:55","15:14:4"
203,3,17,"20:56:22","18:28:47"
203,4,6,"19:8:59","15:36:34"
203,5,55,"23:27:21","22:17:18"
204,1,28,"13:10:45","9:51:52"
204,2,50,"11:54:50","20:59:43"
204,3,66,"9:46:28","9:30:0"
204,4,79,"21:33:33","14:52:55"
204,5,47,"6:26:3","16:20:13"
205,1,47,"12:22:2","8:26:34"
205,2,89,"22:36:34","10:59:15"
205,3,33,"12:59:52","5:3:53"
205,4,55,"19:5:29","20:45:50"
205,5,88,"16:34:19","15:26:9"
206,1,93,"19:18:43","5:49:10"
206,2,25,"11:48:13","22:28:34"
206,3,7,"13:7:42","10:42:54"
206,4,3,"6:5:29","22:6:23"
206,5,52,"14:39:43","15:42:28"
207,1,67,"14:50:17","9:14:45"
207,2,10,"11:51:27","23:8:57"
207,3,87,"7:4:46","11:38:39"
207,4,40,"9:15:47","19:3:14"
207,5,31,"22:24:1","21:42:2"
208,1,5,"18:38:6","11:18:8"
208,2,47,"17:4:34","16:54:4"
208,3,78,"16:47:9","10:46:6"
208,4,40,"23:24:34","6:57:51"
208,5,5,"18:13:31","13:21:35"
209,1,89,"18:43:52","16:57:11"
209,2,65,"11:9:4","10:20:30"
209,3,90,"22:19:35","22:11:34"
209,4,38,"14:8:4","6:9:16"
209,5,57,"8:21:28","23:11:9"
210,1,9,"15:0:36","11:23:37"
210,2,35,"17:27:38","16:45:55"
210,3,21,"22:11:8","7:58:41"
210,4,17,"7:44:39","19:39:17"
210,5,40,"19:13:18","14:20:3"
211,1,78,"18:34:58","22:29:48"
211,2,61,"10:23:59","18:52:54"
211,3,36,"5:48:24","11:4:36"
211,4,56,"6:3:29","14:18:36"
211,5,52,"23:38:30","8:37:27"
212,1,27,"14:57:3","5:31:2"
212,2,85,"9:11:9","21:0:25"
212,3,41,"9:53:15","19:22:27"
212,4,55,"15:36:46","20:41:15"
212,5,58,"16:28:34","10:11:13"
213,1,31,"21:45:12","15:28:4"
213,2,79,"6:34:19","6:27:38"
213,3,22,"5:38:33","8:49:25"
213,4,74,"21:25:52","21:26:19"
213,5,54,"9:4:34","18:46:35"
214,1,51,"18:13:9","16:37:47"
214,2,20,"23:32:3","7:38:8"
214,3,97,"13:34:7","17:33:54"
214,4,34,"19:12:46","16:1:56"
214,5,56,"13:38:25","23:22:55"
215,1,45,"6:28:42","11:59:10"
215,2,77,"14:19:44","22:18:13"
215,3,11,"14:18:30","23:21:47"
215,4,5,"8:2:49","13:32:21"
215,5,90,"9:53:20","15:11:47"
216,1,49,"12:42:25","20:39:48"
216,2,8,"18:26:4","16:3:37"
216,3,18,"15:35:24","12:44:41"
216,4,80,"16:46:16","7:58:45"
216,5,40,"17:22:48","16:55:20"
217,1,29,"6:46:32","16:49:28"
217,2,33,"16:59:39","9:27:50"
217,3,37,"6:29:13","16:42:57"
217,4,67,"14:36:0","17:20:33"
217,5,83,"12:25:20","6:21:5"
218,1,67,"6:31:53","23:0:59"
218,2,52,"19:24:14","20:58:56"
218,3,15,"17:53:52","10:45:9"
218,4,73,"14:49:4","9:4:11"
218,5,24,"21:54:18","16:27:3"
219,1,12,"8:51:6","16:13:18"
219,2,34,"17:20:43","22:19:9"
219,3,45,"12:24:11","19:12:36"
219,4,67,"11:23:4","5:49:39"
219,5,19,"20:22:8","19:9:41"
220,1,12,"19:11:16","11:17:11"
220,2,98,"8:49:51","5:0:15"
220,3,82,"9:16:57","15:16:5"
220,4,45,"6:3:43","18:17:46"
220,5,37,"21:26:18","18:20:52"
221,1,35,"20:51:50","11:47:38"
221,2,39,"17:24:59","19:21:44"
221,3,43,"12:45:10","21:53:50"
221,4,81,"10:57:4","7:26:42"
221,5,63,"12:18:26","16:17:29"
222,1,19,"23:11:49","15:21:56"
222,2,57,"22:49:41","8:46:23"
222,3,75,"21:18:7","8:33:43"
222,4,30,"7:59:57","16:24:6"
222,5,47,"15:47:39","16:24:49"
223,1,33,"8:56:48","16:26:31"
223,2,86,"5:50:17","8:41:44"
223,3,47,"21:14:0","10:57:36"
223,4,32,"13:53:14","9:37:44"
223,5,60,"17:51:24","20:24:51"
224,1,48,"15:16:33","5:16:13"
224,2,30,"18:24:4","9:20:56"
224,3,85,"16:4:36","13:52:37"
224,4,1,"8:25:11","6:38:36"
224,5,85,"22:38:12","8:5:51"
225,1,70,"7:8:21","5:9:59"
225,2,87,"8:17:23","9:32:54"
225,3,44,"12:42:4","5:33:18"
225,4,9,"5:28:53","5:40:14"
225,5,13,"13:46:26","16:47:38"
226,1,93,"15:46:53","11:8:25"
226,2,3,"17:32:45","23:58:4"
226,3,4,"11:2:34","23:26:16"
226,4,80,"15:13:21","14:1:0"
226,5,73,"10:17:21","17:43:59"
227,1,93,"22:37:59","9:34:18"
227,2,90,"9:20:4","16:14:49"
227,3,59,"15:36:53","6:38:14"
227,4,41,"6:55:11","6:27:14"
227,5,17,"21:48:59","10:10:58"
228,1,33,"8:32:54","16:46:38"
228,2,2,"9:42:42","18:36:17"
228,3,23,"20:0:59","23:20:10"
228,4,27,"11:22:45","6:26:26"
228,5,44,"15:29:59","13:33:41"
229,1,42,"11:53:31","23:53:55"
229,2,61,"5:54:12","10:17:11"
229,3,87,"17:0:57","13:34:15"
229,4,44,"22:38:6","18:28:45"
229,5,78,"14:24:50","17:45:27"
230,1,73,"17:58:31","21:9:50"
230,2,79,"22:41:54","22:13:35"
230,3,42,"5:44:15","17:31:25"
230,4,78,"15:5:9","23:11:32"
230,5,86,"21:16:22","21:50:33"
231,1,64,"16:1:28","21:48:24"
231,2,43,"7:1:30","21:29:53"
231,3,43,"7:49:55","5:34:8"
231,4,11,"19:41:31","20:12:52"
231,5,13,"10:27:58","6:34:3"
232,1,79,"11:56:6","8:1:36"
232,2,99,"20:27:35","23:51:54"
232,3,82,"18:0:26","8:18:36"
232,4,65,"20:17:11","9:29:21"
232,5,7,"17:14:43","6:4:25"
233,1,69,"5:40:58","12:42:20"
233,2,75,"11:54:6","7:58:11"
233,3,97,"20:35:10","13:29:55"
233,4,50,"20:39:50","5:14:40"
233,5,81,"13:3:38","9:23:28"
234,1,19,"5:24:1","16:36:25"
234,2,70,"17:12:33","18:39:19"
234,3,5,"9:56:40","7:51:45"
234,4,7,"12:49:26","5:21:39"
234,5,14,"19:6:15","23:50:55"
235,1,21,"23:32:48","16:14:37"
235,2,48,"7:16:10","5:42:6"
235,3,20,"7:2:48","8:38:15"
235,4,24,"6:12:1","21:24:47"
235,5,59,"21:22:52","9:21:13"
236,1,39,"15:35:14","7:57:41"
236,2,86,"23:15:54","20:53:20"
236,3,50,"5:45:56","17:3:1"
236,4,90,"13:37:12","10:59:43"
236,5,41,"7:10:42","14:8:0"
237,1,39,"10:8:24","19:24:22"
237,2,33,"7:39:31","21:35:14"
237,3,40,"8:25:21","14:47:14"
237,4,18,"6:13:22","21:5:11"
237,5,82,"23:24:6","16:33:40"
238,1,53,"11:35:6","6:48:44"
238,2,8,"10:24:43","19:55:20"
238,3,20,"15:18:8","17:33:48"
238,4,87,"22:5:46","20:6:38"
238,5,35,"10:45:27","11:10:58"
239,1,34,"13:7:43","11:33:11"
239,2,92,"9:19:9","10:2:14"
239,3,55,"12:7:50","10:33:15"
239,4,27,"18:37:11","17:5:45"
239,5,18,"22:55:27","10:14:20"
240,1,6,"7:27:39","21:33:21"
240,2,26,"22:18:2","5:51:26"
240,3,75,"17:53:15","17:32:6"
240,4,34,"17:23:41","9:40:28"
240,5,6,"7:56:22","21:27:24"
241,1,1,"11:13:7","16:1:43"
241,2,83,"11:31:59","20:31:11"
241,3,69,"17:47:45","21:4:17"
241,4,99,"20:53:22","5:1:37"
241,5,32,"11:19:13","18:58:5"
242,1,77,"13:7:50","8:29:49"
242,2,34,"17:30:44","15:58:5"
242,3,90,"11:21:58","9:55:6"
242,4,18,"6:36:50","10:51:34"
242,5,99,"10:43:24","22:51:32"
243,1,35,"18:22:19","22:0:59"
243,2,88,"14:29:4","9:26:7"
243,3,82,"5:19:4","22:31:43"
243,4,21,"11:3:34","7:55:4"
243,5,71,"11:9:11","17:10:30"
244,1,24,"15:53:23","9:13:8"
244,2,78,"22:13:51","17:19:4"
244,3,36,"18:50:58","23:0:43"
244,4,79,"23:19:41","20:50:23"
244,5,42,"9:12:18","11:6:23"
245,1,50,"19:13:4","18:28:29"
245,2,11,"9:31:41","20:26:40"
245,3,9,"22:36:33","22:58:43"
245,4,40,"22:6:5","8:9:18"
245,5,56,"18:12:38","15:41:39"
246,1,81,"15:0:57","16:43:58"
246,2,53,"9:57:51","17:35:29"
246,3,96,"8:8:38","13:51:19"
246,4,42,"14:10:19","10:41:56"
246,5,75,"8:24:17","17:21:55"
247,1,15,"16:40:27","22:23:48"
247,2,71,"10:13:42","12:52:24"
247,3,36,"13:49:24","23:6:57"
247,4,62,"8:1:54","18:12:45"
247,5,11,"6:41:16","9:19:50"
248,1,13,"10:42:15","18:10:48"
248,2,29,"14:13:47","8:20:10"
248,3,78,"15:6:30","20:45:33"
248,4,70,"22:32:56","8:14:53"
248,5,6,"20:26:31","20:14:55"
249,1,67,"10:14:21","23:28:38"
249,2,85,"21:18:15","21:39:8"
249,3,29,"14:32:59","10:18:47"
249,4,19,"14:32:23","22:36:6"
249,5,74,"18:32:56","7:40:26"
250,1,89,"22:22:23","9:41:19"
250,2,99,"13:3:43","23:49:3"
250,3,70,"12:23:27","20:19:1"
250,4,5,"19:54:45","9:56:12"
250,5,1,"14:37:8","14:42:33"
251,1,20,"15:59:30","6:11:39"
251,2,9,"15:45:33","17:53:33"
251,3,85,"5:41:52","22:17:52"
251,4,95,"13:5:4","10:8:42"
251,5,64,"13:11:54","8:15:39"
252,1,23,"17:23:25","10:51:26"
252,2,22,"11:40:24","18:5:16"
252,3,46,"20:2:55","21:12:35"
252,4,28,"11:28:41","23:9:3"
252,5,4,"15:49:9","7:51:20"
253,1,77,"11:53:59","15:36:39"
253,2,1,"13:35:23","16:5:10"
253,3,49,"5:44:22","13:49:59"
253,4,9,"19:32:9","7:50:4"
253,5,3,"15:46:32","8:51:14"
254,1,97,"8:51:50","15:35:23"
254,2,62,"5:57:37","22:4:38"
254,3,17,"20:59:27","10:27:8"
254,4,75,"21:55:51","11:33:36"
254,5,53,"20:53:24","16:51:23"
255,1,37,"11:15:26","15:1:55"
255,2,79,"16:19:44","22:30:3"
255,3,57,"12:43:32","6:25:27"
255,4,29,"12:21:27","16:45:17"
255,5,85,"20:21:22","18:1:40"
256,1,69,"10:56:38","9:33:58"
256,2,95,"22:16:51","5:53:33"
256,3,61,"15:43:9","21:59:7"
256,4,34,"6:11:9","8:49:26"
256,5,98,"9:11:23","8:45:51"
257,1,19,"8:1:45","17:16:36"
257,2,88,"20:13:25","20:4:28"
257,3,81,"12:43:27","16:26:59"
257,4,94,"17:43:50","13:51:55"
257,5,21,"21:7:10","7:44:9"
258,1,35,"13:32:51","9:33:49"
258,2,58,"14:26:7","13:59:49"
258,3,51,"19:20:15","13:19:57"
258,4,97,"15:4:58","12:5:20"
258,5,30,"17:15:52","15:19:7"
259,1,30,"11:18:10","8:7:50"
259,2,70,"14:8:13","5:44:45"
259,3,37,"15:39:16","20:15:42"
259,4,67,"15:20:39","7:30:51"
259,5,44,"19:28:50","21:39:22"
260,1,19,"5:37:51","19:14:3"
260,2,38,"13:35:14","10:13:8"
260,3,43,"18:34:50","21:53:44"
260,4,50,"16:7:14","5:16:36"
260,5,45,"17:52:35","18:54:20"
261,1,79,"6:27:25","14:54:24"
261,2,82,"11:9:21","23:57:32"
261,3,26,"15:30:34","23:35:24"
261,4,65,"23:15:41","17:4:25"
261,5,38,"18:34:9","12:59:40"
262,1,47,"8:52:34","14:29:27"
262,2,10,"16:22:10","9:34:15"
262,3,29,"22:2:57","23:58:22"
262,4,71,"14:59:11","10:49:45"
262,5,24,"18:31:44","17:45:29"
263,1,62,"10:44:45","15:56:6"
263,2,52,"22:49:52","6:50:19"
263,3,20,"7:46:49","8:43:54"
263,4,73,"11:0:12","14:49:23"
263,5,88,"8:27:14","19:18:51"
264,1,17,"23:9:27","6:34:2"
264,2,10,"14:56:41","16:41:18"
264,3,27,"19:38:19","20:56:38"
264,4,34,"7:13:59","9:11:3"
264,5,92,"7:14:58","8:42:14"
265,1,45,"22:34:35","8:25:45"
265,2,75,"13:30:11","10:10:13"
265,3,19,"7:58:26","9:50:53"
265,4,87,"16:34:17","6:38:48"
265,5,34,"10:40:26","9:58:55"
266,1,6,"21:55:52","18:52:19"
266,2,74,"12:49:22","7:48:15"
266,3,40,"23:18:14","5:0:14"
266,4,90,"12:24:9","17:16:13"
266,5,45,"13:15:34","6:50:19"
267,1,41,"13:34:4","10:39:28"
267,2,49,"11:48:34","15:6:39"
267,3,39,"5:28:8","10:28:40"
267,4,78,"9:50:15","16:35:4"
267,5,32,"11:49:14","10:13:25"
268,1,66,"17:59:27","17:25:4"
268,2,74,"21:23:3","22:57:26"
268,3,60,"7:9:17","14:36:26"
268,4,14,"11:2:41","15:24:50"
268,5,95,"17:23:33","17:1:6"
269,1,43,"16:47:19","5:42:8"
269,2,31,"7:12:51","11:42:34"
269,3,82,"23:30:19","6:37:14"
269,4,63,"19:48:58","21:48:38"
269,5,65,"6:54:13","7:24:13"
270,1,86,"8:47:31","7:52:27"
270,2,4,"8:24:37","16:22:10"
270,3,56,"9:56:43","8:10:31"
270,4,51,"9:18:48","17:41:20"
270,5,60,"8:52:6","11:47:58"
271,1,18,"14:22:2","18:16:19"
271,2,56,"21:26:50","8:57:45"
271,3,25,"14:7:38","21:21:0"
271,4,9,"8:15:8","6:17:33"
271,5,90,"21:51:48","10:44:27"
272,1,36,"17:20:30","17:39:36"
272,2,97,"6:27:36","11:18:38"
272,3,3,"23:15:26","23:45:18"
272,4,75,"8:23:18","19:19:34"
272,5,53,"13:43:42","6:10:20"
273,1,37,"21:15:53","23:24:27"
273,2,72,"6:37:50","14:53:23"
273,3,24,"6:48:39","20:54:10"
273,4,1,"19:49:48","14:49:50"
273,5,1,"11:24:24","15:3:59"
274,1,77,"8:21:30","13:23:16"
274,2,54,"13:17:57","12:0:46"
274,3,32,"11:2:55","13:28:56"
274,4,60,"22:53:21","7:54:0"
274,5,10,"9:56:22","22:6:30"
275,1,17,"15:17:46","18:40:55"
275,2,88,"13:20:15","8:21:20"
275,3,82,"7:18:29","9:4:12"
275,4,100,"23:19:7","15:4:27"
275,5,70,"6:1:14","15:51:25"
276,1,81,"23:37:42","7:38:2"
276,2,32,"14:18:24","19:48:10"
276,3,15,"19:12:15","9:3:15"
276,4,98,"22:34:3","21:37:20"
276,5,13,"17:39:12","22:9:0"
277,1,75,"21:16:6","11:26:5"
277,2,7,"18:25:32","23:57:49"
277,3,44,"12:6:2","14:25:7"
277,4,97,"12:15:14","11:28:9"
277,5,26,"14:17:23","11:44:35"
278,1,65,"13:28:0","16:25:15"
278,2,17,"11:13:58","9:29:42"
278,3,95,"8:4:58","19:15:9"
278,4,1,"17:27:6","8:33:55"
278,5,91,"10:51:19","21:43:55"
279,1,20,"16:9:16","5:50:4"
279,2,63,"14:48:46","11:11:48"
279,3,15,"18:29:46","9:58:3"
279,4,79,"7:35:56","17:2:53"
279,5,17,"5:53:2","23:17:21"
280,1,25,"14:4:1","20:4:2"
280,2,85,"21:45:5","17:5:3"
280,3,39,"15:2:57","22:45:56"
280,4,70,"8:59:24","11:9:53"
280,5,42,"23:48:44","22:6:10"
281,1,64,"11:8:39","14:10:28"
281,2,48,"11:25:36","20:10:40"
281,3,75,"9:0:53","7:19:21"
281,4,54,"15:38:45","12:43:47"
281,5,27,"5:48:29","6:33:2"
282,1,84,"22:38:38","11:2:24"
282,2,17,"10:27:16","9:29:27"
282,3,63,"10:59:31","18:24:59"
282,4,67,"18:5:0","13:27:6"
282,5,27,"11:18:32","16:59:38"
283,1,12,"23:38:11","21:47:18"
283,2,7,"6:53:9","21:8:46"
283,3,21,"16:52:7","10:20:45"
283,4,18,"15:25:25","14:48:9"
283,5,7,"17:48:58","21:55:19"
284,1,8,"23:21:5","10:13:17"
284,2,92,"15:44:20","22:11:58"
284,3,74,"18:19:54","20:38:13"
284,4,34,"13:38:52","21:49:20"
284,5,80,"5:3:11","10:25:6"
285,1,15,"14:3:11","18:45:57"
285,2,72,"20:47:16","18:33:2"
285,3,34,"9:55:35","13:49:38"
285,4,56,"23:35:2","9:11:25"
285,5,74,"22:52:26","10:55:38"
286,1,31,"8:36:46","22:44:15"
286,2,10,"17:21:54","22:46:49"
286,3,61,"22:42:2","11:39:47"
286,4,30,"7:2:43","12:32:45"
286,5,19,"20:22:1","13:51:27"
287,1,48,"9:55:4","12:6:18"
287,2,8,"18:29:49","20:8:54"
287,3,53,"21:38:49","22:48:21"
287,4,61,"15:36:43","11:29:40"
287,5,8,"20:46:33","21:16:57"
288,1,46,"23:49:2","7:33:16"
288,2,92,"12:26:6","5:22:34"
288,3,17,"17:4:38","5:56:31"
288,4,3,"14:4:37","20:36:51"
288,5,87,"14:12:2","17:22:53"
289,1,4,"15:10:8","15:43:5"
289,2,51,"16:20:29","6:3:41"
289,3,6,"15:19:24","5:28:21"
289,4,43,"17:53:16","23:11:27"
289,5,35,"20:18:9","20:52:2"
290,1,1,"13:5:39","15:5:38"
290,2,52,"13:29:1","14:43:11"
290,3,85,"23:12:49","6:34:12"
290,4,21,"15:0:36","15:25:15"
290,5,93,"7:53:0","8:7:24"
291,1,32,"20:20:55","17:45:50"
291,2,93,"21:20:8","18:7:9"
291,3,45,"5:50:13","12:18:30"
291,4,35,"12:10:6","21:40:47"
291,5,25,"23:3:9","22:23:27"
292,1,78,"10:4:3","13:15:1"
292,2,18,"13:5:27","12:42:17"
292,3,84,"9:5:37","13:30:12"
292,4,30,"5:51:42","13:54:20"
292,5,21,"21:4:32","23:30:30"
293,1,96,"18:32:14","8:2:18"
293,2,28,"5:1:28","14:32:18"
293,3,84,"9:43:0","21:27:22"
293,4,95,"18:31:3","13:19:58"
293,5,38,"7:34:59","9:41:38"
294,1,11,"7:1:21","23:41:56"
294,2,71,"17:31:26","6:12:11"
294,3,89,"12:6:35","10:17:2"
294,4,61,"14:1:47","17:3:17"
294,5,48,"16:18:26","9:55:16"
295,1,46,"23:49:17","17:17:13"
295,2,88,"23:2:41","12:18:44"
295,3,98,"19:9:24","22:38:18"
295,4,47,"23:16:53","21:41:1"
295,5,66,"19:30:56","12:7:13"
296,1,40,"13:30:10","15:56:9"
296,2,98,"16:56:47","9:41:51"
296,3,63,"14:37:45","19:39:2"
296,4,56,"10:11:3","21:38:27"
296,5,15,"7:58:8","12:10:19"
297,1,27,"11:11:52","21:14:48"
297,2,6,"12:46:5","8:19:48"
297,3,45,"20:16:57","6:44:19"
297,4,99,"16:48:3","18:1:13"
297,5,20,"23:14:39","6:28:9"
298,1,21,"20:20:24","20:56:27"
298,2,20,"23:10:25","10:17:43"
298,3,38,"6:42:2","7:2:37"
298,4,19,"7:49:51","14:35:59"
298,5,42,"9:28:57","17:42:26"
299,1,83,"20:28:9","12:13:22"
299,2,47,"6:1:56","8:49:30"
299,3,41,"11:16:51","20:59:31"
299,4,91,"7:13:32","16:21:21"
299,5,40,"23:30:34","13:9:5"
300,1,77,"5:56:20","5:3:44"
300,2,39,"16:48:40","12:18:16"
300,3,55,"19:5:44","5:41:51"
300,4,79,"23:17:36","7:31:18"
300,5,59,"21:28:44","13:29:27"
301,1,96,"20:40:13","19:53:27"
301,2,78,"13:54:47","16:36:9"
301,3,29,"18:39:21","10:50:18"
301,4,97,"12:38:3","13:40:21"
301,5,26,"17:2:9","15:9:3"
302,1,51,"7:57:4","5:23:39"
302,2,54,"5:0:27","5:54:18"
302,3,75,"21:12:59","11:9:41"
302,4,49,"17:14:35","19:25:5"
302,5,55,"17:34:6","6:44:50"
303,1,64,"5:8:57","10:58:42"
303,2,23,"15:20:8","23:26:42"
303,3,57,"22:12:57","10:59:32"
303,4,61,"17:55:51","21:52:13"
303,5,30,"21:11:39","6:46:48"
304,1,91,"5:0:39","8:55:21"
304,2,64,"6:23:13","14:10:42"
304,3,79,"6:10:31","17:25:37"
304,4,47,"23:13:3","15:23:2"
304,5,49,"8:27:56","13:28:18"
305,1,84,"7:25:2","11:19:10"
305,2,88,"6:27:9","12:29:25"
305,3,100,"18:50:9","9:5:11"
305,4,89,"21:20:46","12:13:18"
305,5,46,"9:53:8","16:57:8"
306,1,6,"19:31:14","11:53:4"
306,2,73,"17:13:54","19:2:42"
306,3,82,"13:55:40","21:16:55"
306,4,44,"20:58:55","16:20:18"
306,5,89,"21:58:2","18:7:24"
307,1,52,"7:51:55","23:15:50"
307,2,25,"18:16:42","10:32:59"
307,3,57,"7:55:12","22:49:4"
307,4,39,"10:27:39","14:52:2"
307,5,14,"7:15:13","7:27:56"
308,1,67,"9:21:24","15:24:21"
308,2,73,"19:6:16","11:7:6"
308,3,12,"16:47:14","12:56:31"
308,4,60,"14:5:33","14:53:29"
308,5,58,"5:37:27","12:52:57"
309,1,95,"8:43:31","6:38:40"
309,2,92,"15:57:12","9:15:9"
309,3,34,"20:47:45","12:1:45"
309,4,90,"15:28:27","14:54:53"
309,5,69,"19:15:44","6:56:0"
310,1,9,"7:50:54","16:55:27"
310,2,37,"8:59:22","8:14:59"
310,3,57,"14:30:23","10:10:40"
310,4,33,"7:13:0","6:53:18"
310,5,58,"13:55:36","16:40:16"
311,1,100,"11:59:57","19:8:45"
311,2,92,"8:49:1","9:29:26"
311,3,87,"17:43:39","10:44:39"
311,4,95,"14:47:57","23:44:11"
311,5,87,"19:35:30","5:10:56"
312,1,91,"20:12:11","8:22:22"
312,2,90,"16:53:28","5:15:26"
312,3,30,"7:49:31","18:31:55"
312,4,99,"18:30:1","6:3:16"
312,5,59,"23:46:25","11:41:43"
313,1,3,"12:48:0","17:16:56"
313,2,28,"19:24:34","8:5:0"
313,3,97,"14:48:55","8:2:59"
313,4,66,"18:57:19","22:26:52"
313,5,32,"8:9:47","14:28:29"
314,1,79,"14:54:28","12:42:32"
314,2,21,"6:49:13","20:51:28"
314,3,82,"15:0:30","7:46:17"
314,4,64,"16:45:45","6:23:5"
314,5,79,"19:16:41","21:13:48"
315,1,93,"12:42:47","11:30:42"
315,2,46,"9:2:9","9:24:20"
315,3,77,"12:30:24","14:25:25"
315,4,6,"7:55:35","13:49:24"
315,5,64,"15:28:36","10:12:32"
316,1,52,"18:28:58","13:11:40"
316,2,97,"21:17:17","8:42:42"
316,3,20,"7:47:28","5:8:5"
316,4,95,"11:16:25","5:5:8"
316,5,55,"16:38:39","20:57:19"
317,1,11,"10:13:22","8:51:21"
317,2,24,"7:18:45","9:4:7"
317,3,6,"21:31:1","5:25:43"
317,4,49,"14:2:23","14:37:29"
317,5,24,"10:1:45","13:27:17"
318,1,81,"13:57:53","6:17:51"
318,2,13,"11:39:55","16:30:46"
318,3,81,"7:47:31","21:52:19"
318,4,63,"22:28:30","6:20:44"
318,5,59,"20:23:26","6:10:52"
319,1,20,"10:17:25","20:31:35"
319,2,1,"11:3:45","18:2:27"
319,3,95,"16:45:56","21:3:21"
319,4,73,"9:20:23","14:20:6"
319,5,100,"12:41:13","7:56:0"
320,1,84,"22:24:33","5:59:58"
320,2,34,"10:59:43","7:12:19"
320,3,92,"9:27:31","13:52:37"
320,4,19,"14:44:15","14:35:0"
320,5,49,"20:32:7","19:0:12"
321,1,89,"17:47:35","5:26:30"
321,2,61,"10:59:52","9:42:10"
321,3,55,"12:6:15","23:16:49"
321,4,71,"10:38:1","10:39:5"
321,5,5,"14:2:0","6:34:2"
322,1,100,"19:38:53","21:16:48"
322,2,15,"12:37:13","8:19:20"
322,3,78,"9:27:48","14:35:6"
322,4,83,"15:24:42","6:51:46"
322,5,99,"16:12:16","6:25:24"
323,1,19,"16:22:51","17:7:47"
323,2,37,"15:32:23","13:27:34"
323,3,39,"18:43:59","11:6:54"
323,4,100,"14:0:48","22:14:9"
323,5,86,"16:19:4","11:30:46"
324,1,72,"20:51:51","23:59:12"
324,2,48,"10:7:56","7:51:54"
324,3,42,"15:48:23","9:4:38"
324,4,58,"23:7:10","22:40:0"
324,5,6,"15:29:35","10:2:1"
325,1,40,"8:44:51","16:2:4"
325,2,27,"17:7:41","23:46:54"
325,3,5,"15:24:56","15:55:5"
325,4,16,"19:8:45","11:31:5"
325,5,54,"15:56:35","18:9:20"
326,1,9,"19:20:45","13:40:39"
326,2,91,"22:44:18","16:26:42"
326,3,62,"17:16:31","6:51:59"
326,4,61,"10:20:51","15:48:53"
326,5,81,"15:32:33","8:43:15"
327,1,51,"11:9:22","17:11:39"
327,2,48,"17:19:21","5:14:26"
327,3,94,"21:3:13","21:38:49"
327,4,62,"7:0:8","14:46:28"
327,5,52,"20:43:32","23:30:47"
328,1,46,"14:39:51","16:47:27"
328,2,35,"10:30:24","8:52:41"
328,3,71,"20:21:1","18:9:29"
328,4,44,"12:55:0","17:12:46"
328,5,66,"5:11:56","10:19:49"
329,1,96,"11:11:57","18:18:15"
329,2,71,"9:47:5","15:6:41"
329,3,79,"22:46:18","16:29:12"
329,4,5,"16:40:45","17:35:46"
329,5,63,"17:26:43","15:39:24"
330,1,66,"23:52:16","18:1:12"
330,2,38,"6:55:47","8:0:40"
330,3,33,"7:57:33","23:9:3"
330,4,83,"12:3:20","14:45:39"
330,5,82,"14:1:9","8:35:41"
331,1,54,"5:45:24","23:54:48"
331,2,49,"12:26:19","13:46:40"
331,3,47,"10:31:48","5:23:58"
331,4,94,"22:53:1","16:15:13"
331,5,8,"7:10:23","17:22:56"
332,1,97,"10:16:57","15:2:43"
332,2,45,"13:16:44","12:14:5"
332,3,51,"11:22:57","9:13:58"
332,4,55,"18:14:35","16:28:5"
332,5,1,"11:37:52","20:59:26"
333,1,34,"7:58:4","22:16:17"
333,2,55,"5:58:16","10:20:7"
333,3,44,"15:26:46","22:29:32"
333,4,52,"15:3:23","7:54:4"
333,5,80,"17:20:9","23:2:15"
334,1,77,"9:25:59","19:50:16"
334,2,94,"21:48:59","11:14:34"
334,3,7,"11:35:22","22:44:23"
334,4,30,"14:7:17","8:32:9"
334,5,12,"18:24:4","12:4:0"
335,1,43,"9:58:57","23:10:14"
335,2,66,"21:15:44","11:33:35"
335,3,8,"18:22:35","22:2:15"
335,4,74,"15:36:34","19:1:39"
335,5,16,"19:27:22","20:44:32"
336,1,92,"19:2:46","21:56:52"
336,2,37,"22:40:27","11:50:27"
336,3,26,"22:55:55","23:23:27"
336,4,19,"9:8:54","5:9:16"
336,5,97,"13:18:10","17:29:6"
337,1,48,"9:45:24","19:41:11"
337,2,48,"22:3:44","11:39:8"
337,3,76,"8:0:42","18:46:38"
337,4,86,"9:36:28","20:49:26"
337,5,9,"16:22:42","20:42:26"
338,1,38,"23:30:24","13:35:51"
338,2,7,"15:26:44","14:42:6"
338,3,70,"17:21:7","15:26:0"
338,4,69,"8:31:35","9:47:46"
338,5,42,"6:44:45","12:28:35"
339,1,84,"22:55:12","9:53:18"
339,2,53,"11:39:22","22:14:55"
339,3,2,"15:11:17","6:12:49"
339,4,84,"15:53:22","17:0:19"
339,5,27,"20:36:25","23:15:50"
340,1,95,"9:22:1","15:48:47"
340,2,91,"9:32:42","16:16:34"
340,3,4,"9:33:15","5:20:57"
340,4,80,"16:38:5","20:0:1"
340,5,80,"23:29:12","7:17:22"
341,1,38,"12:18:9","16:46:18"
341,2,90,"15:20:3","9:24:38"
341,3,45,"16:17:24","7:34:58"
341,4,81,"6:16:12","5:31:7"
341,5,70,"12:6:17","6:42:29"
342,1,53,"18:34:53","16:29:45"
342,2,85,"10:47:2","6:12:52"
342,3,65,"9:1:19","23:17:47"
342,4,84,"12:0:48","14:38:9"
342,5,33,"19:15:0","22:11:28"
343,1,35,"17:4:17","16:14:47"
343,2,47,"7:29:13","19:21:5"
343,3,84,"16:40:33","9:26:37"
343,4,73,"16:12:38","6:33:57"
343,5,17,"5:48:11","6:45:32"
344,1,68,"7:53:46","16:21:4"
344,2,6,"23:22:59","9:53:9"
344,3,3,"9:46:29","20:19:15"
344,4,26,"18:5:28","6:37:18"
344,5,6,"7:11:49","21:46:3"
345,1,11,"15:59:26","15:38:25"
345,2,80,"6:33:20","12:11:13"
345,3,20,"18:32:43","15:48:29"
345,4,93,"12:46:11","14:5:9"
345,5,72,"13:43:49","8:58:58"
346,1,9,"5:13:57","5:7:35"
346,2,99,"20:50:47","15:41:6"
346,3,54,"16:35:0","12:52:46"
346,4,74,"9:25:48","14:23:26"
346,5,9,"9:0:14","20:36:23"
347,1,2,"12:0:32","23:37:23"
347,2,24,"8:17:35","8:48:8"
347,3,91,"10:29:27","16:58:13"
347,4,64,"8:55:46","23:19:8"
347,5,50,"13:8:51","6:16:41"
348,1,52,"22:35:28","21:18:8"
348,2,33,"12:29:45","18:45:38"
348,3,6,"19:8:10","11:49:45"
348,4,84,"13:13:1","21:2:44"
348,5,66,"9:5:12","19:53:45"
349,1,90,"18:10:15","6:40:27"
349,2,73,"13:20:38","10:2:31"
349,3,43,"15:15:7","17:55:45"
349,4,82,"19:3:42","14:19:45"
349,5,56,"8:19:18","7:25:48"
350,1,92,"5:30:13","18:17:26"
350,2,16,"6:42:24","22:14:44"
350,3,64,"5:13:8","14:43:17"
350,4,47,"12:58:30","16:34:34"
350,5,97,"21:45:10","17:6:7"
351,1,38,"11:34:12","6:19:12"
351,2,34,"22:48:11","10:2:51"
351,3,83,"12:42:53","11:48:13"
351,4,23,"18:12:5","20:49:46"
351,5,67,"16:12:32","19:11:46"
352,1,87,"17:46:24","21:42:57"
352,2,30,"23:8:13","8:32:38"
352,3,75,"16:33:38","11:8:45"
352,4,36,"7:4:3","10:4:10"
352,5,38,"7:46:23","12:54:41"
353,1,74,"19:57:0","17:42:41"
353,2,63,"11:1:44","6:44:25"
353,3,38,"9:59:45","12:8:1"
353,4,100,"19:46:49","6:57:48"
353,5,95,"10:35:18","5:45:35"
354,1,22,"9:35:13","14:4:43"
354,2,53,"19:7:57","19:7:18"
354,3,17,"20:10:10","15:34:24"
354,4,45,"23:57:15","21:47:59"
354,5,100,"19:37:14","23:5:7"
355,1,8,"15:50:18","19:46:41"
355,2,81,"12:49:42","7:52:50"
355,3,38,"16:4:38","10:51:16"
355,4,98,"18:1:46","12:26:13"
355,5,89,"10:23:31","6:58:9"
356,1,100,"12:13:38","7:10:31"
356,2,44,"6:51:0","20:9:23"
356,3,95,"8:40:4","7:43:5"
356,4,35,"18:30:0","22:54:35"
356,5,53,"13:48:57","19:7:11"
357,1,75,"12:12:21","15:6:40"
357,2,4,"17:28:35","18:54:45"
357,3,7,"6:11:19","10:33:10"
357,4,16,"20:34:32","10:31:46"
357,5,72,"18:51:19","18:3:40"
358,1,69,"19:43:16","18:0:15"
358,2,84,"7:57:41","19:57:42"
358,3,18,"13:26:34","6:11:19"
358,4,92,"12:20:4","11:37:35"
358,5,87,"10:55:40","16:15:2"
359,1,93,"23:21:53","22:19:1"
359,2,10,"18:53:56","9:16:25"
359,3,95,"10:28:40","6:29:25"
359,4,60,"17:57:11","8:3:32"
359,5,17,"16:14:32","17:29:10"
360,1,42,"12:13:59","9:29:41"
360,2,95,"9:52:25","13:42:8"
360,3,75,"21:50:13","19:0:31"
360,4,41,"10:9:55","23:2:15"
360,5,53,"8:36:38","13:53:52"
361,1,10,"7:25:41","7:6:31"
361,2,33,"21:33:52","18:19:32"
361,3,12,"21:31:51","17:42:11"
361,4,3,"18:44:54","14:19:28"
361,5,20,"7:33:55","11:5:32"
362,1,52,"6:14:2","5:12:4"
362,2,44,"17:42:13","9:42:4"
362,3,7,"8:9:58","10:1:13"
362,4,6,"5:53:24","13:52:24"
362,5,93,"13:57:7","15:12:23"
363,1,21,"12:11:56","23:49:19"
363,2,90,"22:0:3","17:30:16"
363,3,15,"10:40:4","8:8:15"
363,4,82,"17:0:16","8:35:37"
363,5,53,"12:49:19","7:11:41"
364,1,43,"5:54:23","23:45:52"
364,2,71,"11:34:37","15:18:11"
364,3,62,"10:58:53","11:29:26"
364,4,39,"16:29:14","15:40:44"
364,5,78,"21:38:23","11:18:37"
365,1,79,"16:16:4","21:45:13"
365,2,40,"7:58:50","20:18:59"
365,3,12,"16:57:31","11:6:48"
365,4,37,"5:58:18","17:47:18"
365,5,43,"23:58:36","12:43:59"
366,1,79,"16:15:11","20:40:34"
366,2,19,"23:17:27","20:43:27"
366,3,53,"20:54:20","6:43:58"
366,4,28,"23:45:5","8:21:3"
366,5,82,"14:3:18","16:53:46"
367,1,77,"16:2:11","22:34:45"
367,2,29,"23:22:43","7:46:30"
367,3,76,"14:28:44","8:11:34"
367,4,60,"10:13:36","18:19:4"
367,5,27,"14:4:54","17:45:32"
368,1,33,"19:37:26","13:29:5"
368,2,59,"13:23:31","20:46:56"
368,3,89,"18:44:48","22:5:45"
368,4,48,"14:43:30","23:42:39"
368,5,64,"7:13:24","19:19:37"
369,1,51,"5:27:54","11:0:23"
369,2,19,"18:35:10","8:15:29"
369,3,95,"5:51:41","16:33:43"
369,4,53,"18:5:30","10:28:30"
369,5,12,"20:14:58","8:30:31"
370,1,71,"14:44:36","9:15:9"
370,2,14,"14:41:12","20:45:44"
370,3,85,"20:22:34","6:22:39"
370,4,60,"22:40:50","10:16:24"
370,5,66,"15:7:17","20:27:38"
371,1,11,"17:7:19","5:10:31"
371,2,85,"7:3:27","13:38:34"
371,3,80,"21:21:48","18:22:29"
371,4,28,"9:43:4","8:53:10"
371,5,83,"14:53:44","11:51:11"
372,1,15,"13:15:31","16:47:47"
372,2,79,"5:5:19","14:0:49"
372,3,76,"13:56:53","20:1:18"
372,4,66,"13:11:23","14:48:11"
372,5,55,"17:9:31","12:5:41"
373,1,5,"7:7:29","20:21:23"
373,2,73,"12:21:22","9:44:21"
373,3,67,"8:8:5","5:37:23"
373,4,23,"21:52:45","16:0:9"
373,5,34,"15:20:48","6:42:58"
374,1,64,"8:23:22","19:8:53"
374,2,38,"11:38:25","13:6:12"
374,3,98,"22:35:37","17:9:13"
374,4,87,"17:19:48","20:28:32"
374,5,60,"8:46:5","6:48:2"
375,1,64,"20:33:32","16:33:29"
375,2,10,"19:32:38","13:49:47"
375,3,37,"20:7:50","18:26:16"
375,4,87,"6:2:23","19:3:16"
375,5,40,"17:42:53","16:40:19"
376,1,51,"15:33:11","21:51:1"
376,2,48,"20:8:20","15:6:33"
376,3,86,"9:27:32","16:18:35"
376,4,36,"15:48:44","12:55:27"
376,5,78,"15:51:13","23:40:2"
377,1,99,"6:0:12","18:49:7"
377,2,91,"10:23:54","8:21:27"
377,3,70,"8:0:21","12:30:24"
377,4,24,"7:45:15","12:23:8"
377,5,31,"11:50:25","13:6:0"
378,1,4,"19:42:59","23:48:28"
378,2,94,"6:30:57","21:31:19"
378,3,46,"12:33:13","19:12:36"
378,4,21,"8:34:21","12:4:45"
378,5,27,"12:9:20","11:17:24"
379,1,19,"7:49:40","22:15:26"
379,2,53,"7:10:24","8:56:51"
379,3,57,"20:31:31","20:15:22"
379,4,22,"15:0:6","5:52:45"
379,5,15,"16:36:17","6:39:11"
380,1,74,"14:11:52","21:23:12"
380,2,8,"7:49:24","20:51:11"
380,3,4,"14:24:31","6:6:30"
380,4,62,"6:17:22","20:35:6"
380,5,28,"21:36:57","11:20:35"
381,1,82,"7:17:5","17:23:48"
381,2,52,"6:46:30","17:17:0"
381,3,82,"20:47:46","10:5:45"
381,4,46,"12:22:36","19:55:24"
381,5,9,"22:35:6","14:50:35"
382,1,88,"19:24:46","18:32:23"
382,2,15,"14:45:52","22:10:53"
382,3,78,"11:4:49","8:40:50"
382,4,68,"23:18:8","12:37:28"
382,5,95,"8:0:45","11:44:26"
383,1,1,"12:48:52","6:46:32"
383,2,21,"23:47:17","7:6:42"
383,3,83,"22:15:0","21:48:6"
383,4,68,"14:53:59","23:9:32"
383,5,74,"18:50:30","12:49:33"
384,1,99,"6:32:46","19:15:47"
384,2,46,"11:3:20","14:9:45"
384,3,39,"12:15:29","8:48:0"
384,4,45,"14:14:37","5:22:35"
384,5,7,"18:5:50","22:5:0"
385,1,11,"20:23:10","5:37:51"
385,2,72,"16:40:26","17:52:21"
385,3,5,"9:21:26","9:30:59"
385,4,33,"21:27:23","16:3:54"
385,5,88,"12:25:2","13:7:36"
386,1,64,"11:12:2","8:16:42"
386,2,21,"13:21:36","7:3:45"
386,3,36,"14:25:24","9:58:51"
386,4,52,"10:43:21","9:43:49"
386,5,55,"17:35:13","14:16:54"
387,1,16,"18:10:28","5:38:26"
387,2,28,"18:29:24","20:10:32"
387,3,83,"14:49:25","14:10:30"
387,4,36,"8:5:5","5:39:54"
387,5,37,"12:13:58","22:24:12"
388,1,96,"8:37:26","11:39:19"
388,2,14,"9:29:2","22:43:21"
388,3,43,"15:47:11","9:3:50"
388,4,36,"12:51:29","17:9:0"
388,5,10,"11:45:52","6:55:18"
389,1,53,"21:22:54","10:57:40"
389,2,33,"20:53:51","5:35:22"
389,3,63,"23:26:19","14:21:22"
389,4,75,"8:36:17","15:4:6"
389,5,90,"17:0:54","21:43:36"
390,1,1,"13:9:4","11:27:13"
390,2,17,"19:40:43","5:54:10"
390,3,80,"13:9:52","15:25:59"
390,4,77,"12:30:6","17:22:44"
390,5,87,"12:1:21","18:21:40"
391,1,77,"12:50:57","7:10:58"
391,2,27,"14:23:56","19:8:0"
391,3,85,"17:35:6","20:36:39"
391,4,59,"19:9:18","22:42:43"
391,5,98,"20:15:30","5:36:3"
392,1,11,"12:30:46","20:39:17"
392,2,56,"19:30:9","9:27:17"
392,3,73,"13:46:13","5:14:37"
392,4,55,"11:6:17","23:47:31"
392,5,70,"23:56:15","16:58:17"
393,1,11,"12:23:37","7:8:22"
393,2,53,"16:39:40","12:0:21"
393,3,99,"20:13:34","12:29:9"
393,4,91,"22:38:32","17:40:0"
393,5,59,"17:18:9","10:3:5"
394,1,68,"12:4:24","14:42:8"
394,2,2,"13:45:32","12:33:14"
394,3,47,"21:16:58","21:30:6"
394,4,58,"20:27:44","12:15:58"
394,5,39,"18:7:45","10:22:12"
395,1,71,"19:56:17","22:48:42"
395,2,13,"19:34:11","23:52:2"
395,3,19,"19:28:53","21:48:18"
395,4,85,"21:3:42","21:9:11"
395,5,30,"18:24:28","16:56:58"
396,1,42,"13:52:52","19:36:6"
396,2,3,"7:17:11","14:46:45"
396,3,50,"14:3:47","13:44:30"
396,4,25,"15:3:25","17:29:41"
396,5,20,"13:25:32","17:16:10"
397,1,23,"5:34:24","23:11:39"
397,2,90,"12:19:23","21:42:42"
397,3,94,"5:55:1","23:56:50"
397,4,13,"17:56:52","18:54:1"
397,5,32,"5:2:19","13:57:9"
398,1,54,"9:14:2","19:44:53"
398,2,40,"8:41:0","21:30:49"
398,3,1,"20:46:43","8:39:1"
398,4,41,"22:47:14","12:53:55"
398,5,83,"11:57:36","19:13:37"
399,1,55,"9:3:37","20:5:36"
399,2,3,"18:26:42","21:5:12"
399,3,6,"11:27:46","15:27:45"
399,4,34,"20:23:8","7:17:51"
399,5,51,"9:21:11","5:16:13"
400,1,6,"13:1:58","8:8:32"
400,2,27,"17:42:2","6:24:26"
400,3,89,"8:37:18","10:44:42"
400,4,19,"23:48:12","8:37:37"
400,5,74,"16:44:34","7:53:7"
401,1,39,"11:57:47","23:31:30"
401,2,40,"18:17:44","20:33:24"
401,3,17,"10:29:46","21:57:23"
401,4,50,"16:35:52","13:51:59"
401,5,72,"9:6:9","18:54:1"
402,1,99,"12:13:8","23:31:10"
402,2,67,"12:48:6","12:34:22"
402,3,10,"10:51:46","8:59:40"
402,4,37,"19:45:43","16:48:56"
402,5,92,"18:40:38","7:2:48"
403,1,5,"9:50:2","9:34:39"
403,2,51,"20:58:26","8:9:28"
403,3,99,"13:4:59","17:54:50"
403,4,18,"17:38:6","7:7:13"
403,5,10,"21:7:27","8:13:0"
404,1,31,"20:14:53","16:39:42"
404,2,95,"7:0:55","5:28:31"
404,3,36,"18:20:1","16:53:44"
404,4,11,"12:14:35","15:6:8"
404,5,4,"7:55:37","13:29:13"
405,1,96,"14:36:42","14:7:25"
405,2,7,"5:45:17","10:46:17"
405,3,7,"19:31:47","10:28:18"
405,4,92,"23:57:39","5:27:22"
405,5,19,"13:12:33","18:44:38"
406,1,43,"6:36:30","18:0:45"
406,2,85,"18:30:21","13:15:8"
406,3,35,"5:21:14","14:24:6"
406,4,29,"21:2:50","15:42:18"
406,5,57,"16:57:53","14:45:52"
407,1,55,"14:0:45","18:35:4"
407,2,45,"15:8:7","13:49:57"
407,3,43,"6:1:40","15:24:58"
407,4,34,"23:20:13","20:4:32"
407,5,10,"17:35:41","18:39:33"
408,1,30,"11:29:8","15:59:32"
408,2,62,"16:23:35","14:48:2"
408,3,4,"13:18:2","16:16:40"
408,4,71,"20:21:47","10:57:1"
408,5,66,"9:4:15","9:43:37"
409,1,78,"17:13:30","16:57:53"
409,2,90,"6:24:40","9:27:31"
409,3,59,"9:19:27","8:4:47"
409,4,22,"14:40:31","5:58:2"
409,5,83,"6:49:10","23:20:32"
410,1,8,"13:4:27","10:51:25"
410,2,87,"19:36:38","20:58:20"
410,3,47,"21:9:53","18:35:41"
410,4,26,"20:20:5","8:49:8"
410,5,3,"19:52:20","18:32:57"
411,1,94,"11:29:34","6:26:1"
411,2,13,"5:25:41","8:16:47"
411,3,79,"16:34:19","14:51:12"
411,4,71,"9:37:20","8:40:26"
411,5,79,"6:14:6","15:57:40"
412,1,11,"11:52:18","22:3:12"
412,2,38,"5:44:16","17:1:17"
412,3,15,"22:56:59","22:21:32"
412,4,59,"16:0:23","6:53:11"
412,5,10,"11:11:33","23:0:19"
413,1,87,"21:26:40","10:21:0"
413,2,33,"21:59:6","9:28:41"
413,3,73,"12:31:49","11:42:26"
413,4,49,"17:59:46","17:57:38"
413,5,77,"8:16:14","11:40:12"
414,1,98,"20:11:15","14:3:24"
414,2,36,"20:38:10","8:46:24"
414,3,14,"22:30:22","6:55:46"
414,4,69,"8:9:57","16:7:48"
414,5,19,"21:46:44","7:59:23"
415,1,9,"19:2:29","6:56:0"
415,2,38,"20:20:28","19:58:15"
415,3,1,"14:15:15","16:4:28"
415,4,92,"11:10:17","23:18:46"
415,5,95,"23:3:7","12:11:12"
416,1,22,"12:3:7","12:42:27"
416,2,55,"5:37:53","12:15:1"
416,3,81,"16:41:26","18:2:39"
416,4,36,"23:4:51","11:29:9"
416,5,53,"21:43:46","21:59:37"
417,1,64,"16:14:31","16:28:44"
417,2,23,"18:34:4","17:53:47"
417,3,49,"7:1:23","8:7:8"
417,4,90,"8:41:57","23:27:25"
417,5,14,"13:21:19","23:14:56"
418,1,95,"16:9:56","6:31:2"
418,2,25,"8:29:29","8:41:34"
418,3,67,"17:29:35","7:45:19"
418,4,42,"6:50:57","5:35:26"
418,5,86,"16:8:6","9:16:27"
419,1,25,"12:25:23","8:6:34"
419,2,53,"13:9:13","16:38:31"
419,3,36,"6:5:50","12:52:7"
419,4,35,"15:10:26","22:19:20"
419,5,66,"21:39:42","22:39:49"
420,1,10,"19:20:2","5:2:51"
420,2,17,"10:26:8","17:26:50"
420,3,81,"5:14:28","15:2:53"
420,4,18,"16:46:52","12:30:44"
420,5,62,"18:59:48","6:25:56"
421,1,10,"21:17:57","22:24:35"
421,2,32,"12:43:36","17:34:24"
421,3,21,"16:49:8","6:50:46"
421,4,98,"8:59:27","12:19:8"
421,5,1,"15:15:37","11:48:16"
422,1,67,"17:16:22","14:6:40"
422,2,57,"17:43:31","6:10:14"
422,3,12,"9:32:18","21:48:49"
422,4,63,"14:3:37","15:8:51"
422,5,83,"21:29:22","14:12:5"
423,1,12,"5:9:39","18:23:8"
423,2,70,"12:2:50","18:54:42"
423,3,92,"8:33:21","15:56:58"
423,4,47,"8:49:4","22:14:21"
423,5,76,"23:37:4","9:50:36"
424,1,18,"22:48:53","10:9:41"
424,2,78,"19:9:27","23:38:48"
424,3,82,"10:7:50","19:12:36"
424,4,70,"6:47:40","10:47:17"
424,5,57,"15:30:23","13:36:56"
425,1,33,"20:10:6","8:20:12"
425,2,81,"14:8:2","10:9:2"
425,3,86,"14:12:5","13:36:16"
425,4,87,"10:49:24","23:44:14"
425,5,39,"9:36:4","23:17:6"
426,1,73,"11:5:58","5:41:37"
426,2,77,"12:31:18","20:13:13"
426,3,50,"8:5:37","20:42:50"
426,4,67,"8:37:44","9:34:44"
426,5,49,"17:47:3","12:22:8"
427,1,16,"9:17:25","6:52:17"
427,2,75,"18:50:47","6:47:14"
427,3,20,"10:28:43","21:29:13"
427,4,1,"19:53:37","5:37:27"
427,5,80,"18:42:9","19:47:48"
428,1,92,"5:17:10","7:48:8"
428,2,8,"21:25:38","5:53:20"
428,3,90,"18:44:45","5:5:20"
428,4,64,"7:24:44","12:56:46"
428,5,43,"7:0:22","13:25:5"
429,1,73,"21:43:41","9:54:47"
429,2,76,"17:46:6","18:49:47"
429,3,61,"9:59:59","7:56:25"
429,4,10,"9:30:27","20:19:16"
429,5,21,"21:17:10","22:39:26"
430,1,10,"17:6:45","21:45:40"
430,2,74,"23:43:32","7:57:23"
430,3,48,"19:9:8","21:36:17"
430,4,78,"6:57:5","15:15:0"
430,5,13,"19:1:40","13:29:1"
431,1,44,"19:57:15","18:34:22"
431,2,49,"18:6:55","10:40:2"
431,3,73,"13:50:39","23:26:21"
431,4,31,"19:52:11","12:29:28"
431,5,32,"11:2:2","19:59:48"
432,1,15,"13:47:4","22:37:4"
432,2,73,"17:11:34","7:46:1"
432,3,74,"18:55:30","12:34:28"
432,4,83,"14:23:19","5:37:37"
432,5,49,"12:1:3","8:0:48"
433,1,63,"19:22:9","23:10:29"
433,2,93,"14:49:30","12:52:44"
433,3,16,"22:14:8","11:55:29"
433,4,51,"18:12:35","19:45:58"
433,5,21,"12:48:20","18:8:6"
434,1,37,"17:10:14","14:32:6"
434,2,29,"19:14:2","13:54:56"
434,3,27,"12:3:54","22:23:17"
434,4,38,"8:54:2","17:58:38"
434,5,93,"20:59:26","14:19:19"
435,1,86,"10:16:29","13:50:38"
435,2,66,"10:56:39","12:39:43"
435,3,16,"9:34:25","15:13:51"
435,4,16,"12:30:35","21:32:42"
435,5,55,"12:38:44","12:52:55"
436,1,56,"16:0:1","13:25:52"
436,2,83,"22:23:8","21:16:32"
436,3,19,"22:52:32","12:9:59"
436,4,77,"11:26:5","19:13:10"
436,5,17,"14:18:35","16:53:41"
437,1,89,"15:47:38","22:56:55"
437,2,60,"14:11:52","17:27:49"
437,3,97,"17:22:43","8:59:55"
437,4,5,"23:31:49","21:22:17"
437,5,67,"15:19:3","15:51:27"
438,1,80,"9:1:23","12:25:6"
438,2,5,"18:11:27","7:57:10"
438,3,8,"16:58:4","20:37:32"
438,4,73,"9:34:47","15:18:14"
438,5,58,"14:58:46","8:50:21"
439,1,78,"22:40:49","11:16:45"
439,2,76,"16:0:19","12:5:34"
439,3,55,"23:36:40","11:10:54"
439,4,20,"5:7:1","20:22:33"
439,5,27,"18:45:48","16:57:48"
440,1,26,"9:59:57","9:42:25"
440,2,71,"17:56:7","16:2:53"
440,3,42,"22:2:53","9:17:26"
440,4,1,"6:38:17","6:27:24"
440,5,5,"22:44:50","23:55:52"
441,1,40,"17:39:6","6:33:55"
441,2,28,"6:53:25","16:43:15"
441,3,92,"6:48:21","11:27:42"
441,4,57,"20:42:11","13:55:33"
441,5,75,"6:15:5","9:32:18"
442,1,12,"8:44:50","16:19:28"
442,2,55,"11:20:5","10:21:47"
442,3,40,"15:58:55","6:14:42"
442,4,91,"15:48:41","18:13:26"
442,5,7,"20:8:33","11:11:33"
443,1,35,"20:8:37","23:56:53"
443,2,41,"18:55:34","5:12:42"
443,3,13,"6:57:28","13:11:39"
443,4,39,"17:35:29","17:50:18"
443,5,72,"14:27:48","7:39:50"
444,1,89,"10:15:46","23:26:34"
444,2,63,"10:31:12","6:22:8"
444,3,11,"13:23:59","10:40:21"
444,4,39,"16:31:52","19:18:38"
444,5,80,"5:5:19","7:21:14"
445,1,47,"18:49:29","22:15:4"
445,2,12,"7:14:45","18:7:4"
445,3,30,"8:40:8","17:3:13"
445,4,1,"19:56:38","9:23:31"
445,5,71,"6:53:9","11:16:43"
446,1,66,"17:2:10","13:30:48"
446,2,47,"17:36:18","18:45:46"
446,3,36,"20:48:36","11:29:51"
446,4,12,"14:10:12","14:43:52"
446,5,8,"20:28:3","8:19:54"
447,1,94,"20:11:51","18:59:33"
447,2,40,"22:59:36","13:23:29"
447,3,91,"23:4:23","21:31:46"
447,4,92,"18:16:27","17:17:9"
447,5,87,"10:55:25","6:5:35"
448,1,76,"16:28:17","21:36:9"
448,2,26,"19:8:49","5:7:53"
448,3,7,"14:42:11","10:22:48"
448,4,18,"13:46:37","12:8:49"
448,5,79,"9:58:24","12:50:52"
449,1,56,"13:3:12","8:33:20"
449,2,73,"6:12:55","20:57:27"
449,3,45,"14:4:6","15:48:35"
449,4,72,"12:30:39","6:2:1"
449,5,32,"9:45:6","9:41:54"
450,1,26,"5:45:25","23:29:33"
450,2,10,"9:56:21","21:37:59"
450,3,14,"21:50:39","22:12:23"
450,4,5,"16:36:16","18:28:6"
450,5,18,"15:45:29","22:26:25"
451,1,47,"22:41:46","20:2:27"
451,2,70,"19:45:44","22:49:22"
451,3,94,"11:18:33","23:43:55"
451,4,32,"18:39:41","22:53:52"
451,5,91,"19:11:45","10:57:45"
452,1,72,"21:16:42","21:53:54"
452,2,45,"6:51:55","16:23:7"
452,3,76,"9:5:42","13:2:8"
452,4,79,"23:55:41","22:10:37"
452,5,67,"8:21:18","11:57:1"
453,1,42,"14:43:9","8:52:42"
453,2,10,"16:46:39","17:30:39"
453,3,72,"19:0:32","7:52:20"
453,4,65,"14:27:53","10:23:13"
453,5,53,"16:29:6","11:35:29"
454,1,81,"7:25:54","11:17:10"
454,2,20,"16:43:9","14:43:50"
454,3,42,"7:33:17","17:3:47"
454,4,63,"10:53:40","16:36:1"
454,5,41,"11:57:46","14:45:41"
455,1,84,"8:17:58","17:34:53"
455,2,12,"10:37:3","21:32:58"
455,3,93,"8:2:44","20:14:27"
455,4,19,"10:40:46","23:41:47"
455,5,27,"8:54:44","9:34:11"
456,1,52,"7:38:5","14:55:2"
456,2,76,"9:46:42","21:41:23"
456,3,44,"10:9:13","6:41:3"
456,4,82,"20:2:43","13:37:15"
456,5,77,"22:47:50","21:39:39"
457,1,13,"22:14:51","7:11:44"
457,2,12,"19:5:33","21:11:27"
457,3,62,"15:58:37","23:30:35"
457,4,24,"20:41:48","10:34:17"
457,5,35,"22:8:22","23:17:11"
458,1,28,"15:25:35","19:30:30"
458,2,69,"12:6:46","14:46:16"
458,3,3,"21:36:28","5:26:56"
458,4,60,"6:51:30","10:53:50"
458,5,63,"19:55:48","21:47:22"
459,1,78,"12:44:17","19:14:57"
459,2,69,"18:11:9","17:34:18"
459,3,26,"10:54:34","18:55:40"
459,4,68,"19:6:38","19:39:16"
459,5,18,"12:1:40","16:18:31"
460,1,88,"12:59:51","8:41:37"
460,2,35,"19:53:6","18:0:19"
460,3,7,"12:39:23","7:11:34"
460,4,81,"5:3:13","18:53:21"
460,5,98,"21:43:48","16:8:40"
461,1,53,"23:30:55","8:7:9"
461,2,40,"10:6:51","10:51:8"
461,3,74,"19:32:43","10:39:49"
461,4,52,"14:5:12","11:39:36"
461,5,39,"15:18:47","19:13:59"
462,1,60,"19:31:45","18:23:16"
462,2,59,"17:1:49","6:58:37"
462,3,40,"17:27:5","10:43:32"
462,4,11,"18:27:18","17:2:24"
462,5,96,"16:3:14","10:39:4"
463,1,69,"21:55:22","22:59:2"
463,2,29,"13:17:42","10:17:19"
463,3,31,"20:46:27","5:38:0"
463,4,14,"11:29:46","13:59:28"
463,5,62,"21:18:24","8:28:28"
464,1,74,"17:16:11","13:48:11"
464,2,5,"15:26:22","21:0:44"
464,3,21,"17:32:21","21:8:51"
464,4,13,"15:19:32","5:47:12"
464,5,59,"16:43:56","16:40:43"
465,1,78,"23:59:47","7:38:0"
465,2,60,"15:33:21","16:54:51"
465,3,77,"17:50:53","12:27:12"
465,4,77,"23:23:50","9:24:37"
465,5,56,"5:53:40","6:12:5"
466,1,86,"8:57:23","7:55:49"
466,2,47,"10:32:38","8:40:15"
466,3,31,"13:14:16","13:52:40"
466,4,35,"19:51:40","8:54:48"
466,5,65,"8:35:54","13:56:33"
467,1,26,"17:43:35","11:47:55"
467,2,14,"22:24:39","7:35:14"
467,3,37,"18:58:1","7:24:26"
467,4,80,"19:24:32","5:44:10"
467,5,27,"13:2:2","21:51:41"
468,1,27,"8:46:16","5:14:25"
468,2,80,"19:20:49","9:59:53"
468,3,95,"11:4:39","17:15:55"
468,4,71,"5:19:50","14:35:39"
468,5,81,"13:24:41","17:31:25"
469,1,39,"10:29:30","10:6:4"
469,2,14,"9:55:39","9:10:52"
469,3,23,"22:58:18","7:6:24"
469,4,84,"11:4:59","20:11:35"
469,5,36,"10:4:59","16:36:29"
470,1,59,"21:2:58","7:58:40"
470,2,15,"16:28:28","18:31:31"
470,3,24,"17:51:10","15:2:38"
470,4,5,"11:13:43","20:43:36"
470,5,26,"22:21:41","17:30:22"
471,1,79,"11:38:56","18:20:47"
471,2,26,"14:43:14","14:34:23"
471,3,58,"6:16:3","19:30:43"
471,4,50,"16:47:17","10:28:10"
471,5,47,"18:32:46","6:33:11"
472,1,33,"17:42:33","18:41:30"
472,2,79,"7:44:29","16:27:52"
472,3,29,"9:32:44","22:46:39"
472,4,13,"8:59:49","11:49:50"
472,5,54,"18:30:11","10:58:43"
473,1,81,"13:31:30","8:59:56"
473,2,69,"8:19:45","12:24:14"
473,3,88,"21:27:9","6:17:55"
473,4,50,"20:42:52","7:7:43"
473,5,52,"19:31:18","15:3:43"
474,1,52,"22:46:7","16:39:43"
474,2,81,"21:50:8","17:59:27"
474,3,99,"6:17:6","16:20:5"
474,4,38,"22:12:58","15:51:53"
474,5,65,"5:9:2","13:9:14"
475,1,47,"12:26:0","11:52:52"
475,2,24,"7:19:23","23:37:5"
475,3,97,"19:37:5","16:19:42"
475,4,75,"23:16:47","19:45:48"
475,5,77,"15:47:47","22:17:52"
476,1,49,"12:57:5","15:40:52"
476,2,82,"19:20:37","12:39:21"
476,3,4,"8:44:14","13:1:3"
476,4,16,"10:33:53","21:28:41"
476,5,2,"12:43:22","5:6:4"
477,1,60,"14:5:0","8:16:7"
477,2,27,"21:43:36","14:20:10"
477,3,81,"21:40:47","23:29:39"
477,4,44,"12:58:48","22:2:44"
477,5,1,"20:55:45","14:8:49"
478,1,41,"9:57:33","13:54:22"
478,2,61,"11:23:30","14:41:54"
478,3,53,"12:1:39","21:56:44"
478,4,24,"11:23:21","14:54:54"
478,5,42,"22:40:10","17:31:49"
479,1,62,"14:3:48","19:57:18"
479,2,64,"12:55:26","17:38:27"
479,3,8,"10:13:50","23:34:22"
479,4,97,"19:13:7","6:39:20"
479,5,87,"17:7:5","11:17:32"
480,1,40,"22:30:2","21:2:53"
480,2,10,"5:21:37","22:32:41"
480,3,88,"6:55:9","20:29:1"
480,4,12,"14:42:9","14:13:37"
480,5,11,"11:56:31","15:47:57"
481,1,32,"9:18:47","21:0:48"
481,2,44,"18:42:44","6:24:59"
481,3,19,"14:23:54","11:48:42"
481,4,56,"9:43:57","21:19:18"
481,5,53,"12:26:12","13:45:59"
482,1,94,"14:1:21","19:37:22"
482,2,5,"12:12:47","15:6:32"
482,3,22,"8:38:1","23:57:19"
482,4,91,"16:36:21","21:5:6"
482,5,9,"13:38:44","19:52:13"
483,1,20,"16:47:23","23:24:33"
483,2,30,"16:9:46","12:49:33"
483,3,50,"17:5:30","23:28:22"
483,4,22,"18:14:33","6:31:7"
483,5,43,"9:40:27","17:53:1"
484,1,39,"21:46:5","5:41:54"
484,2,85,"7:0:3","10:12:39"
484,3,46,"8:35:32","7:58:59"
484,4,85,"20:33:54","9:31:12"
484,5,89,"22:57:45","15:50:45"
485,1,62,"17:4:47","14:13:58"
485,2,84,"18:9:6","17:55:44"
485,3,21,"7:46:35","17:54:40"
485,4,23,"14:38:51","20:27:34"
485,5,53,"19:1:44","21:53:22"
486,1,3,"18:29:24","17:28:29"
486,2,14,"16:53:5","7:26:52"
486,3,89,"14:57:52","14:11:49"
486,4,53,"17:54:23","21:53:7"
486,5,28,"21:34:46","9:44:49"
487,1,48,"11:12:21","19:29:40"
487,2,25,"14:0:26","20:14:50"
487,3,87,"11:21:45","19:21:37"
487,4,57,"19:48:48","19:58:57"
487,5,56,"17:43:54","23:6:21"
488,1,27,"10:58:15","19:45:15"
488,2,80,"9:32:22","5:49:2"
488,3,73,"10:43:1","13:7:21"
488,4,78,"16:43:42","9:6:48"
488,5,27,"9:7:36","18:52:22"
489,1,85,"15:5:2","18:7:32"
489,2,96,"20:35:19","10:55:2"
489,3,22,"22:24:30","23:59:14"
489,4,37,"21:45:31","18:13:14"
489,5,2,"17:52:12","15:48:37"
490,1,25,"19:52:36","17:25:54"
490,2,32,"14:34:55","17:3:16"
490,3,99,"19:33:30","21:56:23"
490,4,52,"19:26:7","5:38:45"
490,5,95,"5:50:34","17:18:8"
491,1,21,"10:21:4","12:7:59"
491,2,93,"7:50:35","17:14:4"
491,3,46,"16:21:15","15:26:58"
491,4,48,"9:5:39","20:26:55"
491,5,92,"16:17:38","11:3:23"
492,1,69,"20:47:53","10:51:41"
492,2,89,"23:15:28","22:48:59"
492,3,59,"8:34:7","11:20:1"
492,4,4,"23:17:43","22:35:42"
492,5,13,"5:56:19","5:30:29"
493,1,19,"18:52:11","6:14:56"
493,2,86,"6:0:38","12:1:9"
493,3,1,"7:50:5","16:36:43"
493,4,5,"5:35:36","13:12:56"
493,5,47,"21:37:56","9:7:32"
494,1,72,"20:54:45","15:55:59"
494,2,3,"19:16:31","20:31:52"
494,3,18,"22:35:53","8:48:36"
494,4,73,"20:56:39","6:22:13"
494,5,85,"13:9:35","18:36:56"
495,1,39,"11:47:5","9:55:52"
495,2,66,"16:51:50","21:47:53"
495,3,80,"17:11:7","10:15:54"
495,4,94,"9:33:38","22:36:48"
495,5,48,"15:40:26","5:31:6"
496,1,59,"5:46:44","12:36:8"
496,2,9,"9:56:56","6:0:10"
496,3,75,"5:39:38","9:20:5"
496,4,76,"5:37:59","21:10:5"
496,5,85,"20:22:59","20:37:48"
497,1,80,"10:8:44","13:30:26"
497,2,32,"10:39:5","19:54:8"
497,3,48,"23:37:32","21:12:24"
497,4,79,"9:44:23","12:21:59"
497,5,23,"22:29:9","22:31:42"
498,1,26,"14:30:15","7:33:5"
498,2,92,"22:32:47","23:52:40"
498,3,63,"13:52:28","15:24:13"
498,4,31,"11:26:35","15:16:37"
498,5,92,"20:11:26","20:7:8"
499,1,11,"13:24:15","9:27:3"
499,2,3,"16:55:25","13:47:40"
499,3,19,"16:11:37","12:29:12"
499,4,93,"14:37:29","9:44:41"
499,5,94,"23:14:15","17:32:30"
500,1,32,"22:53:16","17:32:8"
500,2,42,"10:42:29","18:46:51"
500,3,98,"10:46:41","22:34:36"
500,4,90,"6:58:16","11:42:4"
500,5,11,"20:27:13","6:19:34"
501,1,100,"19:52:24","10:11:0"
501,2,13,"13:33:22","6:25:20"
501,3,28,"7:11:42","6:59:50"
501,4,4,"5:6:5","11:17:45"
501,5,89,"13:31:44","7:26:58"
502,1,12,"15:49:31","7:41:43"
502,2,90,"15:36:59","18:17:14"
502,3,99,"20:53:27","7:7:53"
502,4,4,"6:25:42","18:1:40"
502,5,42,"13:57:24","21:7:41"
503,1,46,"7:59:33","15:24:15"
503,2,68,"21:21:52","6:0:18"
503,3,11,"5:26:53","17:34:40"
503,4,59,"10:39:36","23:37:13"
503,5,97,"7:26:40","22:42:43"
504,1,59,"22:12:9","10:30:19"
504,2,45,"5:21:38","22:43:41"
504,3,34,"8:18:50","19:45:31"
504,4,67,"23:58:2","21:34:39"
504,5,14,"13:34:16","14:10:43"
505,1,29,"11:56:21","14:51:40"
505,2,74,"12:20:3","13:53:41"
505,3,43,"21:38:49","20:56:56"
505,4,95,"20:49:41","19:53:41"
505,5,66,"8:31:57","11:50:33"
506,1,31,"5:38:56","8:32:5"
506,2,88,"23:25:59","15:12:32"
506,3,50,"12:40:20","14:32:36"
506,4,75,"10:39:52","17:19:18"
506,5,63,"8:38:45","20:0:38"
507,1,40,"16:30:22","22:12:41"
507,2,71,"15:40:45","7:38:3"
507,3,16,"8:46:54","10:53:34"
507,4,27,"13:56:59","16:15:43"
507,5,9,"18:29:58","15:24:43"
508,1,24,"16:2:9","15:54:19"
508,2,63,"13:45:20","10:17:37"
508,3,50,"8:42:57","11:18:41"
508,4,29,"18:30:1","8:56:20"
508,5,4,"5:57:31","9:10:50"
509,1,22,"14:40:39","13:10:30"
509,2,20,"21:42:24","7:58:21"
509,3,30,"11:16:14","21:44:46"
509,4,56,"6:4:22","19:12:4"
509,5,93,"13:40:50","9:57:55"
510,1,61,"15:41:53","11:12:49"
510,2,13,"7:29:1","13:28:11"
510,3,79,"12:54:32","7:18:36"
510,4,56,"5:29:43","14:2:31"
510,5,20,"13:25:0","16:59:33"
511,1,67,"5:2:15","8:39:16"
511,2,93,"23:31:31","16:18:31"
511,3,94,"22:2:6","17:50:6"
511,4,57,"18:3:41","8:37:48"
511,5,18,"16:5:50","20:4:56"
512,1,42,"12:1:20","15:11:43"
512,2,42,"9:4:9","5:39:54"
512,3,90,"12:42:12","7:24:52"
512,4,58,"9:48:17","19:13:43"
512,5,73,"10:58:35","7:17:26"
513,1,47,"20:6:29","17:1:20"
513,2,82,"12:47:24","21:11:36"
513,3,14,"14:58:31","7:30:32"
513,4,91,"21:26:49","17:44:3"
513,5,81,"8:35:53","11:16:35"
514,1,69,"21:42:7","15:4:45"
514,2,9,"14:20:35","16:53:54"
514,3,7,"10:7:14","17:37:51"
514,4,2,"15:56:53","13:29:59"
514,5,74,"12:21:18","9:30:55"
515,1,44,"21:14:31","19:27:46"
515,2,2,"21:17:54","17:18:24"
515,3,37,"16:56:12","20:56:53"
515,4,94,"14:10:36","6:53:6"
515,5,78,"8:11:12","20:45:18"
516,1,88,"8:17:22","8:55:6"
516,2,89,"6:9:48","16:35:12"
516,3,24,"8:58:25","23:35:46"
516,4,17,"5:49:23","21:40:21"
516,5,34,"8:59:12","12:30:19"
517,1,8,"20:25:32","16:20:47"
517,2,88,"7:27:24","16:12:38"
517,3,12,"23:32:28","10:5:22"
517,4,11,"18:29:50","21:0:23"
517,5,99,"10:23:40","6:32:52"
518,1,32,"12:49:48","15:8:19"
518,2,51,"12:2:13","19:17:45"
518,3,45,"22:5:36","14:0:53"
518,4,64,"14:58:43","23:27:8"
518,5,13,"6:35:20","13:32:43"
519,1,36,"11:30:18","6:9:56"
519,2,38,"14:30:32","15:2:42"
519,3,78,"21:15:8","17:49:22"
519,4,57,"23:49:27","6:31:41"
519,5,21,"6:32:43","18:45:56"
520,1,4,"6:5:27","6:40:47"
520,2,88,"7:58:44","21:3:18"
520,3,37,"6:20:10","13:16:32"
520,4,25,"15:23:27","17:53:11"
520,5,91,"11:34:30","15:22:46"
521,1,91,"21:15:2","22:13:35"
521,2,75,"15:35:21","7:11:57"
521,3,2,"6:4:30","15:11:33"
521,4,56,"14:18:11","18:33:36"
521,5,38,"16:11:6","22:39:0"
522,1,48,"7:42:47","8:40:32"
522,2,13,"12:39:45","7:51:12"
522,3,35,"19:52:17","5:54:33"
522,4,83,"17:19:42","12:51:38"
522,5,8,"8:40:58","17:3:27"
523,1,35,"9:40:53","16:10:28"
523,2,8,"19:40:42","21:25:1"
523,3,65,"11:11:5","8:20:13"
523,4,30,"13:33:39","23:39:4"
523,5,95,"21:27:1","20:23:7"
524,1,34,"13:32:45","10:45:37"
524,2,13,"13:3:48","22:12:29"
524,3,69,"20:35:14","6:18:12"
524,4,69,"9:58:55","5:3:21"
524,5,91,"10:48:35","10:31:10"
525,1,76,"14:26:9","16:57:32"
525,2,41,"22:57:17","21:36:33"
525,3,77,"6:24:6","19:2:25"
525,4,92,"18:4:49","23:15:2"
525,5,46,"8:8:54","22:4:1"
526,1,59,"17:8:14","14:36:34"
526,2,2,"14:19:10","18:52:35"
526,3,23,"14:29:44","17:42:8"
526,4,100,"6:51:59","5:18:25"
526,5,18,"13:0:23","16:17:29"
527,1,7,"10:46:30","11:31:54"
527,2,93,"13:14:43","21:58:21"
527,3,89,"9:26:36","9:55:18"
527,4,3,"10:50:39","6:18:27"
527,5,7,"6:9:19","5:22:18"
528,1,29,"6:14:16","23:21:21"
528,2,3,"15:17:19","9:7:31"
528,3,52,"22:1:47","20:25:57"
528,4,90,"8:19:44","20:46:44"
528,5,86,"6:20:11","5:55:10"
529,1,93,"18:52:49","15:47:10"
529,2,38,"6:17:38","20:49:31"
529,3,76,"22:32:24","13:35:34"
529,4,7,"11:1:41","23:37:27"
529,5,16,"12:30:36","15:31:16"
530,1,65,"20:5:26","16:59:17"
530,2,68,"17:59:56","11:27:6"
530,3,41,"9:55:21","8:21:14"
530,4,97,"10:13:17","22:17:25"
530,5,51,"21:50:3","22:4:51"
531,1,19,"10:15:29","11:29:53"
531,2,31,"20:37:20","12:48:38"
531,3,100,"21:42:51","19:37:52"
531,4,83,"20:56:14","7:8:21"
531,5,49,"9:35:7","8:4:51"
532,1,94,"6:12:51","16:53:3"
532,2,28,"20:11:21","14:56:28"
532,3,77,"11:4:52","15:21:24"
532,4,25,"18:25:4","10:0:30"
532,5,67,"15:27:35","19:8:3"
533,1,94,"13:48:23","8:15:17"
533,2,50,"15:37:30","17:39:27"
533,3,1,"22:30:20","22:25:55"
533,4,41,"17:4:40","20:41:55"
533,5,60,"7:47:53","17:3:3"
534,1,41,"17:46:26","7:17:59"
534,2,3,"18:35:51","13:26:27"
534,3,11,"5:28:25","21:18:46"
534,4,79,"21:23:1","14:42:55"
534,5,21,"6:3:20","10:53:24"
535,1,63,"8:7:59","10:48:57"
535,2,9,"14:39:23","6:51:38"
535,3,20,"12:23:19","6:7:44"
535,4,45,"22:33:7","18:7:12"
535,5,80,"14:55:45","17:21:46"
536,1,56,"23:39:40","13:48:5"
536,2,78,"5:14:33","18:5:57"
536,3,28,"20:24:11","16:44:6"
536,4,20,"12:10:19","18:6:31"
536,5,86,"11:0:36","23:9:6"
537,1,22,"13:36:39","7:46:13"
537,2,55,"9:24:44","6:21:47"
537,3,57,"17:55:21","16:3:41"
537,4,57,"12:51:13","23:41:44"
537,5,11,"14:34:10","13:58:54"
538,1,38,"9:45:16","18:31:53"
538,2,76,"15:7:10","18:3:2"
538,3,20,"22:22:22","20:14:40"
538,4,79,"11:20:10","22:27:17"
538,5,49,"18:14:59","11:21:47"
539,1,49,"16:52:17","15:43:3"
539,2,1,"9:26:41","14:11:33"
539,3,25,"13:12:34","14:39:54"
539,4,32,"17:27:31","15:38:27"
539,5,3,"6:5:32","6:15:5"
540,1,15,"5:57:33","14:46:39"
540,2,65,"16:6:56","15:52:57"
540,3,35,"13:56:38","10:22:30"
540,4,10,"7:26:59","12:2:55"
540,5,82,"8:54:53","5:45:7"
541,1,52,"10:12:36","17:58:46"
541,2,42,"17:0:5","10:56:9"
541,3,17,"12:17:13","20:18:32"
541,4,54,"13:56:40","17:56:41"
541,5,44,"13:31:3","18:16:18"
542,1,24,"10:21:37","18:33:28"
542,2,16,"18:33:28","9:40:31"
542,3,63,"12:17:55","18:57:31"
542,4,3,"16:4:20","23:7:11"
542,5,14,"10:44:42","15:14:33"
543,1,59,"17:29:34","20:3:16"
543,2,62,"14:11:13","21:4:54"
543,3,70,"11:5:55","14:24:58"
543,4,15,"7:21:6","10:39:23"
543,5,37,"16:27:27","6:2:32"
544,1,76,"11:26:2","20:49:52"
544,2,26,"19:28:11","7:16:28"
544,3,45,"6:12:32","6:40:58"
544,4,16,"7:55:4","8:10:2"
544,5,86,"8:2:22","17:4:36"
545,1,3,"13:24:17","8:6:0"
545,2,62,"16:48:8","13:50:3"
545,3,64,"5:21:29","13:15:0"
545,4,59,"22:20:13","11:9:8"
545,5,59,"8:18:11","15:57:54"
546,1,93,"7:13:37","14:30:15"
546,2,82,"16:1:22","21:32:52"
546,3,26,"21:39:57","17:59:29"
546,4,2,"18:2:3","16:39:34"
546,5,42,"17:27:41","21:44:19"
547,1,37,"19:19:21","17:12:22"
547,2,49,"23:13:39","15:9:51"
547,3,38,"16:32:31","20:16:25"
547,4,87,"20:16:56","22:12:26"
547,5,48,"20:13:38","16:11:4"
548,1,70,"19:31:46","9:18:15"
548,2,58,"9:50:0","19:13:53"
548,3,60,"9:8:45","6:25:38"
548,4,80,"5:35:55","6:40:27"
548,5,46,"12:0:46","11:31:12"
549,1,100,"16:16:18","9:50:41"
549,2,78,"11:11:43","10:46:10"
549,3,80,"11:45:1","11:28:16"
549,4,6,"21:19:42","22:2:41"
549,5,75,"19:30:56","23:17:28"
550,1,35,"17:35:4","22:58:33"
550,2,34,"12:2:18","10:59:54"
550,3,47,"10:42:58","19:31:40"
550,4,100,"17:12:43","10:5:38"
550,5,58,"17:51:23","23:52:2"
551,1,3,"16:28:23","19:54:24"
551,2,25,"9:6:48","14:27:18"
551,3,93,"16:43:16","15:2:12"
551,4,85,"22:47:23","17:41:31"
551,5,95,"16:2:55","7:30:4"
552,1,43,"6:21:50","17:39:4"
552,2,47,"18:46:55","16:25:59"
552,3,56,"5:14:16","5:37:20"
552,4,66,"21:44:22","15:12:11"
552,5,44,"8:21:43","15:19:9"
553,1,68,"13:35:24","18:39:55"
553,2,84,"5:35:41","15:2:41"
553,3,17,"15:25:12","9:28:33"
553,4,22,"6:29:56","21:47:44"
553,5,64,"7:4:21","11:20:42"
554,1,79,"22:33:39","22:45:48"
554,2,25,"13:30:7","20:6:45"
554,3,100,"15:50:7","14:51:29"
554,4,31,"8:39:38","20:19:8"
554,5,82,"12:2:4","17:18:12"
555,1,73,"23:46:40","21:51:1"
555,2,77,"16:20:51","18:28:42"
555,3,1,"21:27:34","14:3:36"
555,4,57,"9:1:52","7:2:52"
555,5,59,"10:11:29","15:56:19"
556,1,71,"21:18:25","19:21:49"
556,2,80,"21:53:54","15:29:2"
556,3,7,"10:23:55","7:30:44"
556,4,88,"6:13:40","21:28:44"
556,5,16,"14:33:23","9:56:16"
557,1,91,"13:7:9","5:41:40"
557,2,99,"18:54:11","11:56:44"
557,3,6,"20:2:54","10:18:7"
557,4,26,"5:39:21","8:31:1"
557,5,4,"6:44:17","17:27:14"
558,1,32,"7:36:27","21:59:32"
558,2,12,"21:46:22","21:31:46"
558,3,66,"21:53:26","22:22:29"
558,4,55,"6:38:59","21:4:37"
558,5,65,"15:22:21","7:50:32"
559,1,33,"8:51:58","11:58:32"
559,2,49,"8:50:19","21:24:1"
559,3,4,"7:2:39","18:58:10"
559,4,77,"21:24:1","9:10:27"
559,5,66,"9:16:36","8:10:51"
560,1,58,"10:19:25","8:5:10"
560,2,24,"7:39:27","6:37:28"
560,3,74,"11:41:16","6:45:0"
560,4,28,"6:46:46","13:29:10"
560,5,63,"9:7:19","20:16:9"
561,1,60,"23:7:14","6:57:38"
561,2,6,"6:13:8","12:42:31"
561,3,31,"7:29:42","13:56:16"
561,4,67,"11:19:2","15:5:22"
561,5,36,"8:26:3","10:20:27"
562,1,79,"19:21:38","22:4:49"
562,2,28,"19:3:2","11:4:12"
562,3,3,"13:50:19","5:7:21"
562,4,19,"17:33:43","15:29:4"
562,5,86,"9:48:3","12:44:36"
563,1,40,"7:30:48","15:14:26"
563,2,55,"8:38:58","7:44:13"
563,3,1,"14:44:29","18:14:31"
563,4,89,"17:58:13","21:49:12"
563,5,38,"21:20:24","19:6:29"
564,1,26,"12:2:21","17:31:46"
564,2,54,"9:43:44","23:52:34"
564,3,66,"14:51:12","12:4:19"
564,4,72,"18:51:17","7:48:19"
564,5,29,"14:17:7","7:43:30"
565,1,97,"23:35:4","11:43:56"
565,2,48,"20:19:25","6:7:55"
565,3,13,"18:38:4","6:18:47"
565,4,89,"17:1:31","18:59:45"
565,5,27,"16:34:27","20:46:8"
566,1,31,"13:50:42","18:2:56"
566,2,47,"7:37:9","19:57:16"
566,3,57,"9:36:51","21:57:15"
566,4,60,"8:27:6","16:50:24"
566,5,59,"5:40:55","23:3:1"
567,1,45,"5:33:7","9:46:49"
567,2,35,"9:28:22","13:53:36"
567,3,66,"10:33:8","6:53:50"
567,4,2,"21:24:22","15:10:48"
567,5,40,"7:17:22","8:28:57"
568,1,79,"5:5:17","22:59:12"
568,2,70,"18:1:43","5:38:19"
568,3,72,"15:59:10","9:46:18"
568,4,62,"7:28:17","23:13:54"
568,5,56,"11:13:8","23:0:2"
569,1,41,"20:34:16","11:20:43"
569,2,26,"7:36:53","19:38:11"
569,3,31,"16:37:52","17:43:33"
569,4,10,"18:20:52","10:49:28"
569,5,74,"17:17:34","8:24:59"
570,1,33,"5:51:3","20:32:19"
570,2,78,"17:44:23","22:9:41"
570,3,59,"11:31:8","6:1:49"
570,4,69,"6:53:9","17:49:10"
570,5,9,"23:35:59","14:25:37"
571,1,86,"15:1:37","23:50:38"
571,2,22,"10:28:39","19:28:40"
571,3,94,"17:17:2","5:2:44"
571,4,73,"6:27:53","23:57:23"
571,5,98,"7:21:28","5:47:47"
572,1,86,"11:3:35","23:20:20"
572,2,68,"15:37:12","11:46:15"
572,3,4,"17:32:1","15:53:43"
572,4,8,"20:23:57","15:24:33"
572,5,58,"14:8:6","19:4:15"
573,1,38,"5:50:6","12:49:36"
573,2,73,"15:48:32","22:9:27"
573,3,100,"15:6:19","17:46:31"
573,4,11,"9:12:29","22:0:57"
573,5,81,"12:30:3","6:51:43"
574,1,70,"21:13:14","13:45:27"
574,2,55,"20:37:33","14:21:2"
574,3,46,"22:57:44","7:57:52"
574,4,71,"15:8:25","12:46:21"
574,5,10,"5:24:8","20:14:30"
575,1,48,"17:31:3","12:53:24"
575,2,40,"11:43:58","19:47:10"
575,3,32,"19:8:37","18:40:10"
575,4,60,"22:26:19","10:53:10"
575,5,47,"10:0:47","14:21:40"
576,1,63,"17:26:54","5:12:48"
576,2,13,"7:59:33","19:21:33"
576,3,64,"19:35:10","12:58:19"
576,4,1,"12:42:17","11:9:54"
576,5,2,"14:44:0","10:41:39"
577,1,86,"9:4:58","8:25:39"
577,2,65,"16:42:36","21:18:30"
577,3,79,"6:0:34","11:37:23"
577,4,3,"10:25:54","9:6:42"
577,5,95,"21:0:21","16:34:41"
578,1,78,"11:33:12","17:18:5"
578,2,12,"9:7:47","22:22:43"
578,3,90,"6:13:35","23:48:11"
578,4,41,"12:57:21","23:57:44"
578,5,17,"22:22:36","6:15:55"
579,1,71,"14:47:21","17:57:48"
579,2,14,"20:13:45","5:14:15"
579,3,29,"16:53:9","13:26:15"
579,4,25,"11:18:31","8:40:57"
579,5,82,"15:10:31","20:52:2"
580,1,28,"5:5:57","23:24:47"
580,2,39,"7:35:51","20:35:20"
580,3,21,"20:1:46","22:54:37"
580,4,67,"17:7:41","22:55:14"
580,5,56,"18:28:22","10:41:25"
581,1,53,"7:46:44","11:16:1"
581,2,9,"10:32:34","17:55:21"
581,3,53,"11:39:25","8:34:33"
581,4,23,"17:23:31","17:16:39"
581,5,34,"16:24:59","5:59:42"
582,1,21,"16:5:2","22:47:7"
582,2,54,"23:22:25","10:56:19"
582,3,60,"6:35:34","8:34:43"
582,4,70,"23:52:35","8:10:51"
582,5,39,"14:23:32","7:30:53"
583,1,6,"21:18:14","12:19:15"
583,2,55,"7:32:3","9:31:19"
583,3,52,"17:42:5","11:25:13"
583,4,75,"19:34:33","10:45:13"
583,5,11,"6:14:53","11:56:52"
584,1,53,"11:30:29","12:4:0"
584,2,52,"17:31:6","18:50:44"
584,3,38,"9:0:44","20:33:46"
584,4,26,"23:58:3","12:38:32"
584,5,42,"15:22:36","21:18:34"
585,1,12,"18:9:40","10:11:16"
585,2,41,"20:22:26","8:49:26"
585,3,92,"6:22:27","21:4:22"
585,4,72,"23:49:15","8:5:49"
585,5,2,"7:11:29","5:55:42"
586,1,63,"22:15:34","15:3:13"
586,2,85,"6:18:57","12:54:48"
586,3,54,"8:9:10","23:30:30"
586,4,64,"16:43:13","14:54:27"
586,5,67,"6:13:13","13:31:38"
587,1,69,"16:33:32","14:13:32"
587,2,68,"20:44:59","17:44:28"
587,3,73,"18:44:38","5:44:57"
587,4,77,"22:43:11","12:27:45"
587,5,25,"8:26:7","11:32:44"
588,1,69,"15:33:54","17:13:20"
588,2,35,"17:45:34","17:19:11"
588,3,81,"9:44:11","18:41:18"
588,4,79,"20:13:5","20:51:38"
588,5,92,"15:24:18","14:12:8"
589,1,24,"18:26:30","8:26:34"
589,2,14,"7:20:1","11:40:27"
589,3,51,"10:44:56","19:33:41"
589,4,15,"9:18:46","17:2:47"
589,5,30,"14:13:5","7:13:59"
590,1,80,"18:41:9","13:30:31"
590,2,53,"17:44:55","18:19:49"
590,3,79,"9:49:15","14:13:53"
590,4,37,"11:10:13","10:52:56"
590,5,19,"10:51:1","15:11:38"
591,1,71,"14:14:5","16:22:54"
591,2,48,"21:34:56","10:30:3"
591,3,29,"16:16:57","9:34:3"
591,4,58,"19:47:50","21:47:3"
591,5,94,"21:29:47","11:5:30"
592,1,82,"19:9:45","16:7:4"
592,2,86,"9:34:54","21:24:20"
592,3,2,"22:23:35","5:51:38"
592,4,21,"22:53:7","16:30:6"
592,5,32,"6:28:49","21:58:54"
593,1,41,"5:19:8","23:47:58"
593,2,7,"6:15:54","19:44:30"
593,3,57,"15:6:14","12:30:28"
593,4,61,"11:29:55","12:39:49"
593,5,9,"13:29:22","13:53:51"
594,1,15,"22:56:30","20:18:7"
594,2,25,"17:0:16","7:20:17"
594,3,58,"13:27:47","19:0:31"
594,4,80,"5:56:34","17:40:12"
594,5,60,"6:57:28","21:50:10"
595,1,39,"15:31:38","17:58:34"
595,2,100,"12:26:42","16:30:5"
595,3,24,"8:48:17","8:29:50"
595,4,90,"5:28:31","18:25:46"
595,5,3,"21:54:54","5:23:24"
596,1,46,"23:32:42","11:31:2"
596,2,30,"11:13:59","9:30:51"
596,3,3,"23:48:20","11:14:34"
596,4,34,"11:6:17","15:31:39"
596,5,77,"12:12:36","19:17:56"
597,1,22,"22:36:59","8:33:47"
597,2,85,"12:1:40","16:37:58"
597,3,93,"17:50:48","17:51:40"
597,4,75,"8:49:39","6:27:8"
597,5,65,"22:54:15","18:47:3"
598,1,43,"16:46:31","13:20:13"
598,2,80,"20:21:55","7:20:36"
598,3,20,"6:50:44","7:23:21"
598,4,50,"20:23:53","17:40:15"
598,5,50,"7:10:6","9:39:51"
599,1,56,"22:30:40","22:28:2"
599,2,83,"5:12:7","20:13:48"
599,3,26,"15:25:45","23:21:53"
599,4,85,"19:28:25","14:28:26"
599,5,81,"5:22:39","9:48:57"
600,1,20,"20:32:36","5:16:46"
600,2,23,"13:6:27","21:31:19"
600,3,91,"8:34:2","18:54:20"
600,4,40,"17:10:43","19:30:58"
600,5,74,"5:25:54","19:26:27"
601,1,97,"12:25:59","23:30:47"
601,2,96,"6:44:14","14:39:3"
601,3,13,"23:39:59","11:50:9"
601,4,25,"8:43:52","19:9:2"
601,5,63,"19:40:55","18:16:43"
602,1,79,"10:16:51","18:27:7"
602,2,27,"10:27:33","13:11:8"
602,3,11,"5:15:19","21:36:58"
602,4,68,"10:43:0","14:17:25"
602,5,4,"16:22:0","5:19:7"
603,1,2,"16:24:27","14:50:54"
603,2,46,"7:49:14","10:26:14"
603,3,61,"10:20:56","10:28:55"
603,4,36,"16:32:39","11:49:14"
603,5,52,"9:49:35","22:9:15"
604,1,35,"13:24:30","22:28:25"
604,2,64,"18:38:3","17:50:2"
604,3,63,"18:6:22","21:19:27"
604,4,78,"16:28:31","8:12:10"
604,5,63,"18:28:8","15:35:7"
605,1,32,"19:42:3","20:53:37"
605,2,25,"9:52:53","17:44:45"
605,3,85,"16:33:15","14:34:30"
605,4,41,"11:12:27","13:38:5"
605,5,31,"9:44:3","16:15:34"
606,1,7,"13:53:42","21:56:20"
606,2,50,"13:40:2","7:7:9"
606,3,53,"18:2:59","23:14:51"
606,4,6,"7:42:56","10:10:40"
606,5,27,"15:53:47","21:14:19"
607,1,4,"11:35:22","18:3:24"
607,2,47,"7:36:50","14:34:10"
607,3,97,"9:27:55","23:22:28"
607,4,75,"19:32:9","15:3:14"
607,5,71,"5:50:38","18:20:20"
608,1,46,"6:0:6","6:31:19"
608,2,15,"22:15:2","14:49:20"
608,3,75,"17:6:26","8:36:41"
608,4,46,"13:53:16","21:58:58"
608,5,38,"5:8:9","12:17:54"
609,1,45,"23:31:57","9:56:5"
609,2,62,"9:32:48","18:52:2"
609,3,62,"20:14:42","6:37:31"
609,4,19,"6:6:7","17:45:19"
609,5,2,"5:30:25","20:40:36"
610,1,71,"16:10:24","11:49:22"
610,2,3,"14:49:22","5:59:12"
610,3,50,"6:47:28","5:49:27"
610,4,18,"18:28:34","20:16:56"
610,5,76,"19:35:9","14:20:40"
611,1,94,"16:46:58","15:50:11"
611,2,17,"10:26:28","8:4:43"
611,3,13,"5:15:12","23:22:19"
611,4,32,"18:56:42","5:56:24"
611,5,99,"20:54:30","9:30:12"
612,1,85,"12:13:34","20:6:25"
612,2,86,"5:38:37","5:45:17"
612,3,92,"17:25:55","17:23:34"
612,4,37,"8:54:57","19:38:16"
612,5,92,"11:25:3","8:8:43"
613,1,52,"21:20:59","10:43:58"
613,2,38,"22:39:41","14:16:22"
613,3,77,"6:20:13","15:15:30"
613,4,85,"21:55:54","16:52:25"
613,5,13,"13:17:57","18:58:47"
614,1,18,"13:50:11","11:22:48"
614,2,95,"19:38:53","23:2:26"
614,3,92,"5:59:45","13:58:45"
614,4,78,"10:44:41","17:28:58"
614,5,62,"17:55:25","13:34:12"
615,1,44,"5:47:36","14:49:43"
615,2,85,"22:37:27","10:34:41"
615,3,70,"11:33:53","6:4:26"
615,4,66,"6:56:4","15:5:43"
615,5,2,"13:25:11","13:42:15"
616,1,17,"13:35:49","15:41:1"
616,2,44,"5:51:0","21:23:0"
616,3,32,"17:57:21","14:27:32"
616,4,38,"12:29:45","6:38:46"
616,5,25,"22:57:51","9:50:59"
617,1,9,"13:33:51","13:7:24"
617,2,21,"10:16:45","9:43:46"
617,3,3,"21:19:43","13:9:0"
617,4,57,"7:18:22","6:57:21"
617,5,98,"17:3:22","14:4:59"
618,1,54,"15:36:28","11:6:24"
618,2,47,"8:15:53","7:52:38"
618,3,49,"17:28:14","12:4:5"
618,4,4,"13:8:19","14:23:53"
618,5,9,"22:29:27","13:58:58"
619,1,60,"12:10:4","17:4:10"
619,2,63,"9:59:38","17:8:0"
619,3,89,"20:35:50","20:33:25"
619,4,19,"14:37:52","12:15:9"
619,5,74,"5:35:22","22:39:24"
620,1,94,"20:2:33","11:15:28"
620,2,45,"16:10:8","10:59:41"
620,3,50,"21:55:55","21:3:3"
620,4,40,"9:34:14","19:2:25"
620,5,10,"21:3:13","19:41:42"
621,1,49,"16:0:11","8:8:11"
621,2,58,"12:46:16","16:17:53"
621,3,24,"11:42:35","12:19:50"
621,4,67,"12:23:47","23:47:40"
621,5,100,"7:13:22","17:29:44"
622,1,65,"15:55:50","8:56:16"
622,2,37,"21:30:28","18:25:42"
622,3,49,"20:17:18","12:13:37"
622,4,85,"11:0:56","18:3:17"
622,5,47,"17:18:33","20:16:38"
623,1,72,"16:20:11","10:25:19"
623,2,96,"13:34:58","11:52:47"
623,3,95,"17:47:39","20:42:20"
623,4,86,"16:7:0","22:13:58"
623,5,62,"13:27:45","21:21:35"
624,1,70,"22:11:7","18:0:19"
624,2,58,"17:19:56","8:24:27"
624,3,18,"14:42:26","7:2:43"
624,4,51,"10:34:6","8:29:7"
624,5,26,"12:54:0","13:52:26"
625,1,61,"16:27:40","16:16:3"
625,2,27,"22:43:1","23:35:22"
625,3,96,"22:34:35","9:55:54"
625,4,29,"17:19:33","17:39:32"
625,5,86,"23:11:27","21:58:12"
626,1,46,"12:35:19","15:52:36"
626,2,5,"14:31:11","11:8:35"
626,3,9,"9:20:26","9:39:41"
626,4,97,"18:58:43","9:50:31"
626,5,43,"14:41:40","21:11:13"
627,1,68,"12:44:30","18:51:4"
627,2,95,"7:33:48","5:47:16"
627,3,97,"14:27:30","18:33:35"
627,4,50,"19:28:36","16:14:43"
627,5,69,"22:1:23","8:51:2"
628,1,8,"23:34:0","23:34:34"
628,2,36,"15:51:5","13:24:58"
628,3,81,"8:1:24","6:38:3"
628,4,40,"8:35:0","18:0:55"
628,5,41,"21:13:27","10:58:32"
629,1,59,"14:57:19","20:53:39"
629,2,91,"10:31:44","22:29:46"
629,3,30,"20:50:30","7:47:15"
629,4,46,"9:21:16","20:2:31"
629,5,55,"9:21:34","21:49:37"
630,1,42,"14:47:56","21:7:29"
630,2,20,"19:30:52","11:17:22"
630,3,89,"14:16:29","5:58:19"
630,4,91,"9:17:52","21:8:3"
630,5,97,"17:5:0","6:53:19"
631,1,98,"19:13:53","20:4:19"
631,2,41,"11:22:40","16:44:9"
631,3,46,"21:16:19","12:16:31"
631,4,61,"19:42:7","9:40:51"
631,5,14,"21:0:55","8:40:0"
632,1,68,"15:35:21","18:49:7"
632,2,87,"16:50:2","21:57:6"
632,3,41,"17:59:13","21:14:53"
632,4,54,"17:30:39","13:19:0"
632,5,57,"18:23:59","7:26:8"
633,1,13,"16:27:26","17:43:42"
633,2,85,"10:20:40","9:25:39"
633,3,12,"23:58:16","10:38:53"
633,4,87,"15:1:15","5:5:54"
633,5,21,"5:40:20","5:22:9"
634,1,100,"17:20:56","17:11:29"
634,2,42,"17:45:35","8:10:5"
634,3,45,"14:10:7","6:41:23"
634,4,41,"12:10:1","21:59:44"
634,5,19,"23:46:21","20:56:3"
635,1,77,"20:39:0","17:55:15"
635,2,66,"11:17:43","18:19:55"
635,3,78,"13:48:28","16:19:32"
635,4,38,"15:23:40","17:54:10"
635,5,6,"10:33:21","10:14:30"
636,1,60,"14:39:56","21:37:5"
636,2,51,"5:38:1","10:49:53"
636,3,89,"6:45:49","10:29:14"
636,4,24,"12:41:17","6:30:19"
636,5,73,"8:9:53","15:51:35"
637,1,20,"15:35:40","10:22:32"
637,2,91,"16:56:10","23:57:48"
637,3,82,"5:31:56","11:58:16"
637,4,10,"15:11:54","14:23:51"
637,5,77,"8:6:12","23:16:14"
638,1,18,"11:49:24","12:9:38"
638,2,71,"21:27:11","16:24:4"
638,3,96,"15:55:9","15:5:41"
638,4,46,"6:24:8","20:30:50"
638,5,75,"21:0:0","21:51:40"
639,1,40,"13:15:13","5:36:13"
639,2,97,"22:0:48","17:50:59"
639,3,5,"14:43:2","21:5:31"
639,4,70,"11:3:55","5:37:53"
639,5,61,"23:1:38","10:41:16"
640,1,78,"20:39:8","16:21:19"
640,2,71,"22:51:49","12:31:39"
640,3,17,"20:37:28","13:34:0"
640,4,70,"22:8:28","8:18:2"
640,5,31,"19:13:57","20:37:50"
641,1,51,"13:29:11","21:31:28"
641,2,66,"21:33:37","15:28:55"
641,3,82,"17:7:54","15:37:42"
641,4,88,"22:52:16","8:5:36"
641,5,12,"8:37:10","18:22:52"
642,1,31,"7:20:48","13:10:49"
642,2,28,"18:1:9","8:29:37"
642,3,37,"7:29:27","16:40:17"
642,4,89,"14:13:19","22:29:30"
642,5,90,"14:14:51","8:0:53"
643,1,56,"13:27:36","10:45:21"
643,2,44,"19:54:31","5:45:11"
643,3,14,"23:54:34","20:15:4"
643,4,44,"11:24:50","20:8:41"
643,5,5,"23:23:34","9:0:22"
644,1,89,"7:37:9","16:40:47"
644,2,11,"13:59:47","22:32:5"
644,3,30,"18:28:53","15:21:8"
644,4,26,"14:43:23","17:0:49"
644,5,95,"11:8:4","6:17:35"
645,1,44,"11:51:11","10:32:4"
645,2,88,"9:59:29","5:23:35"
645,3,6,"9:22:15","12:37:39"
645,4,81,"18:11:33","21:45:21"
645,5,21,"6:1:47","13:22:26"
646,1,24,"13:47:36","21:38:42"
646,2,100,"17:49:41","23:22:5"
646,3,42,"19:29:38","16:31:7"
646,4,28,"14:48:5","18:24:58"
646,5,34,"6:55:8","23:21:47"
647,1,17,"22:43:13","18:29:46"
647,2,37,"10:32:12","16:51:17"
647,3,71,"5:0:20","14:3:4"
647,4,75,"9:20:30","11:29:27"
647,5,73,"7:49:14","5:11:29"
648,1,2,"9:4:38","10:18:47"
648,2,88,"21:17:32","6:17:11"
648,3,37,"23:36:22","15:20:18"
648,4,22,"20:18:21","11:29:40"
648,5,77,"15:5:20","20:45:44"
649,1,92,"20:9:8","7:5:45"
649,2,39,"18:57:58","10:36:20"
649,3,89,"5:9:35","20:12:13"
649,4,42,"8:29:9","5:0:22"
649,5,36,"12:16:31","14:8:42"
650,1,47,"9:6:2","21:9:55"
650,2,28,"15:28:50","12:26:53"
650,3,20,"18:54:14","23:0:49"
650,4,47,"6:18:43","14:10:19"
650,5,6,"19:30:47","20:9:8"
651,1,28,"16:4:6","6:58:16"
651,2,12,"19:5:26","8:50:25"
651,3,62,"22:31:54","15:27:31"
651,4,47,"18:11:10","11:40:56"
651,5,71,"14:5:42","21:35:36"
652,1,40,"17:38:29","16:16:2"
652,2,47,"6:34:4","15:12:13"
652,3,76,"11:31:18","21:11:30"
652,4,48,"10:8:39","10:1:54"
652,5,41,"9:33:3","13:12:46"
653,1,83,"14:45:27","8:44:25"
653,2,54,"12:12:54","5:57:40"
653,3,100,"8:14:36","11:7:28"
653,4,5,"7:38:31","14:50:37"
653,5,73,"10:16:55","7:56:40"
654,1,72,"13:42:43","11:41:18"
654,2,92,"18:2:15","21:41:45"
654,3,76,"22:25:59","18:38:25"
654,4,7,"19:57:23","8:54:29"
654,5,6,"21:55:5","16:30:27"
655,1,81,"17:26:23","19:59:8"
655,2,6,"10:51:27","14:47:30"
655,3,79,"14:46:8","13:58:56"
655,4,15,"22:59:44","7:3:37"
655,5,33,"23:25:6","14:28:53"
656,1,56,"17:33:44","19:3:13"
656,2,62,"9:14:19","12:29:59"
656,3,54,"16:16:17","7:4:47"
656,4,74,"16:8:25","23:47:31"
656,5,30,"20:22:6","17:40:3"
657,1,32,"7:45:7","11:28:1"
657,2,83,"15:14:6","9:30:34"
657,3,28,"7:58:11","15:1:53"
657,4,89,"23:45:41","10:13:54"
657,5,74,"12:53:14","12:17:45"
658,1,34,"15:7:35","16:54:9"
658,2,94,"23:47:33","10:56:14"
658,3,38,"11:20:17","13:30:34"
658,4,41,"15:43:31","17:53:10"
658,5,17,"10:11:32","8:24:33"
659,1,90,"13:11:56","20:55:44"
659,2,5,"12:35:6","6:2:38"
659,3,46,"12:22:18","21:45:36"
659,4,27,"21:39:34","14:24:53"
659,5,60,"13:51:3","19:20:57"
660,1,93,"18:45:44","19:51:25"
660,2,6,"20:11:17","11:24:31"
660,3,81,"9:30:38","8:27:26"
660,4,86,"12:39:24","5:35:52"
660,5,64,"22:23:57","16:13:59"
661,1,58,"22:33:29","13:25:45"
661,2,47,"22:38:43","21:18:7"
661,3,35,"9:1:54","17:13:5"
661,4,91,"13:1:28","8:58:6"
661,5,98,"19:41:48","13:9:17"
662,1,49,"16:16:27","19:28:1"
662,2,95,"16:16:24","20:39:57"
662,3,29,"6:30:6","6:0:55"
662,4,63,"6:46:28","20:41:4"
662,5,42,"7:7:40","23:2:35"
663,1,35,"9:27:39","11:36:29"
663,2,52,"7:17:3","16:32:49"
663,3,36,"5:55:27","13:0:54"
663,4,24,"19:27:57","13:56:43"
663,5,46,"9:26:38","7:37:20"
664,1,72,"23:29:31","20:42:32"
664,2,32,"15:35:8","8:25:37"
664,3,50,"5:2:35","14:39:19"
664,4,99,"7:4:19","10:54:3"
664,5,88,"14:52:51","20:6:58"
665,1,71,"19:40:27","10:8:5"
665,2,77,"19:34:27","12:32:32"
665,3,87,"7:50:33","12:8:36"
665,4,52,"23:17:25","6:5:11"
665,5,1,"15:1:35","20:28:5"
666,1,82,"20:11:16","7:3:47"
666,2,27,"5:17:44","11:30:2"
666,3,96,"21:45:14","5:19:15"
666,4,69,"14:15:49","21:24:54"
666,5,97,"6:51:0","23:51:31"
667,1,32,"22:51:58","19:22:54"
667,2,28,"13:17:55","22:54:10"
667,3,40,"13:1:37","8:29:16"
667,4,77,"18:36:48","23:25:34"
667,5,49,"11:31:54","20:27:5"
668,1,61,"6:41:43","9:10:22"
668,2,17,"23:27:6","22:19:30"
668,3,30,"21:18:56","15:51:14"
668,4,19,"21:19:17","8:49:49"
668,5,60,"21:55:30","21:43:11"
669,1,85,"5:36:7","23:6:26"
669,2,95,"6:44:33","7:47:4"
669,3,10,"7:12:45","8:7:14"
669,4,88,"15:24:8","7:5:31"
669,5,28,"8:32:4","14:19:18"
670,1,10,"15:39:29","17:18:3"
670,2,100,"20:45:55","20:55:5"
670,3,59,"15:4:56","21:52:1"
670,4,36,"18:56:49","12:7:58"
670,5,95,"13:56:47","17:48:53"
671,1,48,"9:24:14","23:4:44"
671,2,89,"18:57:57","8:13:21"
671,3,14,"23:26:46","23:15:36"
671,4,89,"20:24:49","19:45:42"
671,5,98,"18:30:32","12:20:43"
672,1,96,"6:36:49","5:49:45"
672,2,76,"16:32:59","10:14:3"
672,3,27,"6:46:9","22:34:28"
672,4,41,"13:54:4","16:0:22"
672,5,67,"15:1:48","16:45:51"
673,1,49,"11:8:42","17:56:16"
673,2,14,"18:28:39","5:34:24"
673,3,5,"20:3:19","11:32:25"
673,4,13,"20:11:17","7:17:55"
673,5,60,"7:12:26","15:30:4"
674,1,97,"21:29:23","14:29:15"
674,2,85,"18:21:42","15:4:40"
674,3,43,"19:42:21","16:58:59"
674,4,32,"23:5:55","21:39:54"
674,5,59,"12:6:35","9:15:4"
675,1,98,"16:17:35","18:54:53"
675,2,9,"23:8:53","5:4:16"
675,3,69,"15:17:47","17:51:55"
675,4,90,"13:28:10","11:41:52"
675,5,3,"14:19:0","17:48:14"
676,1,78,"7:21:7","15:2:37"
676,2,18,"18:15:22","8:57:59"
676,3,24,"18:22:37","13:16:47"
676,4,78,"14:2:50","9:12:46"
676,5,66,"6:2:54","6:44:16"
677,1,4,"13:40:43","7:41:3"
677,2,44,"7:47:56","5:29:40"
677,3,62,"20:7:3","7:10:45"
677,4,90,"14:21:9","6:21:9"
677,5,9,"23:57:9","9:9:7"
678,1,58,"8:38:7","18:2:52"
678,2,93,"15:19:50","21:48:21"
678,3,10,"5:32:57","7:10:10"
678,4,37,"19:55:46","5:5:57"
678,5,39,"20:35:0","19:41:48"
679,1,55,"6:7:1","19:10:12"
679,2,97,"7:58:59","22:19:49"
679,3,49,"19:5:55","13:24:48"
679,4,28,"11:20:46","8:3:59"
679,5,7,"21:39:20","17:26:55"
680,1,95,"11:1:7","8:15:54"
680,2,56,"11:17:53","7:38:5"
680,3,32,"21:18:17","7:14:41"
680,4,79,"13:4:16","8:38:36"
680,5,11,"7:44:44","15:4:48"
681,1,100,"23:15:19","18:12:32"
681,2,8,"17:38:5","6:29:54"
681,3,45,"19:50:9","16:18:44"
681,4,11,"13:48:29","23:49:54"
681,5,75,"13:23:9","23:36:41"
682,1,57,"23:48:7","10:26:39"
682,2,57,"23:39:47","17:21:29"
682,3,56,"16:51:12","23:21:48"
682,4,95,"11:26:9","15:36:9"
682,5,93,"5:41:40","20:59:34"
683,1,39,"18:23:40","8:2:31"
683,2,11,"5:10:24","15:33:42"
683,3,13,"7:15:48","19:0:53"
683,4,2,"18:23:38","11:5:37"
683,5,35,"10:2:10","6:39:51"
684,1,69,"11:59:55","8:49:41"
684,2,95,"23:47:58","17:50:56"
684,3,92,"20:23:11","17:48:26"
684,4,21,"9:29:49","9:21:40"
684,5,90,"22:2:12","11:18:15"
685,1,2,"12:30:54","18:29:32"
685,2,16,"18:27:16","15:47:26"
685,3,54,"18:23:51","11:8:42"
685,4,68,"6:24:15","10:5:26"
685,5,11,"8:50:51","20:18:0"
686,1,13,"6:50:50","12:17:50"
686,2,23,"19:31:37","22:43:52"
686,3,47,"19:10:32","20:18:48"
686,4,67,"15:28:56","17:54:56"
686,5,86,"18:5:24","10:18:46"
687,1,31,"6:10:8","15:20:18"
687,2,63,"22:7:58","17:18:22"
687,3,25,"13:53:3","22:10:13"
687,4,48,"23:33:24","10:50:17"
687,5,87,"8:59:56","20:28:34"
688,1,75,"8:47:38","17:44:22"
688,2,48,"14:56:9","10:56:40"
688,3,3,"14:47:13","12:34:11"
688,4,78,"14:20:37","10:30:12"
688,5,20,"22:34:14","14:5:20"
689,1,52,"14:50:57","12:18:4"
689,2,3,"13:46:40","10:20:30"
689,3,25,"19:46:2","19:42:29"
689,4,86,"15:22:59","7:53:45"
689,5,30,"13:7:59","7:7:23"
690,1,96,"19:21:47","10:1:48"
690,2,23,"7:54:29","9:59:31"
690,3,58,"13:35:39","13:3:12"
690,4,78,"11:55:42","15:57:5"
690,5,17,"10:38:8","20:33:57"
691,1,47,"8:18:42","5:21:10"
691,2,7,"23:10:30","14:39:51"
691,3,93,"19:31:16","8:56:49"
691,4,36,"17:12:27","6:48:53"
691,5,47,"5:44:35","19:8:23"
692,1,52,"5:4:30","15:53:47"
692,2,57,"14:25:13","14:31:20"
692,3,36,"11:8:44","19:27:24"
692,4,63,"9:58:41","18:17:7"
692,5,9,"6:25:44","19:19:13"
693,1,55,"17:36:30","14:13:13"
693,2,12,"20:3:40","7:2:7"
693,3,99,"13:47:0","20:31:27"
693,4,61,"21:32:47","10:8:44"
693,5,63,"18:11:1","18:58:45"
694,1,7,"22:24:42","5:53:23"
694,2,87,"14:16:11","19:25:20"
694,3,63,"16:23:19","12:36:22"
694,4,24,"12:25:18","18:31:7"
694,5,29,"20:6:35","18:12:36"
695,1,91,"6:19:51","21:31:59"
695,2,34,"18:49:32","7:16:27"
695,3,49,"17:45:33","19:54:5"
695,4,83,"20:32:37","14:40:29"
695,5,46,"18:34:9","20:45:57"
696,1,63,"18:2:12","12:23:9"
696,2,42,"9:48:56","20:41:50"
696,3,23,"21:26:36","17:16:16"
696,4,1,"6:0:20","7:34:22"
696,5,64,"6:20:15","7:36:28"
697,1,12,"23:50:58","15:53:16"
697,2,36,"6:58:48","18:37:59"
697,3,60,"10:15:20","21:33:55"
697,4,6,"6:22:10","13:12:21"
697,5,81,"10:33:34","6:18:27"
698,1,60,"8:23:24","9:14:8"
698,2,11,"6:51:26","13:2:48"
698,3,69,"18:9:41","12:25:0"
698,4,59,"7:43:16","16:1:59"
698,5,31,"15:0:46","18:12:55"
699,1,73,"12:2:25","13:45:52"
699,2,11,"21:55:52","18:7:46"
699,3,18,"12:43:38","16:53:51"
699,4,41,"15:2:36","14:18:25"
699,5,55,"16:1:50","18:22:17"
700,1,77,"15:9:45","8:59:17"
700,2,83,"19:9:12","18:44:39"
700,3,66,"14:15:25","19:28:19"
700,4,6,"8:52:7","19:49:24"
700,5,19,"21:28:1","11:5:48"
701,1,64,"17:24:28","14:9:17"
701,2,7,"5:30:33","18:5:28"
701,3,99,"8:23:9","14:9:52"
701,4,88,"15:34:3","11:28:45"
701,5,81,"18:30:22","5:52:34"
702,1,51,"19:37:55","11:2:44"
702,2,6,"15:56:5","20:56:32"
702,3,17,"19:34:6","22:23:38"
702,4,47,"9:29:49","8:7:57"
702,5,67,"15:39:7","16:58:16"
703,1,65,"6:20:37","14:34:38"
703,2,50,"23:21:43","12:0:34"
703,3,15,"23:19:14","12:21:29"
703,4,99,"18:6:28","18:51:46"
703,5,57,"23:47:46","7:19:54"
704,1,58,"20:29:54","5:32:43"
704,2,96,"21:17:52","16:50:37"
704,3,26,"6:10:22","19:25:36"
704,4,92,"17:56:53","23:7:22"
704,5,4,"18:51:55","14:58:28"
705,1,90,"15:40:55","14:43:7"
705,2,8,"9:40:33","5:49:25"
705,3,30,"20:37:49","21:27:51"
705,4,67,"15:48:15","23:53:5"
705,5,64,"16:14:5","22:51:18"
706,1,52,"11:3:27","12:15:34"
706,2,95,"7:17:7","7:15:9"
706,3,61,"18:34:54","20:5:39"
706,4,21,"8:36:35","16:44:12"
706,5,30,"19:44:17","8:43:6"
707,1,75,"5:6:34","14:53:36"
707,2,88,"7:4:48","9:31:34"
707,3,51,"9:43:57","21:36:18"
707,4,1,"19:10:26","13:29:12"
707,5,46,"16:46:32","12:8:21"
708,1,84,"9:38:40","9:53:47"
708,2,62,"18:34:35","17:41:30"
708,3,50,"9:52:52","5:31:37"
708,4,24,"14:33:25","7:48:36"
708,5,66,"20:43:23","19:27:12"
709,1,37,"9:45:5","21:12:21"
709,2,54,"10:14:43","20:23:8"
709,3,59,"10:26:5","7:7:32"
709,4,51,"15:54:5","15:25:26"
709,5,73,"8:21:26","7:34:57"
710,1,54,"22:13:28","6:33:55"
710,2,16,"21:55:22","14:51:56"
710,3,73,"6:15:10","19:6:52"
710,4,53,"5:2:57","12:29:37"
710,5,7,"23:58:45","15:29:17"
711,1,34,"15:29:46","5:1:53"
711,2,72,"20:0:45","17:51:19"
711,3,77,"6:34:30","11:43:25"
711,4,21,"15:48:30","9:46:22"
711,5,5,"13:32:21","23:49:35"
712,1,73,"23:2:33","16:9:19"
712,2,78,"6:15:44","19:17:48"
712,3,23,"12:15:49","14:6:36"
712,4,100,"23:52:48","9:36:10"
712,5,77,"8:50:4","8:3:37"
713,1,41,"11:13:52","23:3:3"
713,2,17,"11:14:37","20:12:23"
713,3,20,"8:57:13","14:40:45"
713,4,82,"22:0:8","9:38:2"
713,5,94,"7:3:33","10:24:43"
714,1,30,"7:31:36","12:38:11"
714,2,84,"17:40:58","14:29:28"
714,3,85,"9:13:36","5:33:42"
714,4,10,"6:43:20","11:11:53"
714,5,25,"5:43:37","21:41:40"
715,1,75,"13:21:35","5:44:35"
715,2,76,"13:37:57","23:57:47"
715,3,23,"23:9:31","6:57:46"
715,4,64,"7:13:6","9:42:41"
715,5,17,"22:12:6","19:7:28"
716,1,3,"10:47:8","13:26:12"
716,2,46,"20:29:38","17:56:17"
716,3,9,"16:29:56","14:22:38"
716,4,98,"14:22:34","7:9:33"
716,5,78,"21:21:47","10:54:51"
717,1,58,"7:51:19","15:51:21"
717,2,25,"20:25:27","21:21:55"
717,3,80,"12:15:35","10:43:58"
717,4,17,"10:54:14","18:43:29"
717,5,44,"23:14:39","6:34:21"
718,1,38,"18:22:29","5:55:23"
718,2,55,"15:11:57","12:31:26"
718,3,25,"22:26:48","6:55:44"
718,4,89,"15:27:47","23:28:22"
718,5,98,"17:7:46","8:49:29"
719,1,60,"18:31:13","19:18:3"
719,2,36,"8:7:49","13:32:35"
719,3,18,"8:48:10","12:0:6"
719,4,13,"21:31:23","21:13:5"
719,5,14,"18:38:1","10:23:18"
720,1,37,"12:59:9","12:30:56"
720,2,1,"12:35:21","12:28:49"
720,3,36,"21:13:36","18:1:47"
720,4,34,"18:39:34","21:8:20"
720,5,17,"14:27:8","10:15:52"
721,1,85,"14:49:24","11:6:56"
721,2,8,"5:55:40","6:36:49"
721,3,24,"21:48:19","11:34:45"
721,4,34,"9:40:39","23:50:50"
721,5,8,"5:41:34","6:6:21"
722,1,62,"8:29:1","7:11:33"
722,2,91,"6:6:43","22:40:9"
722,3,5,"10:2:7","17:59:7"
722,4,74,"20:52:35","10:1:19"
722,5,75,"16:5:48","12:56:11"
723,1,93,"19:25:11","14:21:5"
723,2,84,"11:43:8","8:39:49"
723,3,1,"23:0:3","13:18:47"
723,4,54,"21:20:59","11:4:8"
723,5,57,"5:20:27","21:56:0"
724,1,44,"8:26:4","16:49:19"
724,2,43,"9:12:0","11:20:40"
724,3,83,"19:8:51","13:51:2"
724,4,71,"12:25:38","14:27:20"
724,5,40,"5:49:23","9:50:11"
725,1,36,"16:41:16","8:5:38"
725,2,76,"10:50:18","14:24:21"
725,3,60,"17:2:51","11:55:54"
725,4,90,"5:47:27","7:23:16"
725,5,47,"12:57:3","14:47:23"
726,1,41,"5:7:54","11:25:21"
726,2,50,"23:27:40","20:28:52"
726,3,99,"13:5:44","12:50:11"
726,4,41,"17:44:26","6:23:24"
726,5,15,"20:46:54","17:24:51"
727,1,55,"15:12:39","17:40:51"
727,2,39,"11:26:9","10:34:12"
727,3,10,"23:47:24","14:33:34"
727,4,73,"8:14:15","7:14:29"
727,5,38,"17:38:23","11:44:47"
728,1,43,"7:43:53","8:27:33"
728,2,21,"9:19:26","6:7:32"
728,3,50,"9:11:49","17:24:18"
728,4,48,"17:9:39","17:35:55"
728,5,73,"19:17:39","5:25:48"
729,1,2,"7:28:45","11:42:58"
729,2,6,"16:36:35","14:10:13"
729,3,100,"19:19:51","12:40:48"
729,4,42,"13:14:53","11:47:5"
729,5,91,"12:15:21","20:33:45"
730,1,48,"10:37:8","9:15:0"
730,2,89,"16:41:57","12:37:20"
730,3,8,"11:21:42","12:38:41"
730,4,7,"18:43:2","8:50:13"
730,5,66,"19:23:37","16:37:1"
731,1,70,"5:30:34","15:30:16"
731,2,55,"11:29:45","20:22:24"
731,3,57,"7:2:8","10:7:25"
731,4,89,"23:8:4","15:32:53"
731,5,11,"6:31:2","23:1:31"
732,1,90,"10:55:29","8:2:43"
732,2,87,"17:42:17","20:24:34"
732,3,78,"16:30:40","13:12:57"
732,4,93,"18:12:2","17:13:38"
732,5,16,"17:15:19","18:39:13"
733,1,11,"8:47:44","13:35:7"
733,2,26,"12:5:17","17:44:54"
733,3,43,"22:12:41","19:31:32"
733,4,79,"12:22:21","19:8:20"
733,5,79,"11:49:36","8:1:30"
734,1,70,"7:54:47","7:6:22"
734,2,93,"8:1:25","5:6:28"
734,3,58,"10:55:0","10:58:6"
734,4,80,"5:47:55","12:45:29"
734,5,36,"8:24:6","8:10:6"
735,1,6,"5:28:5","18:25:39"
735,2,37,"13:22:0","18:23:22"
735,3,8,"20:58:2","20:13:36"
735,4,6,"20:1:22","7:43:9"
735,5,71,"9:10:8","10:59:2"
736,1,37,"9:6:36","18:42:32"
736,2,34,"14:51:3","17:14:55"
736,3,71,"23:49:30","14:11:51"
736,4,91,"17:31:4","10:55:21"
736,5,45,"13:20:52","23:27:56"
737,1,67,"14:33:9","13:21:29"
737,2,26,"15:26:16","9:10:44"
737,3,71,"18:24:16","9:23:39"
737,4,77,"18:28:8","5:12:58"
737,5,40,"10:14:8","10:1:17"
738,1,49,"7:51:52","7:45:35"
738,2,84,"12:33:26","20:13:52"
738,3,25,"8:47:45","5:59:57"
738,4,49,"12:48:19","5:37:14"
738,5,34,"7:42:29","16:17:39"
739,1,97,"8:24:13","17:37:10"
739,2,61,"6:52:54","11:44:20"
739,3,50,"20:53:14","19:33:50"
739,4,11,"19:34:52","19:24:15"
739,5,81,"5:53:26","12:36:34"
740,1,91,"12:10:31","8:46:19"
740,2,80,"21:41:56","7:55:2"
740,3,89,"21:57:55","22:52:42"
740,4,1,"9:38:8","16:47:45"
740,5,34,"22:32:43","23:30:55"
741,1,29,"17:40:10","21:57:11"
741,2,61,"15:11:39","15:25:10"
741,3,47,"18:48:17","20:56:32"
741,4,36,"7:51:29","5:37:47"
741,5,21,"6:43:40","23:6:30"
742,1,83,"18:8:13","20:22:45"
742,2,77,"18:9:3","6:57:59"
742,3,95,"23:5:59","9:1:3"
742,4,78,"12:0:25","10:27:1"
742,5,20,"7:11:10","18:12:41"
743,1,10,"7:58:1","9:35:8"
743,2,41,"9:47:43","19:19:20"
743,3,82,"22:40:35","20:8:50"
743,4,40,"5:48:4","10:39:18"
743,5,91,"8:56:34","6:33:49"
744,1,13,"19:45:45","9:55:17"
744,2,36,"7:24:47","23:43:25"
744,3,34,"5:45:59","19:23:50"
744,4,92,"16:55:54","23:53:7"
744,5,35,"7:2:53","17:40:55"
745,1,46,"5:39:37","5:26:53"
745,2,57,"9:6:57","14:58:45"
745,3,41,"7:28:30","20:50:42"
745,4,26,"17:15:18","17:50:52"
745,5,55,"7:31:16","17:39:18"
746,1,55,"13:3:9","10:24:22"
746,2,32,"21:3:59","7:35:33"
746,3,60,"5:51:44","12:6:25"
746,4,2,"23:48:4","12:56:31"
746,5,34,"20:26:11","14:15:11"
747,1,84,"6:12:56","18:32:1"
747,2,88,"8:17:53","13:51:11"
747,3,1,"12:35:20","16:41:38"
747,4,23,"13:17:20","10:5:7"
747,5,21,"19:12:55","8:48:9"
748,1,41,"11:0:17","10:35:3"
748,2,47,"23:2:41","9:25:20"
748,3,42,"11:49:43","12:50:27"
748,4,14,"16:36:23","10:0:30"
748,5,18,"9:2:35","20:4:35"
749,1,90,"17:14:3","10:0:39"
749,2,32,"14:10:6","17:18:41"
749,3,32,"7:14:15","5:53:56"
749,4,37,"23:15:24","18:31:35"
749,5,90,"10:32:19","9:7:19"
750,1,91,"13:55:38","20:44:1"
750,2,97,"23:27:18","19:31:48"
750,3,39,"13:20:55","12:19:21"
750,4,8,"14:21:48","18:16:35"
750,5,19,"16:57:10","11:56:40"
751,1,75,"12:27:25","19:56:21"
751,2,19,"22:0:40","16:33:11"
751,3,28,"19:8:35","15:22:58"
751,4,91,"21:32:50","10:17:13"
751,5,32,"22:42:51","14:39:4"
752,1,6,"7:5:13","9:28:42"
752,2,8,"21:59:18","22:39:20"
752,3,88,"22:45:16","16:51:39"
752,4,10,"17:30:5","13:18:8"
752,5,17,"16:30:7","6:50:35"
753,1,30,"22:48:50","14:44:4"
753,2,16,"7:58:36","12:34:49"
753,3,98,"8:50:33","7:29:2"
753,4,76,"5:28:38","6:27:9"
753,5,80,"6:50:41","19:17:46"
754,1,61,"23:46:28","16:20:15"
754,2,6,"15:21:48","5:25:18"
754,3,20,"7:48:27","17:9:12"
754,4,51,"14:58:48","22:27:51"
754,5,68,"14:30:45","22:34:30"
755,1,6,"13:38:33","15:40:43"
755,2,75,"8:47:27","9:23:53"
755,3,87,"8:1:42","10:52:15"
755,4,70,"22:0:35","13:16:16"
755,5,8,"11:38:26","16:1:43"
756,1,94,"5:19:3","12:32:27"
756,2,32,"5:37:30","9:49:0"
756,3,70,"8:47:46","22:19:10"
756,4,55,"23:43:9","23:34:31"
756,5,34,"20:22:3","16:54:46"
757,1,79,"18:9:45","12:8:14"
757,2,16,"23:5:39","13:43:33"
757,3,19,"17:3:56","8:16:49"
757,4,70,"20:51:23","11:39:4"
757,5,61,"7:22:50","18:52:14"
758,1,79,"14:53:17","20:26:58"
758,2,96,"8:35:59","10:9:16"
758,3,58,"17:4:59","12:47:7"
758,4,48,"15:45:36","15:11:18"
758,5,42,"5:30:21","23:2:18"
759,1,81,"10:25:37","10:38:8"
759,2,61,"5:2:31","7:23:59"
759,3,35,"8:24:16","8:59:37"
759,4,40,"11:8:53","16:26:32"
759,5,52,"5:59:51","12:13:25"
760,1,70,"13:52:55","15:48:28"
760,2,21,"19:0:49","17:46:53"
760,3,44,"23:10:26","23:20:12"
760,4,61,"10:49:15","23:16:28"
760,5,8,"22:9:22","17:16:50"
761,1,70,"5:51:45","12:31:24"
761,2,93,"6:32:23","15:22:9"
761,3,82,"15:4:20","12:37:13"
761,4,73,"11:57:28","17:43:25"
761,5,34,"10:28:0","23:48:30"
762,1,36,"11:10:8","6:49:32"
762,2,11,"18:48:42","20:56:50"
762,3,48,"5:44:48","8:13:59"
762,4,53,"15:42:13","12:35:41"
762,5,92,"12:18:10","17:27:11"
763,1,31,"13:52:52","5:24:22"
763,2,36,"10:41:38","11:37:52"
763,3,38,"9:51:14","6:43:14"
763,4,12,"18:59:43","5:57:29"
763,5,80,"15:28:30","6:53:23"
764,1,27,"5:6:59","19:22:52"
764,2,21,"16:16:11","12:42:11"
764,3,78,"19:28:22","16:31:52"
764,4,53,"14:22:51","7:47:42"
764,5,90,"7:28:1","16:38:22"
765,1,59,"23:51:57","16:35:40"
765,2,45,"22:52:5","14:4:33"
765,3,96,"7:57:14","22:54:44"
765,4,62,"23:22:38","14:4:12"
765,5,65,"21:20:32","12:25:27"
766,1,58,"22:23:38","16:25:41"
766,2,71,"19:55:3","12:18:56"
766,3,12,"11:15:52","22:42:0"
766,4,7,"19:10:13","18:27:56"
766,5,63,"9:54:48","10:38:34"
767,1,62,"5:13:6","10:43:35"
767,2,95,"13:11:39","7:58:16"
767,3,92,"19:59:40","21:19:40"
767,4,6,"19:12:4","9:0:53"
767,5,23,"15:57:42","9:46:8"
768,1,37,"9:20:53","14:34:58"
768,2,77,"15:30:34","7:13:32"
768,3,59,"9:57:24","10:34:24"
768,4,20,"6:4:46","16:20:47"
768,5,37,"14:8:17","11:5:6"
769,1,9,"6:22:41","18:39:34"
769,2,92,"18:58:8","20:38:55"
769,3,72,"18:0:43","12:15:11"
769,4,35,"9:58:42","16:45:10"
769,5,21,"17:41:11","15:50:5"
770,1,98,"22:33:13","10:59:53"
770,2,93,"13:49:4","9:2:54"
770,3,22,"22:44:57","18:9:38"
770,4,52,"22:57:52","7:32:11"
770,5,9,"15:56:5","21:34:31"
771,1,50,"8:13:25","11:43:17"
771,2,23,"19:39:19","20:51:33"
771,3,79,"19:52:29","9:2:26"
771,4,32,"10:40:19","11:46:39"
771,5,74,"16:22:38","7:40:50"
772,1,93,"7:11:22","20:50:22"
772,2,34,"11:32:42","15:39:4"
772,3,43,"16:33:1","10:50:1"
772,4,77,"21:52:53","22:27:4"
772,5,76,"15:58:1","23:14:26"
773,1,16,"17:19:24","8:34:23"
773,2,51,"18:4:20","17:20:3"
773,3,21,"9:45:35","14:9:50"
773,4,16,"21:23:6","23:29:17"
773,5,10,"21:41:57","23:37:9"
774,1,90,"14:36:54","9:1:8"
774,2,95,"6:57:15","18:15:44"
774,3,99,"12:45:42","7:34:0"
774,4,42,"8:56:5","5:1:20"
774,5,84,"10:46:6","23:1:8"
775,1,79,"18:11:35","23:35:40"
775,2,81,"5:19:0","19:35:3"
775,3,5,"21:17:44","15:19:9"
775,4,81,"7:19:26","21:5:56"
775,5,71,"12:22:28","16:29:2"
776,1,25,"13:24:4","19:11:37"
776,2,33,"8:36:15","10:8:13"
776,3,10,"5:16:6","9:51:23"
776,4,94,"21:30:41","21:8:57"
776,5,42,"16:22:6","18:56:21"
777,1,72,"22:28:16","20:49:12"
777,2,57,"21:2:35","23:3:45"
777,3,13,"14:4:50","22:39:19"
777,4,97,"22:2:35","6:2:16"
777,5,86,"12:13:28","7:53:46"
778,1,24,"14:22:12","22:23:18"
778,2,3,"11:24:37","21:47:56"
778,3,65,"21:38:36","16:36:12"
778,4,21,"15:29:16","10:47:50"
778,5,70,"18:25:28","7:44:45"
779,1,77,"18:13:47","12:29:43"
779,2,73,"16:41:36","15:47:21"
779,3,53,"18:44:11","9:28:29"
779,4,15,"19:21:44","12:46:46"
779,5,93,"17:55:11","16:26:18"
780,1,85,"12:18:41","21:58:25"
780,2,59,"8:57:27","13:9:42"
780,3,89,"12:53:17","23:45:43"
780,4,7,"9:21:29","7:54:55"
780,5,89,"6:3:12","8:16:26"
781,1,6,"13:42:53","16:57:10"
781,2,81,"19:22:44","7:37:50"
781,3,53,"15:20:15","21:21:32"
781,4,51,"12:54:18","5:26:11"
781,5,79,"13:14:17","18:50:24"
782,1,4,"18:54:27","22:56:29"
782,2,30,"19:32:12","21:46:39"
782,3,91,"8:17:38","5:32:59"
782,4,93,"6:7:41","13:34:54"
782,5,44,"7:7:5","15:28:1"
783,1,5,"19:15:4","9:38:21"
783,2,56,"20:18:10","14:24:4"
783,3,95,"11:4:25","8:47:8"
783,4,75,"16:21:54","8:34:27"
783,5,13,"19:43:18","10:44:38"
784,1,75,"11:36:0","16:27:32"
784,2,35,"9:19:54","17:36:31"
784,3,66,"19:28:57","21:52:0"
784,4,33,"14:37:57","6:41:1"
784,5,60,"15:9:43","20:40:20"
785,1,32,"21:4:4","11:14:14"
785,2,43,"13:30:44","15:48:22"
785,3,49,"9:47:19","23:41:21"
785,4,67,"19:6:21","5:27:13"
785,5,40,"18:25:6","22:3:42"
786,1,24,"10:56:18","17:11:31"
786,2,61,"19:16:36","7:24:3"
786,3,17,"7:42:29","21:52:32"
786,4,40,"19:59:32","21:56:1"
786,5,13,"14:50:0","10:5:55"
787,1,70,"22:11:1","5:28:35"
787,2,25,"10:35:12","21:49:27"
787,3,70,"8:43:40","13:40:23"
787,4,2,"17:39:32","7:50:20"
787,5,63,"12:43:13","14:39:52"
788,1,32,"8:0:39","10:32:8"
788,2,27,"10:6:33","22:53:44"
788,3,73,"8:40:37","7:53:8"
788,4,44,"21:18:53","20:5:37"
788,5,12,"5:51:9","15:48:19"
789,1,37,"22:9:1","9:45:54"
789,2,82,"13:53:19","6:53:27"
789,3,67,"12:14:14","9:52:19"
789,4,23,"6:21:50","22:30:9"
789,5,93,"13:18:41","18:17:34"
790,1,36,"7:47:0","14:8:33"
790,2,45,"22:52:54","11:34:33"
790,3,18,"12:2:45","14:19:18"
790,4,60,"7:57:4","10:28:4"
790,5,99,"15:51:21","6:53:43"
791,1,45,"21:29:7","11:42:40"
791,2,6,"22:24:53","10:16:23"
791,3,31,"12:33:50","14:15:14"
791,4,6,"20:9:27","17:8:35"
791,5,29,"11:37:39","5:6:30"
792,1,9,"15:42:40","15:57:35"
792,2,28,"7:33:31","18:12:8"
792,3,40,"19:51:40","15:30:43"
792,4,55,"5:11:29","8:42:3"
792,5,23,"18:12:55","16:53:47"
793,1,96,"21:32:20","21:59:18"
793,2,38,"12:23:39","22:25:9"
793,3,100,"19:3:44","20:36:27"
793,4,6,"6:34:14","7:56:54"
793,5,79,"13:7:20","6:6:36"
794,1,20,"17:12:59","23:5:18"
794,2,27,"22:10:23","23:33:50"
794,3,79,"9:55:14","8:11:0"
794,4,17,"19:45:13","23:5:57"
794,5,61,"9:58:52","9:38:4"
795,1,54,"21:22:48","18:10:44"
795,2,71,"21:0:55","22:21:4"
795,3,63,"7:24:43","20:5:34"
795,4,21,"17:4:5","21:6:42"
795,5,73,"9:58:29","13:20:16"
796,1,49,"21:42:56","21:35:22"
796,2,7,"15:45:46","13:30:59"
796,3,32,"21:23:30","21:52:19"
796,4,16,"23:39:26","22:35:39"
796,5,51,"9:15:12","7:57:49"
797,1,50,"8:43:13","12:46:44"
797,2,87,"17:1:7","12:46:24"
797,3,42,"11:45:55","6:19:2"
797,4,47,"7:24:36","19:56:24"
797,5,44,"16:56:57","18:56:5"
798,1,83,"10:1:23","19:46:4"
798,2,53,"13:36:19","22:13:4"
798,3,12,"17:15:36","22:21:4"
798,4,34,"22:13:42","12:48:1"
798,5,1,"10:38:7","19:24:33"
799,1,2,"8:36:4","6:50:15"
799,2,11,"20:42:32","6:16:49"
799,3,38,"20:17:29","13:9:32"
799,4,76,"18:54:55","6:52:27"
799,5,9,"6:31:50","11:36:24"
800,1,88,"15:58:58","18:56:44"
800,2,83,"20:6:12","13:14:5"
800,3,79,"18:47:28","21:48:21"
800,4,66,"9:41:9","13:47:33"
800,5,74,"17:13:46","13:29:4"
801,1,74,"13:51:7","22:50:37"
801,2,40,"5:51:12","14:26:22"
801,3,10,"22:43:15","20:45:13"
801,4,17,"15:59:39","15:18:38"
801,5,23,"9:16:58","16:56:3"
802,1,77,"19:10:35","23:4:38"
802,2,77,"17:3:47","20:22:27"
802,3,43,"19:56:16","16:43:43"
802,4,43,"11:36:56","12:19:34"
802,5,48,"21:54:19","17:24:29"
803,1,28,"22:8:24","15:49:37"
803,2,51,"8:33:4","8:53:38"
803,3,1,"17:9:16","11:20:15"
803,4,88,"7:53:26","16:35:33"
803,5,31,"13:19:50","5:50:9"
804,1,17,"22:47:42","22:3:57"
804,2,96,"16:35:13","5:3:49"
804,3,13,"15:25:51","7:52:32"
804,4,72,"14:5:25","22:32:14"
804,5,42,"11:37:26","13:37:49"
805,1,94,"11:49:50","20:11:42"
805,2,22,"15:23:41","14:45:1"
805,3,24,"9:0:2","19:33:30"
805,4,84,"13:29:37","17:33:55"
805,5,55,"14:30:27","10:17:51"
806,1,3,"21:42:16","13:31:1"
806,2,20,"19:47:5","13:57:0"
806,3,53,"12:21:57","8:3:18"
806,4,18,"12:27:7","15:45:20"
806,5,31,"5:37:8","14:32:1"
807,1,17,"23:56:33","13:36:57"
807,2,19,"7:37:24","19:52:36"
807,3,43,"6:38:34","7:52:1"
807,4,23,"5:33:47","15:56:30"
807,5,85,"21:7:3","15:21:43"
808,1,29,"23:49:21","20:17:26"
808,2,14,"19:31:8","12:9:46"
808,3,26,"15:17:6","22:28:42"
808,4,17,"10:8:59","20:11:25"
808,5,39,"6:27:1","13:5:28"
809,1,81,"15:19:13","6:9:56"
809,2,91,"10:36:23","18:0:53"
809,3,95,"20:3:57","13:10:58"
809,4,75,"23:24:4","5:26:19"
809,5,86,"11:52:47","23:44:45"
810,1,67,"18:38:8","16:56:34"
810,2,89,"9:4:37","7:34:11"
810,3,25,"19:7:23","8:50:28"
810,4,19,"17:2:34","15:32:26"
810,5,66,"18:28:20","19:48:24"
811,1,15,"17:46:47","14:3:12"
811,2,30,"15:7:59","14:38:49"
811,3,34,"5:23:42","13:33:31"
811,4,79,"17:2:11","17:13:57"
811,5,15,"15:21:9","5:51:22"
812,1,13,"6:55:29","5:58:47"
812,2,42,"8:41:8","6:59:22"
812,3,100,"12:31:17","16:31:57"
812,4,34,"21:49:53","8:27:29"
812,5,27,"19:51:34","10:17:37"
813,1,52,"22:33:14","5:42:11"
813,2,16,"23:0:49","10:38:43"
813,3,61,"9:23:33","11:57:16"
813,4,88,"23:43:57","5:2:2"
813,5,46,"23:22:21","5:44:23"
814,1,60,"18:25:6","10:49:39"
814,2,11,"12:1:45","20:6:22"
814,3,1,"6:57:56","5:55:30"
814,4,73,"19:40:2","7:45:42"
814,5,8,"9:0:5","21:33:20"
815,1,69,"17:13:48","6:33:0"
815,2,44,"15:17:50","13:28:58"
815,3,97,"9:23:32","5:54:39"
815,4,43,"16:59:18","23:11:16"
815,5,24,"23:49:0","7:59:9"
816,1,42,"22:35:52","22:47:50"
816,2,35,"6:2:28","20:12:1"
816,3,81,"20:45:53","17:48:39"
816,4,52,"19:4:36","6:36:50"
816,5,98,"13:52:3","9:49:48"
817,1,63,"6:20:25","16:58:38"
817,2,60,"8:16:56","10:47:39"
817,3,100,"12:14:16","22:49:56"
817,4,16,"15:31:12","19:5:53"
817,5,73,"5:51:17","5:16:19"
818,1,45,"15:25:7","14:18:6"
818,2,88,"22:6:10","5:38:50"
818,3,52,"14:36:7","21:7:25"
818,4,8,"8:26:51","22:39:15"
818,5,51,"18:57:50","16:43:49"
819,1,11,"9:37:15","5:2:29"
819,2,15,"6:11:1","17:37:7"
819,3,50,"16:18:26","14:19:40"
819,4,93,"15:26:0","5:11:55"
819,5,72,"23:49:45","7:0:11"
820,1,72,"15:59:47","19:31:28"
820,2,36,"18:26:52","9:34:11"
820,3,97,"8:38:28","12:51:52"
820,4,35,"22:3:36","14:59:21"
820,5,95,"16:57:35","21:48:16"
821,1,4,"8:23:31","21:14:5"
821,2,21,"6:6:20","15:5:59"
821,3,82,"16:30:48","18:38:20"
821,4,8,"17:34:14","15:15:16"
821,5,14,"20:51:21","22:58:7"
822,1,64,"9:24:13","11:45:16"
822,2,39,"7:23:39","17:37:38"
822,3,84,"8:53:24","22:55:38"
822,4,52,"16:18:9","10:12:28"
822,5,73,"12:52:44","7:22:29"
823,1,43,"19:32:27","23:17:1"
823,2,18,"8:24:35","23:42:47"
823,3,33,"12:35:13","14:44:46"
823,4,26,"12:53:5","20:15:39"
823,5,47,"10:51:42","17:3:0"
824,1,30,"20:26:9","21:56:1"
824,2,4,"21:22:36","20:31:21"
824,3,10,"7:26:14","12:37:27"
824,4,94,"10:47:13","15:44:51"
824,5,27,"10:7:35","14:49:15"
825,1,78,"22:18:46","16:49:15"
825,2,89,"23:8:52","20:29:59"
825,3,31,"19:40:59","12:49:20"
825,4,56,"17:10:50","15:48:19"
825,5,12,"6:33:40","16:38:9"
826,1,38,"6:59:26","14:31:36"
826,2,41,"21:18:33","23:24:27"
826,3,43,"21:20:7","9:26:36"
826,4,26,"6:37:25","12:54:59"
826,5,42,"12:44:24","13:22:38"
827,1,99,"8:38:57","17:55:28"
827,2,81,"11:47:59","19:31:44"
827,3,67,"8:57:1","13:28:53"
827,4,12,"9:29:30","18:17:42"
827,5,50,"16:2:43","9:7:53"
828,1,6,"12:7:36","7:49:40"
828,2,33,"8:44:19","22:54:16"
828,3,40,"22:8:45","5:20:39"
828,4,67,"19:6:20","19:12:11"
828,5,67,"18:54:7","16:2:24"
829,1,26,"20:41:15","20:6:56"
829,2,59,"6:10:58","23:17:44"
829,3,23,"21:37:12","16:43:24"
829,4,18,"17:54:24","7:56:40"
829,5,43,"14:6:51","23:34:5"
830,1,25,"17:40:47","16:7:31"
830,2,38,"18:9:21","20:30:25"
830,3,28,"18:42:53","17:7:37"
830,4,31,"10:29:22","11:15:18"
830,5,34,"17:24:37","23:28:11"
831,1,79,"11:44:38","9:50:47"
831,2,85,"15:53:44","5:23:1"
831,3,56,"15:45:18","14:52:8"
831,4,6,"9:34:12","10:15:26"
831,5,70,"9:34:21","19:55:13"
832,1,79,"14:49:7","22:22:39"
832,2,39,"16:45:11","8:44:39"
832,3,50,"8:15:37","23:0:33"
832,4,21,"9:5:45","5:56:16"
832,5,20,"16:20:12","21:42:3"
833,1,75,"15:3:47","12:37:47"
833,2,27,"13:17:10","21:4:2"
833,3,90,"7:51:46","17:57:50"
833,4,42,"18:8:3","21:28:4"
833,5,39,"14:46:58","9:16:9"
834,1,98,"20:22:32","5:52:11"
834,2,58,"6:22:46","13:18:23"
834,3,7,"23:0:35","6:38:39"
834,4,21,"15:43:58","22:58:30"
834,5,4,"13:11:1","15:24:54"
835,1,9,"17:45:51","6:38:21"
835,2,60,"17:13:3","9:41:24"
835,3,48,"11:25:22","22:12:20"
835,4,73,"11:55:21","19:26:55"
835,5,71,"8:45:41","18:0:21"
836,1,40,"17:46:42","21:11:14"
836,2,64,"17:19:18","7:28:9"
836,3,100,"16:41:4","12:9:14"
836,4,46,"12:45:19","15:21:6"
836,5,87,"8:46:29","21:34:28"
837,1,77,"11:5:37","22:12:40"
837,2,21,"20:18:48","7:36:30"
837,3,7,"15:33:19","9:58:51"
837,4,48,"18:41:53","15:3:42"
837,5,86,"18:15:9","13:33:37"
838,1,12,"16:51:39","8:45:29"
838,2,22,"20:30:28","22:3:41"
838,3,98,"16:36:45","13:50:53"
838,4,13,"17:44:59","9:58:26"
838,5,83,"7:49:18","14:9:9"
839,1,32,"16:13:2","9:43:56"
839,2,18,"11:17:54","10:35:15"
839,3,98,"11:7:37","16:13:18"
839,4,7,"21:43:56","18:22:18"
839,5,83,"10:39:4","23:33:19"
840,1,24,"13:39:35","23:18:54"
840,2,47,"11:28:0","22:27:59"
840,3,18,"22:58:55","5:19:20"
840,4,20,"12:24:59","19:10:5"
840,5,86,"9:5:30","8:6:28"
841,1,87,"16:29:27","8:51:27"
841,2,65,"19:22:26","19:30:12"
841,3,46,"8:43:41","21:1:48"
841,4,87,"17:36:35","18:17:22"
841,5,21,"9:37:56","6:21:47"
842,1,31,"12:30:10","19:5:1"
842,2,72,"13:30:18","6:31:29"
842,3,25,"17:16:48","22:21:40"
842,4,98,"23:36:35","18:51:34"
842,5,61,"5:55:35","23:29:45"
843,1,3,"11:37:34","15:37:53"
843,2,76,"5:41:39","16:41:1"
843,3,70,"23:57:23","7:26:17"
843,4,57,"6:0:17","13:51:29"
843,5,19,"17:10:57","11:33:19"
844,1,36,"15:3:52","22:29:40"
844,2,56,"22:34:47","16:24:36"
844,3,45,"18:14:34","19:15:47"
844,4,22,"21:1:46","10:58:0"
844,5,90,"18:27:57","19:21:32"
845,1,59,"11:8:35","18:20:24"
845,2,43,"7:33:35","18:20:42"
845,3,48,"8:58:40","20:19:42"
845,4,44,"12:15:29","16:36:39"
845,5,70,"20:11:34","23:10:22"
846,1,98,"8:45:40","7:9:49"
846,2,45,"6:16:0","8:46:44"
846,3,46,"18:52:28","5:50:49"
846,4,5,"13:8:43","13:29:22"
846,5,18,"17:41:33","13:28:41"
847,1,9,"19:26:49","16:34:40"
847,2,35,"14:52:28","8:17:37"
847,3,38,"14:37:52","12:3:49"
847,4,87,"7:20:6","13:32:41"
847,5,85,"22:1:4","23:57:58"
848,1,63,"23:16:28","11:3:16"
848,2,84,"14:3:45","13:7:9"
848,3,53,"16:20:8","14:38:33"
848,4,70,"5:7:4","23:10:57"
848,5,91,"21:42:5","5:32:57"
849,1,54,"5:34:42","14:28:13"
849,2,33,"11:40:0","10:16:7"
849,3,64,"15:44:44","23:59:43"
849,4,66,"14:30:48","15:34:41"
849,5,86,"11:56:2","12:39:44"
850,1,21,"11:6:50","17:56:17"
850,2,57,"11:4:24","18:25:20"
850,3,82,"22:24:5","12:28:14"
850,4,30,"19:3:58","8:57:29"
850,5,88,"11:21:52","21:12:27"
851,1,2,"22:5:47","15:45:44"
851,2,20,"22:53:24","10:31:47"
851,3,58,"5:10:19","17:47:21"
851,4,41,"14:9:1","19:29:44"
851,5,64,"21:17:18","7:56:42"
852,1,50,"23:3:42","12:51:28"
852,2,6,"14:11:46","14:9:50"
852,3,4,"18:2:27","6:24:46"
852,4,3,"17:56:5","9:48:50"
852,5,15,"18:53:17","17:8:53"
853,1,83,"6:45:43","5:17:17"
853,2,68,"21:48:47","14:19:14"
853,3,12,"19:11:3","5:40:26"
853,4,95,"21:16:25","7:59:12"
853,5,86,"8:32:43","5:38:49"
854,1,75,"7:23:42","12:54:2"
854,2,35,"17:50:36","9:41:7"
854,3,45,"15:36:2","21:13:13"
854,4,14,"17:58:57","17:0:31"
854,5,60,"9:36:39","23:20:20"
855,1,74,"22:33:18","20:55:32"
855,2,35,"18:18:46","7:41:34"
855,3,42,"8:53:52","16:22:56"
855,4,32,"12:5:33","19:40:9"
855,5,12,"19:33:46","22:50:0"
856,1,96,"19:55:50","8:0:2"
856,2,48,"10:6:40","5:4:15"
856,3,74,"6:47:1","15:11:27"
856,4,56,"22:18:7","9:29:0"
856,5,41,"14:4:24","19:54:2"
857,1,50,"16:40:33","9:18:38"
857,2,16,"8:39:9","16:34:29"
857,3,27,"15:51:22","14:23:24"
857,4,69,"17:57:7","11:59:17"
857,5,27,"5:18:24","23:48:11"
858,1,6,"23:39:53","15:3:9"
858,2,8,"15:19:18","10:45:32"
858,3,50,"8:6:7","22:39:16"
858,4,54,"18:31:51","22:58:20"
858,5,30,"7:47:34","13:35:2"
859,1,17,"10:51:31","18:12:3"
859,2,99,"6:18:17","20:58:39"
859,3,78,"22:41:23","13:1:29"
859,4,64,"18:29:44","13:29:25"
859,5,45,"10:48:39","17:49:5"
860,1,75,"10:53:49","11:37:28"
860,2,55,"9:1:43","10:30:47"
860,3,56,"23:34:21","22:13:33"
860,4,73,"14:27:51","10:47:34"
860,5,15,"8:11:16","23:53:46"
861,1,15,"15:27:40","16:4:42"
861,2,83,"21:6:15","14:20:24"
861,3,53,"15:15:10","16:24:52"
861,4,79,"11:7:25","11:41:9"
861,5,45,"13:36:45","21:33:20"
862,1,19,"20:53:53","5:32:32"
862,2,35,"10:29:20","12:3:54"
862,3,42,"19:57:19","7:34:2"
862,4,32,"20:6:26","8:13:22"
862,5,69,"19:58:37","16:46:17"
863,1,30,"6:11:57","13:59:14"
863,2,14,"15:31:3","11:20:3"
863,3,2,"23:11:54","15:40:22"
863,4,73,"5:8:49","11:26:45"
863,5,90,"16:56:51","18:54:3"
864,1,44,"19:44:44","10:6:20"
864,2,10,"12:20:21","18:42:44"
864,3,13,"11:25:30","19:6:36"
864,4,89,"8:59:14","22:50:43"
864,5,50,"10:20:23","23:25:27"
865,1,72,"6:57:36","20:2:40"
865,2,14,"13:4:5","16:7:27"
865,3,51,"5:59:41","10:19:35"
865,4,32,"17:23:19","10:35:47"
865,5,81,"18:31:44","17:53:45"
866,1,77,"18:50:10","21:1:44"
866,2,22,"10:19:55","18:10:52"
866,3,56,"6:48:4","10:48:53"
866,4,51,"12:38:26","6:51:10"
866,5,80,"14:29:44","20:21:44"
867,1,100,"10:2:57","9:19:39"
867,2,33,"23:33:35","9:44:23"
867,3,3,"21:4:50","18:58:41"
867,4,6,"14:9:37","19:10:34"
867,5,50,"16:15:33","22:58:7"
868,1,18,"7:40:3","11:20:31"
868,2,24,"15:1:5","5:10:23"
868,3,24,"18:38:25","10:57:13"
868,4,46,"8:14:26","14:56:40"
868,5,30,"5:25:8","11:58:28"
869,1,45,"20:47:52","12:39:39"
869,2,83,"11:26:45","10:4:42"
869,3,99,"17:11:28","20:5:54"
869,4,67,"6:27:55","9:43:17"
869,5,45,"8:17:54","5:43:0"
870,1,43,"6:51:19","11:41:49"
870,2,75,"16:38:9","7:34:31"
870,3,39,"10:58:37","20:33:14"
870,4,98,"22:36:2","22:33:15"
870,5,97,"22:45:45","10:26:34"
871,1,31,"5:2:33","13:33:36"
871,2,22,"22:40:5","8:38:48"
871,3,7,"21:9:50","18:11:23"
871,4,6,"5:7:44","6:40:28"
871,5,2,"14:2:7","9:45:46"
872,1,18,"23:53:52","10:49:31"
872,2,25,"13:56:12","22:53:56"
872,3,59,"18:26:47","13:52:37"
872,4,43,"9:40:49","23:2:18"
872,5,27,"14:46:58","17:26:41"
873,1,92,"16:25:27","9:17:44"
873,2,100,"21:44:42","11:22:21"
873,3,72,"10:12:50","15:38:12"
873,4,76,"14:8:58","19:56:46"
873,5,53,"22:25:30","13:22:27"
874,1,76,"16:21:47","18:47:26"
874,2,82,"17:17:22","14:32:14"
874,3,95,"6:27:36","23:5:1"
874,4,27,"22:39:50","8:54:47"
874,5,24,"14:12:41","5:18:8"
875,1,72,"12:53:13","23:7:19"
875,2,68,"11:6:15","8:47:30"
875,3,87,"12:56:55","23:36:7"
875,4,48,"15:26:11","11:14:1"
875,5,30,"18:14:26","18:38:59"
876,1,22,"9:11:55","10:6:17"
876,2,21,"7:15:8","8:15:39"
876,3,71,"8:8:23","8:55:38"
876,4,66,"18:9:25","13:41:14"
876,5,83,"6:4:28","13:53:55"
877,1,2,"5:22:8","16:4:12"
877,2,44,"17:50:8","23:32:7"
877,3,48,"21:12:49","21:12:19"
877,4,17,"18:34:58","8:12:28"
877,5,28,"17:32:24","12:3:9"
878,1,67,"21:24:39","11:16:42"
878,2,12,"23:14:25","15:37:52"
878,3,38,"16:10:4","8:46:25"
878,4,25,"15:17:56","19:9:11"
878,5,42,"18:42:54","6:54:1"
879,1,84,"9:5:18","5:12:25"
879,2,50,"10:55:11","10:33:0"
879,3,17,"11:32:21","9:50:6"
879,4,22,"19:8:33","15:59:32"
879,5,31,"17:0:0","7:13:51"
880,1,60,"17:51:58","7:7:12"
880,2,44,"11:30:45","8:18:53"
880,3,24,"13:59:29","13:42:11"
880,4,3,"8:16:10","15:56:58"
880,5,31,"6:27:11","5:23:48"
881,1,76,"13:38:20","18:25:12"
881,2,7,"5:34:29","15:8:12"
881,3,65,"6:17:31","6:34:21"
881,4,23,"12:39:28","23:39:52"
881,5,30,"9:47:30","7:53:1"
882,1,95,"20:19:30","7:30:19"
882,2,82,"10:14:37","15:4:31"
882,3,81,"7:1:11","17:50:43"
882,4,4,"14:49:26","17:8:42"
882,5,69,"18:22:17","17:44:42"
883,1,75,"18:52:59","5:33:39"
883,2,7,"8:49:35","23:54:4"
883,3,60,"16:31:3","19:4:32"
883,4,17,"12:36:46","12:21:18"
883,5,50,"21:33:37","22:5:13"
884,1,76,"18:38:46","8:27:25"
884,2,11,"22:26:7","11:53:19"
884,3,50,"23:15:22","5:29:39"
884,4,19,"14:53:37","8:39:52"
884,5,5,"19:53:38","20:7:43"
885,1,2,"18:58:1","15:23:20"
885,2,45,"17:36:14","21:52:23"
885,3,27,"17:34:16","17:41:21"
885,4,38,"17:34:59","23:58:27"
885,5,52,"23:5:8","10:40:30"
886,1,63,"12:8:51","6:38:10"
886,2,22,"17:1:49","23:39:29"
886,3,63,"21:49:46","17:48:36"
886,4,74,"6:0:23","5:17:13"
886,5,65,"11:19:10","11:44:34"
887,1,78,"21:43:34","12:43:56"
887,2,23,"20:37:33","19:10:49"
887,3,56,"21:24:25","13:11:46"
887,4,85,"7:34:15","10:49:37"
887,5,62,"17:13:14","8:23:25"
888,1,82,"18:55:4","12:25:13"
888,2,27,"5:5:16","19:1:40"
888,3,41,"9:8:8","18:15:51"
888,4,94,"17:55:9","7:25:39"
888,5,98,"21:45:42","22:44:45"
889,1,39,"7:36:12","12:14:55"
889,2,38,"13:41:47","14:8:31"
889,3,52,"7:15:53","19:24:0"
889,4,35,"11:39:51","13:50:39"
889,5,71,"18:49:41","7:39:36"
890,1,69,"9:56:9","11:22:5"
890,2,58,"16:46:49","6:18:40"
890,3,21,"13:33:47","15:4:29"
890,4,53,"18:8:4","20:29:51"
890,5,98,"20:18:22","23:17:39"
891,1,44,"14:39:33","19:36:57"
891,2,22,"9:19:44","11:24:31"
891,3,4,"23:37:42","8:25:50"
891,4,24,"17:11:59","7:53:53"
891,5,28,"9:44:40","22:5:52"
892,1,72,"19:6:40","23:23:10"
892,2,56,"8:54:50","21:34:47"
892,3,59,"23:7:20","7:55:6"
892,4,93,"11:38:2","21:55:59"
892,5,52,"18:13:44","18:43:30"
893,1,20,"11:55:13","17:19:7"
893,2,62,"17:43:6","10:4:1"
893,3,51,"16:34:14","10:22:24"
893,4,54,"21:47:45","15:49:53"
893,5,19,"10:42:26","5:51:23"
894,1,87,"6:33:30","18:38:51"
894,2,10,"14:13:5","23:8:54"
894,3,80,"19:41:13","8:20:6"
894,4,47,"5:0:10","6:9:11"
894,5,83,"13:48:31","10:40:52"
895,1,93,"16:1:18","13:3:39"
895,2,32,"11:28:54","5:46:6"
895,3,52,"18:54:7","8:57:35"
895,4,17,"18:55:10","21:33:26"
895,5,1,"23:18:7","6:49:16"
896,1,6,"23:47:21","14:9:2"
896,2,17,"5:38:3","14:6:1"
896,3,3,"23:49:57","8:2:1"
896,4,44,"12:29:19","9:3:37"
896,5,23,"8:45:22","23:40:34"
897,1,13,"21:24:26","12:55:16"
897,2,71,"9:40:50","17:8:50"
897,3,33,"20:27:59","9:10:9"
897,4,66,"22:51:41","8:32:10"
897,5,74,"13:9:41","17:2:31"
898,1,23,"15:28:26","5:47:11"
898,2,29,"9:27:46","7:49:7"
898,3,84,"22:51:14","16:51:7"
898,4,51,"11:22:39","8:13:48"
898,5,35,"13:32:20","12:46:26"
899,1,58,"8:36:4","23:47:58"
899,2,92,"11:47:57","15:33:53"
899,3,56,"11:7:59","23:39:4"
899,4,33,"21:56:25","21:2:24"
899,5,17,"19:25:43","10:13:19"
900,1,97,"11:29:57","12:36:4"
900,2,27,"6:4:7","9:3:12"
900,3,73,"5:12:2","8:50:3"
900,4,78,"9:43:6","8:27:9"
900,5,89,"17:52:44","17:51:2"
901,1,77,"10:10:10","5:4:56"
901,2,69,"16:38:14","11:33:42"
901,3,56,"8:46:15","19:51:36"
901,4,53,"16:55:22","7:15:5"
901,5,26,"16:38:56","15:40:11"
902,1,48,"18:53:57","15:30:14"
902,2,94,"19:46:6","7:43:21"
902,3,15,"10:42:38","23:49:18"
902,4,54,"12:27:5","12:11:26"
902,5,36,"16:14:38","19:5:34"
903,1,59,"6:27:22","23:22:34"
903,2,69,"19:16:7","14:17:39"
903,3,70,"10:46:17","7:12:3"
903,4,70,"23:6:48","10:17:54"
903,5,68,"13:33:34","13:35:1"
904,1,3,"19:24:28","7:55:26"
904,2,8,"15:47:55","13:41:13"
904,3,2,"7:22:48","17:4:54"
904,4,7,"7:39:32","6:19:30"
904,5,54,"22:2:2","8:13:30"
905,1,7,"19:2:30","11:51:11"
905,2,24,"19:33:11","12:10:37"
905,3,95,"17:14:25","12:54:8"
905,4,56,"21:50:36","20:2:40"
905,5,57,"15:28:30","11:45:29"
906,1,86,"9:37:21","8:36:16"
906,2,94,"10:57:42","19:35:1"
906,3,69,"22:7:18","21:22:59"
906,4,13,"8:35:8","23:40:33"
906,5,92,"8:29:14","19:28:21"
907,1,73,"14:29:50","22:42:37"
907,2,92,"14:29:18","17:13:18"
907,3,42,"12:36:35","18:48:36"
907,4,30,"16:49:39","7:18:45"
907,5,12,"16:54:39","22:12:8"
908,1,93,"18:19:7","19:59:53"
908,2,73,"18:36:43","12:51:43"
908,3,2,"20:24:15","13:33:37"
908,4,91,"18:1:13","21:10:59"
908,5,12,"5:22:56","11:29:37"
909,1,57,"5:15:18","17:20:19"
909,2,45,"21:36:39","9:32:22"
909,3,92,"19:53:12","9:54:44"
909,4,40,"23:24:22","8:25:22"
909,5,66,"11:36:0","23:55:25"
910,1,41,"10:7:10","8:5:12"
910,2,22,"14:6:53","13:59:37"
910,3,90,"21:13:5","21:33:25"
910,4,32,"16:54:13","15:2:38"
910,5,77,"23:51:50","10:11:59"
911,1,34,"7:17:30","13:14:36"
911,2,30,"13:28:47","5:33:0"
911,3,33,"18:18:34","16:57:38"
911,4,52,"17:30:51","6:11:34"
911,5,54,"6:52:42","7:41:0"
912,1,39,"19:32:40","10:53:59"
912,2,27,"22:20:22","22:24:26"
912,3,54,"11:58:37","18:29:56"
912,4,35,"9:56:15","11:59:56"
912,5,67,"7:32:9","14:44:54"
913,1,24,"14:46:29","22:57:45"
913,2,3,"8:33:1","19:26:8"
913,3,63,"19:59:19","9:41:48"
913,4,80,"20:10:24","16:49:1"
913,5,38,"5:13:43","5:33:38"
914,1,9,"22:58:37","19:45:14"
914,2,39,"19:15:47","16:54:58"
914,3,86,"8:26:27","7:55:35"
914,4,18,"10:37:13","20:51:28"
914,5,59,"17:36:9","6:17:41"
915,1,82,"8:52:32","22:33:26"
915,2,26,"17:12:44","5:22:30"
915,3,5,"5:31:43","10:20:34"
915,4,98,"22:20:27","15:0:32"
915,5,50,"5:36:24","20:29:37"
916,1,20,"16:34:16","22:35:44"
916,2,65,"5:59:59","22:17:51"
916,3,11,"22:41:2","6:13:46"
916,4,37,"21:5:39","10:54:54"
916,5,46,"16:16:52","5:19:6"
917,1,34,"17:9:48","15:29:14"
917,2,98,"22:3:40","20:35:27"
917,3,18,"10:55:41","5:15:29"
917,4,81,"12:8:23","14:4:15"
917,5,81,"18:16:40","8:8:14"
918,1,78,"15:25:33","22:55:21"
918,2,90,"5:30:29","13:35:25"
918,3,36,"10:31:17","16:11:20"
918,4,52,"18:58:20","9:23:11"
918,5,67,"22:35:24","10:2:3"
919,1,92,"10:37:23","23:57:43"
919,2,4,"16:52:21","12:3:22"
919,3,11,"15:42:3","23:32:6"
919,4,67,"21:48:53","14:24:29"
919,5,38,"17:49:48","17:59:36"
920,1,54,"17:36:23","13:12:20"
920,2,78,"21:18:54","15:30:54"
920,3,41,"5:4:4","14:47:17"
920,4,46,"7:3:4","15:59:49"
920,5,95,"10:6:33","13:54:49"
921,1,53,"8:20:11","11:49:39"
921,2,62,"19:48:27","12:25:33"
921,3,12,"20:21:16","14:54:55"
921,4,44,"23:23:28","17:50:35"
921,5,97,"12:29:23","7:18:30"
922,1,61,"23:14:1","16:22:42"
922,2,47,"6:49:53","13:30:7"
922,3,49,"6:52:32","23:25:51"
922,4,93,"6:49:24","11:42:23"
922,5,75,"19:46:28","6:38:10"
923,1,79,"11:45:44","7:58:1"
923,2,49,"13:3:22","21:58:19"
923,3,21,"21:53:16","11:50:13"
923,4,72,"10:17:21","20:6:35"
923,5,63,"8:50:0","9:17:45"
924,1,32,"20:56:39","21:58:42"
924,2,1,"7:17:10","7:57:46"
924,3,84,"21:31:26","19:54:43"
924,4,9,"23:38:38","20:11:49"
924,5,20,"6:16:8","11:18:59"
925,1,3,"15:0:9","16:24:15"
925,2,21,"23:55:3","10:2:52"
925,3,90,"10:14:22","18:46:4"
925,4,14,"6:36:39","13:4:20"
925,5,56,"15:8:10","7:19:41"
926,1,32,"7:3:19","23:15:58"
926,2,33,"19:31:14","11:56:53"
926,3,84,"9:7:2","16:53:54"
926,4,6,"8:39:9","5:29:20"
926,5,33,"23:22:26","6:17:31"
927,1,66,"9:17:17","23:47:40"
927,2,39,"10:55:2","23:31:14"
927,3,54,"5:22:43","16:50:52"
927,4,90,"22:39:34","17:44:54"
927,5,40,"12:35:55","6:47:48"
928,1,18,"14:9:57","17:52:41"
928,2,76,"6:52:56","20:20:0"
928,3,18,"19:48:29","8:9:34"
928,4,12,"19:27:40","21:9:39"
928,5,2,"7:51:52","12:39:21"
929,1,30,"9:35:25","17:34:51"
929,2,77,"21:55:16","10:7:9"
929,3,6,"16:19:9","9:40:40"
929,4,79,"20:43:19","20:54:30"
929,5,38,"19:40:33","6:55:36"
930,1,39,"23:10:40","14:58:59"
930,2,53,"20:1:51","9:41:16"
930,3,28,"6:51:38","7:16:40"
930,4,17,"11:30:5","16:8:51"
930,5,58,"11:29:9","14:6:12"
931,1,64,"10:50:58","20:12:13"
931,2,9,"9:30:37","5:43:16"
931,3,45,"7:30:57","12:4:13"
931,4,9,"20:20:24","18:29:11"
931,5,35,"20:47:17","5:37:18"
932,1,23,"13:20:35","17:29:58"
932,2,21,"19:37:22","17:36:54"
932,3,48,"11:13:6","23:12:29"
932,4,73,"22:40:37","16:47:6"
932,5,93,"11:14:45","16:36:37"
933,1,2,"15:53:50","14:3:1"
933,2,75,"11:46:17","15:11:5"
933,3,58,"9:42:1","17:50:49"
933,4,58,"7:19:24","21:30:44"
933,5,89,"20:19:2","12:38:24"
934,1,4,"5:23:26","17:39:50"
934,2,33,"20:19:12","7:38:55"
934,3,77,"8:53:51","18:18:53"
934,4,68,"14:2:40","9:8:8"
934,5,57,"22:58:40","20:1:23"
935,1,8,"9:51:27","13:47:30"
935,2,94,"9:25:35","12:50:3"
935,3,22,"14:14:13","10:25:1"
935,4,100,"7:38:22","16:12:37"
935,5,85,"6:29:0","21:26:47"
936,1,47,"19:18:24","9:17:17"
936,2,83,"13:33:20","22:21:52"
936,3,41,"20:36:22","18:42:26"
936,4,20,"5:21:4","19:3:42"
936,5,34,"21:38:14","15:13:17"
937,1,98,"10:37:47","5:33:8"
937,2,45,"18:2:27","12:27:43"
937,3,85,"21:38:47","12:46:39"
937,4,47,"12:50:35","21:55:52"
937,5,22,"16:48:1","16:49:10"
938,1,51,"17:14:8","18:40:18"
938,2,78,"8:52:34","11:1:48"
938,3,33,"10:14:20","17:44:55"
938,4,57,"14:39:52","11:27:14"
938,5,13,"12:50:22","7:25:59"
939,1,60,"13:22:29","10:17:8"
939,2,62,"6:6:28","17:5:29"
939,3,89,"20:43:22","10:30:11"
939,4,93,"8:55:24","5:14:41"
939,5,79,"14:3:35","10:34:44"
940,1,11,"18:16:15","22:30:23"
940,2,55,"6:31:42","18:25:25"
940,3,66,"7:54:43","10:50:19"
940,4,41,"5:21:23","7:18:53"
940,5,92,"13:18:43","20:3:41"
941,1,67,"8:47:24","22:21:52"
941,2,7,"11:2:11","7:20:17"
941,3,64,"6:26:3","6:48:24"
941,4,35,"16:19:20","15:42:0"
941,5,62,"18:59:11","14:19:20"
942,1,74,"19:47:9","13:29:32"
942,2,73,"16:22:47","5:10:21"
942,3,62,"6:23:40","6:19:13"
942,4,89,"5:44:22","23:3:32"
942,5,39,"15:25:14","14:43:44"
943,1,31,"7:19:7","8:48:55"
943,2,8,"18:58:6","14:54:30"
943,3,84,"10:26:59","8:37:5"
943,4,10,"14:29:18","13:47:47"
943,5,55,"16:39:33","10:57:22"
944,1,27,"5:24:9","14:14:47"
944,2,57,"11:26:59","17:40:54"
944,3,3,"16:31:54","6:6:15"
944,4,21,"23:30:21","20:17:12"
944,5,9,"6:6:59","20:55:20"
945,1,38,"8:5:9","7:38:23"
945,2,69,"23:1:49","19:13:38"
945,3,94,"5:41:58","12:14:6"
945,4,94,"19:30:56","9:39:31"
945,5,91,"7:33:40","18:25:33"
946,1,15,"14:3:16","5:30:23"
946,2,26,"13:58:48","14:20:43"
946,3,63,"12:53:13","11:6:35"
946,4,48,"22:28:50","9:13:58"
946,5,4,"9:12:4","22:46:17"
947,1,14,"6:37:30","15:33:34"
947,2,51,"5:43:19","21:19:3"
947,3,2,"8:4:14","16:38:14"
947,4,12,"14:16:43","11:8:51"
947,5,82,"17:52:25","23:49:43"
948,1,7,"14:44:48","13:31:1"
948,2,89,"22:11:16","19:38:50"
948,3,31,"15:28:11","13:50:23"
948,4,13,"22:7:5","7:50:21"
948,5,42,"19:22:47","22:9:56"
949,1,35,"8:7:47","8:5:32"
949,2,37,"8:2:42","6:51:3"
949,3,8,"12:54:46","15:49:2"
949,4,9,"6:46:19","17:5:24"
949,5,39,"19:11:9","13:45:30"
950,1,24,"16:34:10","11:2:45"
950,2,67,"13:9:17","7:9:7"
950,3,56,"23:30:18","7:50:39"
950,4,52,"13:22:23","17:10:58"
950,5,19,"9:48:22","11:37:15"
951,1,63,"10:15:46","18:33:26"
951,2,84,"16:59:55","17:6:24"
951,3,55,"18:32:29","9:23:2"
951,4,10,"22:22:14","23:27:2"
951,5,13,"7:56:57","17:48:32"
952,1,43,"15:3:22","13:27:56"
952,2,38,"19:37:33","6:38:45"
952,3,11,"17:6:57","21:1:2"
952,4,20,"7:14:24","16:4:53"
952,5,77,"13:19:42","7:19:58"
953,1,54,"18:43:35","12:36:48"
953,2,50,"8:34:31","18:23:27"
953,3,59,"21:7:11","8:24:25"
953,4,74,"13:42:56","17:27:54"
953,5,89,"12:0:36","9:16:9"
954,1,25,"23:49:24","13:51:11"
954,2,70,"22:57:54","17:4:12"
954,3,32,"5:6:30","20:38:30"
954,4,3,"7:5:15","14:57:51"
954,5,44,"20:14:2","18:28:30"
955,1,6,"12:51:29","22:41:53"
955,2,9,"6:24:46","8:2:16"
955,3,62,"15:25:36","14:44:2"
955,4,73,"22:3:31","22:8:59"
955,5,50,"11:7:28","12:56:56"
956,1,68,"23:39:30","13:54:29"
956,2,22,"6:33:1","9:26:16"
956,3,85,"21:38:48","23:23:49"
956,4,77,"21:14:1","9:20:0"
956,5,59,"21:54:58","17:0:5"
957,1,98,"10:3:37","16:46:17"
957,2,91,"15:45:26","9:53:50"
957,3,10,"8:58:14","19:15:1"
957,4,93,"17:21:58","19:29:0"
957,5,26,"14:25:27","13:10:52"
958,1,87,"23:5:34","11:5:45"
958,2,10,"19:58:5","10:35:44"
958,3,14,"20:42:13","14:3:7"
958,4,29,"12:42:7","11:18:44"
958,5,18,"22:15:26","17:58:26"
959,1,50,"22:12:1","22:38:50"
959,2,67,"8:32:34","12:22:19"
959,3,83,"14:50:12","17:12:49"
959,4,40,"14:46:27","14:32:57"
959,5,9,"15:51:57","13:11:37"
960,1,23,"18:6:5","20:24:46"
960,2,44,"11:46:37","11:3:36"
960,3,46,"23:2:13","6:14:11"
960,4,88,"10:24:1","21:8:15"
960,5,68,"23:2:34","21:2:54"
961,1,47,"18:38:25","22:1:24"
961,2,65,"5:10:31","16:8:39"
961,3,82,"10:29:21","10:36:19"
961,4,1,"8:48:59","13:36:51"
961,5,31,"9:50:7","18:15:32"
962,1,39,"5:52:46","10:2:2"
962,2,34,"13:36:16","7:24:37"
962,3,39,"22:8:2","13:12:38"
962,4,89,"21:38:14","20:14:21"
962,5,37,"20:57:46","11:26:28"
963,1,1,"15:23:9","16:59:32"
963,2,36,"7:15:24","6:39:23"
963,3,96,"15:19:37","8:33:51"
963,4,12,"16:47:15","20:55:49"
963,5,100,"20:39:26","21:11:58"
964,1,27,"5:23:40","9:21:57"
964,2,74,"21:49:51","6:58:12"
964,3,94,"10:9:13","10:22:11"
964,4,54,"6:38:34","12:27:27"
964,5,92,"23:35:23","7:49:34"
965,1,3,"6:52:16","15:47:9"
965,2,48,"17:0:21","19:3:38"
965,3,13,"22:6:57","21:33:48"
965,4,53,"20:58:37","18:21:45"
965,5,55,"12:23:1","21:57:44"
966,1,38,"21:29:26","8:13:48"
966,2,87,"7:18:44","21:58:4"
966,3,34,"20:32:54","5:39:5"
966,4,65,"19:33:28","10:27:26"
966,5,17,"7:14:16","20:22:6"
967,1,93,"14:28:31","21:0:21"
967,2,49,"13:45:28","8:49:7"
967,3,15,"14:51:54","22:34:4"
967,4,58,"14:27:24","21:59:6"
967,5,64,"7:5:56","16:14:48"
968,1,93,"11:16:30","23:40:45"
968,2,75,"8:22:40","16:26:4"
968,3,65,"13:31:40","6:57:24"
968,4,42,"10:56:19","6:59:1"
968,5,62,"23:55:13","19:6:8"
969,1,87,"10:52:59","6:16:16"
969,2,56,"17:2:30","12:59:46"
969,3,93,"6:24:49","14:47:6"
969,4,64,"12:28:50","19:7:40"
969,5,24,"14:28:13","13:53:57"
970,1,72,"17:33:15","23:56:48"
970,2,21,"18:33:4","18:50:36"
970,3,77,"22:19:3","8:58:35"
970,4,46,"15:59:11","16:38:47"
970,5,2,"17:20:11","13:0:36"
971,1,46,"18:49:22","6:4:29"
971,2,71,"8:12:37","14:7:35"
971,3,73,"10:36:40","14:12:38"
971,4,76,"16:42:18","20:23:55"
971,5,63,"13:55:6","7:57:41"
972,1,32,"23:29:37","21:4:16"
972,2,32,"22:57:18","17:35:52"
972,3,96,"10:36:36","21:55:27"
972,4,29,"10:18:41","15:14:15"
972,5,20,"13:10:48","21:26:40"
973,1,100,"5:35:30","22:16:14"
973,2,37,"8:44:14","11:21:29"
973,3,40,"5:27:35","14:11:46"
973,4,58,"10:31:54","9:46:22"
973,5,69,"14:17:14","16:6:58"
974,1,25,"20:0:46","16:4:42"
974,2,59,"16:58:26","11:0:22"
974,3,92,"12:42:33","15:44:53"
974,4,42,"18:23:42","11:33:37"
974,5,25,"18:38:36","17:50:53"
975,1,14,"21:12:59","18:37:8"
975,2,99,"6:27:46","12:1:27"
975,3,55,"8:4:14","5:49:47"
975,4,64,"19:28:2","9:47:30"
975,5,24,"5:16:5","12:51:15"
976,1,12,"15:57:34","5:18:36"
976,2,27,"13:56:26","14:2:44"
976,3,20,"10:0:18","13:30:32"
976,4,56,"16:16:45","17:21:41"
976,5,67,"13:58:54","16:14:34"
977,1,33,"22:8:36","17:18:25"
977,2,68,"15:21:35","21:29:57"
977,3,59,"11:13:33","17:22:42"
977,4,19,"23:28:47","12:50:34"
977,5,54,"19:47:40","6:10:11"
978,1,94,"9:57:16","15:30:17"
978,2,62,"21:5:46","20:25:16"
978,3,30,"11:23:57","18:56:21"
978,4,64,"20:30:14","17:41:58"
978,5,35,"23:33:46","19:41:42"
979,1,90,"12:51:46","8:30:6"
979,2,15,"20:20:22","15:14:23"
979,3,29,"15:26:18","20:41:13"
979,4,79,"23:43:43","14:33:18"
979,5,14,"9:45:44","19:36:0"
980,1,57,"16:28:11","8:56:13"
980,2,24,"7:49:33","15:30:48"
980,3,31,"5:38:1","17:54:19"
980,4,33,"16:29:5","5:6:24"
980,5,89,"7:36:16","7:9:45"
981,1,33,"8:12:51","21:17:32"
981,2,10,"5:12:11","22:26:51"
981,3,36,"7:14:55","17:50:44"
981,4,90,"5:50:6","6:20:43"
981,5,46,"8:39:16","6:29:7"
982,1,25,"23:54:2","15:31:12"
982,2,12,"6:52:27","16:50:27"
982,3,84,"5:13:15","21:56:46"
982,4,34,"15:36:4","7:51:56"
982,5,33,"23:9:24","6:11:43"
983,1,97,"13:37:11","9:44:36"
983,2,97,"11:7:14","14:37:10"
983,3,33,"23:45:50","11:42:15"
983,4,39,"9:14:37","21:55:6"
983,5,40,"5:44:28","17:52:49"
984,1,54,"21:13:8","9:7:23"
984,2,38,"6:35:43","9:0:2"
984,3,67,"20:59:27","6:9:11"
984,4,10,"11:39:40","19:32:58"
984,5,45,"16:32:0","10:41:50"
985,1,98,"17:23:28","11:13:43"
985,2,48,"14:24:44","8:50:38"
985,3,15,"17:13:44","15:9:47"
985,4,25,"11:2:44","8:49:31"
985,5,87,"9:32:28","15:50:26"
986,1,16,"14:53:40","11:59:22"
986,2,33,"8:48:2","22:53:44"
986,3,35,"12:50:17","19:12:17"
986,4,73,"17:12:22","20:1:24"
986,5,25,"8:21:57","7:22:51"
987,1,89,"17:41:38","16:18:31"
987,2,15,"9:34:8","18:48:37"
987,3,33,"6:17:25","22:33:22"
987,4,38,"22:21:22","15:8:12"
987,5,71,"6:48:0","12:13:16"
988,1,49,"11:6:58","18:4:24"
988,2,41,"10:41:24","17:39:12"
988,3,93,"10:9:54","13:40:55"
988,4,34,"7:30:48","8:43:28"
988,5,32,"13:11:48","15:43:57"
989,1,6,"18:10:39","22:20:28"
989,2,82,"9:42:21","17:56:9"
989,3,95,"20:53:25","7:47:56"
989,4,85,"8:10:57","21:13:18"
989,5,58,"18:30:7","23:13:49"
990,1,86,"23:25:14","16:53:1"
990,2,31,"9:48:40","14:30:48"
990,3,39,"10:21:16","12:57:34"
990,4,15,"7:13:54","7:12:12"
990,5,94,"21:57:16","15:41:10"
991,1,79,"18:27:34","17:17:52"
991,2,99,"9:35:58","11:36:58"
991,3,7,"10:38:25","13:53:39"
991,4,38,"12:34:41","18:12:44"
991,5,91,"14:34:13","16:0:7"
992,1,43,"16:44:5","19:56:11"
992,2,7,"9:44:12","5:38:58"
992,3,82,"8:37:27","6:31:41"
992,4,55,"19:35:49","5:6:14"
992,5,24,"20:37:50","12:52:34"
993,1,92,"13:57:37","23:7:33"
993,2,84,"17:34:0","10:1:16"
993,3,8,"21:49:55","23:40:4"
993,4,38,"7:32:58","13:11:29"
993,5,41,"19:6:12","7:26:45"
994,1,68,"22:0:27","20:42:7"
994,2,16,"19:23:28","23:35:53"
994,3,17,"7:30:5","10:31:34"
994,4,32,"13:29:21","22:56:40"
994,5,24,"6:32:48","22:44:36"
995,1,59,"9:7:6","6:17:19"
995,2,20,"10:23:29","17:27:57"
995,3,1,"20:57:41","9:41:1"
995,4,79,"17:18:38","18:0:9"
995,5,27,"9:48:8","17:59:27"
996,1,6,"9:18:31","5:41:1"
996,2,51,"8:6:49","5:37:41"
996,3,79,"15:56:8","6:24:53"
996,4,50,"17:10:8","13:20:18"
996,5,98,"9:51:46","13:40:32"
997,1,88,"22:11:6","22:15:45"
997,2,84,"16:55:27","5:37:7"
997,3,83,"23:24:46","17:22:12"
997,4,1,"23:11:11","22:49:26"
997,5,85,"10:24:25","11:9:36"
998,1,89,"10:55:29","7:3:34"
998,2,4,"17:2:41","11:0:46"
998,3,50,"15:59:14","9:46:43"
998,4,20,"22:41:29","21:35:40"
998,5,15,"21:11:49","17:58:36"
999,1,8,"10:28:52","5:23:6"
999,2,78,"7:40:28","14:54:54"
999,3,74,"7:37:57","9:17:12"
999,4,62,"16:10:45","7:56:35"
999,5,27,"17:34:12","22:4:17"
1000,1,93,"7:17:5","11:8:9"
1000,2,37,"18:41:26","6:18:58"
1000,3,42,"5:43:17","8:52:33"
1000,4,30,"21:27:58","23:13:53"
1000,5,20,"21:31:0","18:17:8"
