"trip_id","stop_sequence","stop_id","arrival_time","departure_time"
1,1,97,"23:38:26","17:50:20"
1,2,94,"21:33:20","8:1:57"
1,3,40,"15:57:27","8:23:21"
1,4,19,"8:44:7","12:5:43"
1,5,63,"6:52:56","6:20:12"
2,1,56,"6:49:27","21:44:36"
2,2,96,"22:38:38","22:18:52"
2,3,97,"11:5:39","13:34:52"
2,4,1,"22:33:17","6:24:54"
2,5,35,"16:47:13","22:35:4"
3,1,52,"7:55:38","18:17:0"
3,2,33,"17:9:33","15:8:0"
3,3,96,"8:17:18","13:29:52"
3,4,36,"18:22:47","19:54:36"
3,5,96,"14:15:2","19:13:27"
4,1,73,"19:3:32","20:7:2"
4,2,67,"18:31:42","15:40:15"
4,3,15,"17:3:25","12:9:0"
4,4,68,"11:29:56","20:45:46"
4,5,84,"12:30:25","16:30:59"
5,1,2,"15:52:25","14:19:3"
5,2,58,"7:7:53","20:16:35"
5,3,17,"22:41:0","8:59:9"
5,4,10,"10:33:20","10:42:43"
5,5,32,"17:19:33","18:21:34"
6,1,15,"6:12:16","12:5:4"
6,2,41,"23:12:0","17:35:54"
6,3,67,"7:13:33","18:47:5"
6,4,33,"17:37:25","5:49:59"
6,5,83,"20:17:31","15:48:19"
7,1,78,"11:2:16","18:17:32"
7,2,60,"10:19:42","19:54:11"
7,3,60,"21:10:6","10:31:36"
7,4,57,"16:19:10","23:10:26"
7,5,68,"5:43:21","9:8:33"
8,1,47,"7:38:53","5:23:29"
8,2,42,"19:57:28","15:6:58"
8,3,58,"22:46:24","6:51:55"
8,4,40,"14:9:51","23:3:32"
8,5,20,"19:56:1","15:3:33"
9,1,37,"19:4:29","23:44:56"
9,2,71,"10:49:36","21:18:35"
9,3,68,"9:13:58","9:37:36"
9,4,13,"9:6:56","21:57:52"
9,5,21,"23:13:24","7:18:30"
10,1,13,"22:25:20","17:27:18"
10,2,71,"23:28:53","20:40:8"
10,3,72,"22:45:57","19:53:56"
10,4,84,"12:31:53","14:55:13"
10,5,60,"17:39:23","19:55:23"
11,1,87,"10:52:22","16:6:58"
11,2,31,"14:5:21","16:40:43"
11,3,91,"6:40:35","15:15:7"
11,4,73,"14:32:15","22:19:12"
11,5,19,"9:13:59","16:15:6"
12,1,47,"10:28:38","15:9:22"
12,2,7,"9:20:2","19:34:35"
12,3,14,"22:27:25","7:46:56"
12,4,58,"16:2:19","17:58:15"
12,5,19,"23:27:25","20:59:24"
13,1,15,"14:21:25","15:41:31"
13,2,10,"11:59:35","16:47:56"
13,3,72,"10:11:2","22:10:32"
13,4,37,"17:33:52","19:45:50"
13,5,95,"7:34:28","9:59:11"
14,1,74,"22:23:20","19:57:26"
14,2,83,"7:36:20","16:39:4"
14,3,24,"19:58:36","10:44:40"
14,4,99,"8:47:15","6:31:19"
14,5,31,"19:13:4","17:52:42"
15,1,68,"18:4:31","14:35:17"
15,2,71,"17:10:0","13:28:25"
15,3,51,"16:25:4","16:21:16"
15,4,85,"21:34:5","17:15:31"
15,5,13,"19:14:21","9:3:30"
16,1,74,"19:3:46","23:6:42"
16,2,44,"6:20:23","15:29:7"
16,3,59,"11:23:34","8:34:11"
16,4,6,"5:42:15","21:19:8"
16,5,38,"20:56:7","14:16:30"
17,1,67,"21:43:13","21:31:26"
17,2,59,"18:9:9","16:16:30"
17,3,72,"5:54:25","13:44:50"
17,4,61,"19:4:33","9:10:28"
17,5,47,"6:57:59","9:36:21"
18,1,57,"19:12:3","6:22:46"
18,2,57,"10:45:49","20:31:45"
18,3,66,"9:3:35","14:26:26"
18,4,76,"11:9:4","15:37:19"
18,5,32,"17:50:30","11:46:35"
19,1,35,"19:57:40","18:59:54"
19,2,92,"5:11:35","12:34:35"
19,3,57,"15:28:29","10:57:7"
19,4,83,"6:44:41","20:1:11"
19,5,29,"19:4:17","8:28:13"
20,1,25,"16:33:5","8:58:17"
20,2,80,"10:46:12","22:53:28"
20,3,14,"20:27:49","12:12:26"
20,4,26,"6:44:15","12:24:28"
20,5,46,"5:46:25","21:56:3"
21,1,73,"19:48:47","22:37:1"
21,2,66,"7:26:34","21:47:25"
21,3,35,"23:21:18","18:29:47"
21,4,42,"17:19:16","8:28:50"
21,5,29,"14:3:32","5:14:57"
22,1,37,"20:26:12","17:44:34"
22,2,47,"8:30:5","10:19:9"
22,3,11,"16:23:39","18:25:35"
22,4,90,"19:9:18","11:8:48"
22,5,74,"11:43:12","5:8:31"
23,1,40,"14:41:10","11:15:34"
23,2,29,"13:37:57","9:59:17"
23,3,25,"11:22:36","10:56:2"
23,4,21,"14:24:59","19:37:4"
23,5,51,"10:30:30","12:3:11"
24,1,32,"11:22:12","23:41:41"
24,2,90,"18:44:37","12:5:36"
24,3,89,"14:52:10","23:42:26"
24,4,92,"11:53:42","13:30:59"
24,5,44,"6:32:43","17:38:33"
25,1,28,"19:19:16","13:10:40"
25,2,60,"10:36:16","6:28:50"
25,3,71,"16:49:11","19:13:29"
25,4,80,"18:47:12","12:43:4"
25,5,59,"22:5:31","8:36:58"
26,1,44,"10:19:5","20:11:30"
26,2,71,"20:56:23","7:3:8"
26,3,44,"23:4:58","13:15:17"
26,4,24,"14:5:30","10:1:4"
26,5,89,"13:2:38","23:48:54"
27,1,25,"18:42:31","23:22:56"
27,2,59,"6:24:24","18:18:16"
27,3,56,"18:29:20","17:29:40"
27,4,75,"11:5:24","12:59:14"
27,5,15,"6:19:32","6:9:13"
28,1,91,"14:23:21","9:45:44"
28,2,73,"14:23:26","21:56:30"
28,3,67,"14:54:33","10:39:7"
28,4,4,"8:2:12","17:3:19"
28,5,38,"12:53:45","13:32:46"
29,1,16,"14:6:37","23:3:23"
29,2,51,"5:4:46","6:45:42"
29,3,52,"8:45:4","17:43:37"
29,4,26,"15:14:3","22:5:19"
29,5,51,"16:52:40","19:40:29"
30,1,42,"5:9:26","10:2:55"
30,2,54,"11:24:55","5:9:51"
30,3,80,"17:31:51","7:41:49"
30,4,31,"15:15:11","14:25:21"
30,5,18,"7:19:22","23:4:19"
31,1,10,"8:32:33","18:1:32"
31,2,83,"12:50:6","10:56:0"
31,3,41,"7:41:45","20:14:0"
31,4,24,"19:48:59","9:51:40"
31,5,81,"5:42:43","22:51:47"
32,1,9,"16:29:18","21:21:42"
32,2,34,"21:25:12","21:30:34"
32,3,20,"8:56:50","5:57:14"
32,4,87,"16:5:22","12:13:8"
32,5,21,"11:38:23","17:5:2"
33,1,1,"10:15:51","13:56:34"
33,2,52,"13:40:29","14:20:22"
33,3,44,"20:1:11","16:3:22"
33,4,74,"18:47:10","23:19:26"
33,5,42,"19:7:18","23:25:47"
34,1,24,"17:12:58","17:32:57"
34,2,73,"11:49:18","21:51:7"
34,3,16,"16:56:42","20:16:21"
34,4,67,"15:30:8","12:30:37"
34,5,34,"20:33:51","17:7:44"
35,1,27,"5:12:2","23:37:55"
35,2,33,"20:2:6","21:25:31"
35,3,79,"5:33:44","15:0:27"
35,4,1,"7:4:17","14:55:0"
35,5,98,"10:45:45","21:36:36"
36,1,58,"6:29:31","18:31:9"
36,2,20,"16:30:29","9:43:31"
36,3,92,"23:25:15","5:12:43"
36,4,34,"7:44:48","17:4:17"
36,5,74,"20:4:44","23:12:18"
37,1,77,"21:17:31","18:55:25"
37,2,34,"23:50:5","20:26:28"
37,3,33,"8:12:23","21:2:9"
37,4,53,"12:53:45","18:23:48"
37,5,2,"9:46:39","20:5:0"
38,1,55,"13:56:37","5:10:49"
38,2,34,"17:30:32","5:52:20"
38,3,26,"7:12:53","20:29:7"
38,4,73,"6:2:58","6:0:14"
38,5,98,"23:0:15","14:50:3"
39,1,92,"16:47:32","10:18:6"
39,2,50,"12:45:35","11:29:37"
39,3,77,"9:38:1","17:49:51"
39,4,32,"9:32:41","15:46:29"
39,5,49,"11:41:51","17:11:30"
40,1,54,"19:23:29","18:17:43"
40,2,48,"11:59:3","13:37:16"
40,3,75,"8:44:59","23:14:47"
40,4,86,"19:53:3","7:56:0"
40,5,50,"19:22:3","10:44:32"
41,1,17,"10:39:22","23:30:56"
41,2,99,"22:40:57","22:52:59"
41,3,93,"9:15:36","8:26:48"
41,4,99,"8:28:36","11:54:34"
41,5,64,"8:24:24","6:15:19"
42,1,19,"16:20:6","20:5:24"
42,2,61,"7:54:14","13:34:41"
42,3,44,"6:14:10","22:33:46"
42,4,28,"16:0:41","15:17:30"
42,5,64,"19:20:16","5:56:59"
43,1,57,"12:40:28","20:31:29"
43,2,13,"8:35:31","19:34:52"
43,3,81,"18:48:17","9:10:14"
43,4,48,"23:54:41","20:0:55"
43,5,9,"6:39:29","20:17:59"
44,1,96,"8:42:36","18:3:12"
44,2,19,"22:46:2","7:9:1"
44,3,86,"5:20:6","18:6:58"
44,4,67,"13:5:51","14:8:35"
44,5,75,"8:29:50","15:20:6"
45,1,69,"10:33:34","22:7:37"
45,2,58,"5:31:16","21:54:53"
45,3,33,"20:40:58","8:42:12"
45,4,22,"21:28:8","14:50:38"
45,5,98,"20:52:0","10:37:7"
46,1,24,"20:48:45","22:22:24"
46,2,44,"18:48:41","13:40:39"
46,3,4,"19:50:8","22:28:54"
46,4,25,"6:55:1","17:37:38"
46,5,21,"16:2:42","12:29:25"
47,1,74,"17:24:20","19:48:2"
47,2,4,"20:13:29","21:55:40"
47,3,3,"22:51:24","19:12:33"
47,4,58,"15:16:50","13:37:31"
47,5,1,"20:56:4","8:55:15"
48,1,92,"12:41:22","7:53:51"
48,2,51,"8:4:43","17:31:41"
48,3,80,"7:43:25","22:28:46"
48,4,7,"9:14:18","8:54:39"
48,5,3,"21:52:11","6:59:47"
49,1,23,"22:46:33","7:22:8"
49,2,47,"12:21:45","20:7:14"
49,3,99,"15:12:4","20:50:44"
49,4,75,"16:16:26","9:45:30"
49,5,36,"10:30:35","21:2:54"
50,1,83,"13:25:18","7:56:50"
50,2,24,"9:45:13","23:40:28"
50,3,55,"6:8:21","12:59:0"
50,4,25,"23:16:56","9:20:40"
50,5,67,"9:53:7","21:1:27"
51,1,100,"23:19:57","8:40:17"
51,2,41,"18:21:31","18:54:1"
51,3,73,"14:29:4","10:19:44"
51,4,72,"9:17:16","20:37:45"
51,5,47,"10:58:54","9:59:40"
52,1,63,"10:50:2","9:36:4"
52,2,61,"8:13:7","8:37:45"
52,3,60,"23:40:7","18:24:12"
52,4,25,"7:19:2","22:11:38"
52,5,79,"22:27:50","16:40:52"
53,1,91,"11:12:36","7:37:29"
53,2,10,"19:6:36","20:0:36"
53,3,46,"5:7:25","7:10:9"
53,4,39,"10:35:14","15:8:42"
53,5,5,"20:43:32","16:52:31"
54,1,93,"19:41:39","23:11:20"
54,2,30,"12:18:32","21:33:27"
54,3,5,"18:42:2","10:54:38"
54,4,18,"11:54:11","7:54:15"
54,5,5,"23:53:41","8:53:48"
55,1,23,"15:15:7","5:33:32"
55,2,76,"20:37:56","16:18:56"
55,3,99,"17:26:53","18:26:36"
55,4,5,"13:30:13","10:42:0"
55,5,45,"5:12:49","16:30:25"
56,1,83,"22:16:40","17:50:13"
56,2,2,"23:59:9","14:33:13"
56,3,83,"13:46:59","13:54:48"
56,4,12,"16:3:9","7:0:20"
56,5,13,"18:53:25","12:0:2"
57,1,22,"14:2:51","22:48:16"
57,2,73,"23:58:10","6:10:50"
57,3,82,"22:5:29","23:58:42"
57,4,33,"13:14:39","13:4:55"
57,5,69,"6:56:26","18:54:45"
58,1,90,"21:36:11","12:48:59"
58,2,75,"5:34:50","21:49:53"
58,3,62,"9:44:55","15:2:58"
58,4,61,"7:8:58","14:20:27"
58,5,54,"13:23:59","6:57:49"
59,1,28,"9:6:28","8:31:8"
59,2,41,"7:24:25","5:18:16"
59,3,88,"17:32:37","22:2:42"
59,4,3,"14:5:57","10:44:24"
59,5,6,"7:52:4","10:53:35"
60,1,98,"12:36:18","15:8:5"
60,2,14,"10:19:47","6:23:9"
60,3,13,"22:16:41","8:54:54"
60,4,64,"10:43:15","11:5:51"
60,5,67,"13:59:0","6:43:45"
61,1,45,"18:34:28","6:32:12"
61,2,97,"6:10:6","20:16:22"
61,3,52,"19:9:18","22:43:57"
61,4,20,"14:31:23","17:13:51"
61,5,94,"23:59:42","7:56:13"
62,1,69,"8:59:57","17:31:35"
62,2,35,"7:55:6","15:52:18"
62,3,60,"10:52:39","19:20:34"
62,4,20,"5:27:59","19:56:26"
62,5,24,"10:20:22","22:59:39"
63,1,80,"22:0:38","20:23:53"
63,2,30,"22:25:6","10:42:6"
63,3,46,"20:22:27","14:2:18"
63,4,25,"8:26:28","7:21:42"
63,5,53,"12:34:23","23:29:52"
64,1,93,"5:37:48","17:31:7"
64,2,10,"5:6:31","18:27:43"
64,3,21,"7:17:11","22:56:50"
64,4,57,"13:45:16","20:41:50"
64,5,42,"23:45:2","13:42:8"
65,1,53,"11:43:28","20:36:10"
65,2,15,"6:16:17","20:49:51"
65,3,94,"6:29:20","18:40:58"
65,4,94,"7:28:30","7:20:0"
65,5,13,"14:4:44","13:35:42"
66,1,69,"10:51:19","12:59:30"
66,2,74,"22:7:40","18:33:9"
66,3,58,"21:50:57","9:17:30"
66,4,53,"16:30:40","20:48:21"
66,5,64,"20:50:37","14:19:53"
67,1,29,"22:7:5","8:0:39"
67,2,52,"22:39:50","8:43:15"
67,3,37,"8:16:26","14:58:57"
67,4,98,"21:40:46","9:23:54"
67,5,30,"13:58:19","11:34:59"
68,1,100,"6:36:8","21:19:54"
68,2,92,"12:59:15","5:2:7"
68,3,84,"16:39:35","19:30:10"
68,4,16,"17:54:46","18:47:28"
68,5,10,"10:57:15","17:23:41"
69,1,56,"11:54:53","16:39:33"
69,2,7,"15:41:36","20:59:48"
69,3,47,"19:22:29","9:12:1"
69,4,33,"5:19:29","23:36:4"
69,5,97,"12:40:25","18:13:59"
70,1,10,"9:9:24","16:55:42"
70,2,19,"18:10:42","22:9:9"
70,3,28,"12:48:18","20:36:14"
70,4,69,"17:18:25","17:30:50"
70,5,23,"18:26:52","13:9:8"
71,1,7,"21:58:45","21:38:49"
71,2,4,"6:19:13","19:9:59"
71,3,99,"21:50:57","15:37:43"
71,4,67,"5:22:40","12:51:37"
71,5,95,"9:48:33","7:17:37"
72,1,37,"20:21:51","7:26:28"
72,2,86,"21:58:35","11:37:20"
72,3,78,"5:32:31","14:55:22"
72,4,33,"6:22:16","7:36:34"
72,5,5,"9:20:51","14:33:23"
73,1,16,"10:46:37","9:51:26"
73,2,94,"8:8:16","7:1:43"
73,3,97,"17:39:5","6:43:33"
73,4,66,"22:39:14","20:18:2"
73,5,57,"8:57:43","9:40:58"
74,1,50,"20:20:37","14:11:49"
74,2,28,"16:11:1","7:17:23"
74,3,50,"22:12:9","20:6:13"
74,4,37,"17:33:40","10:51:26"
74,5,81,"17:9:23","22:57:19"
75,1,71,"7:33:9","17:22:46"
75,2,21,"12:42:17","23:36:48"
75,3,23,"12:18:36","18:38:4"
75,4,88,"14:18:17","10:42:19"
75,5,93,"14:16:46","15:47:37"
76,1,60,"23:26:24","6:11:42"
76,2,53,"16:14:17","5:16:24"
76,3,34,"12:0:39","9:39:34"
76,4,100,"7:1:56","7:33:47"
76,5,24,"12:44:23","9:19:51"
77,1,52,"15:55:20","17:8:49"
77,2,20,"15:49:47","22:26:34"
77,3,82,"15:14:36","19:9:54"
77,4,38,"20:48:36","6:24:3"
77,5,79,"10:12:6","10:59:57"
78,1,23,"9:24:3","18:57:10"
78,2,49,"21:23:46","8:14:0"
78,3,56,"17:41:58","13:6:35"
78,4,25,"19:12:16","22:11:40"
78,5,94,"21:38:15","19:41:17"
79,1,85,"23:45:24","13:31:21"
79,2,15,"5:45:22","20:45:10"
79,3,47,"17:16:16","11:38:40"
79,4,90,"10:1:35","10:18:44"
79,5,69,"8:43:39","19:28:2"
80,1,29,"5:14:55","23:2:1"
80,2,62,"17:36:11","17:19:20"
80,3,55,"19:17:47","17:5:29"
80,4,96,"20:55:0","10:18:41"
80,5,91,"7:8:34","11:3:48"
81,1,29,"14:21:43","11:59:24"
81,2,66,"12:24:0","10:24:59"
81,3,65,"12:39:52","22:2:32"
81,4,80,"18:38:11","6:55:38"
81,5,86,"13:46:56","8:55:8"
82,1,25,"16:31:2","6:54:59"
82,2,40,"23:28:58","8:2:6"
82,3,9,"10:8:44","15:3:22"
82,4,48,"16:36:28","21:31:55"
82,5,67,"21:22:22","19:55:52"
83,1,84,"8:13:3","20:15:15"
83,2,18,"18:1:42","20:55:51"
83,3,33,"13:55:2","8:25:55"
83,4,73,"5:57:30","8:54:40"
83,5,55,"23:55:4","15:22:46"
84,1,75,"22:50:33","10:4:51"
84,2,85,"8:56:0","21:14:3"
84,3,64,"21:5:13","5:22:32"
84,4,25,"12:12:52","13:25:13"
84,5,12,"21:31:19","19:47:5"
85,1,77,"18:8:18","10:36:12"
85,2,9,"20:37:37","23:59:31"
85,3,87,"19:27:31","11:10:33"
85,4,39,"20:45:25","19:52:53"
85,5,53,"10:54:21","15:50:13"
86,1,69,"6:17:45","16:14:11"
86,2,51,"11:55:46","9:55:51"
86,3,18,"18:3:37","16:14:4"
86,4,7,"16:25:3","8:53:29"
86,5,39,"21:44:36","8:19:56"
87,1,75,"8:47:38","23:31:20"
87,2,55,"16:6:53","8:9:59"
87,3,96,"13:21:25","20:33:53"
87,4,54,"21:3:2","15:6:46"
87,5,79,"12:45:36","8:58:59"
88,1,51,"9:14:15","20:20:56"
88,2,30,"21:40:10","20:20:57"
88,3,85,"16:22:24","11:13:5"
88,4,82,"23:16:18","23:12:8"
88,5,5,"7:48:14","7:13:12"
89,1,77,"8:33:28","22:22:54"
89,2,27,"8:10:25","8:39:29"
89,3,8,"19:14:36","17:52:40"
89,4,49,"15:16:26","5:57:58"
89,5,72,"16:53:16","14:20:56"
90,1,44,"10:44:55","11:5:52"
90,2,87,"18:7:25","12:57:38"
90,3,35,"7:12:16","23:16:0"
90,4,25,"11:45:49","18:53:14"
90,5,5,"11:27:58","5:24:4"
91,1,6,"7:59:0","20:7:16"
91,2,84,"14:21:47","8:47:6"
91,3,79,"11:35:22","19:37:14"
91,4,74,"20:57:57","11:58:27"
91,5,100,"9:41:7","15:48:56"
92,1,99,"14:34:20","14:16:25"
92,2,25,"21:13:49","23:40:45"
92,3,86,"6:59:7","20:55:43"
92,4,2,"7:31:8","17:52:32"
92,5,75,"12:4:12","5:14:45"
93,1,90,"23:36:32","9:58:28"
93,2,85,"15:42:39","11:21:34"
93,3,23,"9:44:32","8:58:11"
93,4,86,"6:2:20","9:15:35"
93,5,60,"5:1:50","7:3:43"
94,1,25,"11:48:51","9:44:12"
94,2,61,"8:35:25","11:36:39"
94,3,76,"22:27:29","8:27:11"
94,4,69,"21:11:7","17:48:50"
94,5,49,"22:3:57","14:21:5"
95,1,73,"20:20:42","7:3:22"
95,2,98,"16:56:18","8:42:35"
95,3,95,"12:59:14","9:31:9"
95,4,47,"6:36:41","5:14:45"
95,5,24,"17:39:37","16:18:27"
96,1,74,"15:15:58","9:33:42"
96,2,49,"11:27:41","7:19:9"
96,3,88,"7:26:21","20:25:29"
96,4,21,"10:11:48","10:15:1"
96,5,87,"12:17:4","17:34:5"
97,1,66,"15:45:17","15:40:13"
97,2,15,"22:10:15","18:23:59"
97,3,27,"14:5:8","6:7:11"
97,4,33,"18:26:8","10:16:19"
97,5,66,"14:31:51","5:4:54"
98,1,98,"8:47:24","8:13:16"
98,2,82,"10:57:5","20:56:12"
98,3,76,"16:32:3","8:6:27"
98,4,14,"8:59:24","15:6:56"
98,5,58,"19:15:6","6:23:16"
99,1,15,"9:49:40","19:42:14"
99,2,48,"17:54:22","8:26:56"
99,3,7,"21:16:48","22:4:11"
99,4,60,"10:37:16","22:16:1"
99,5,69,"20:49:37","17:49:34"
100,1,84,"19:51:28","12:49:49"
100,2,33,"20:22:42","16:8:51"
100,3,89,"6:47:47","23:45:36"
100,4,6,"11:38:47","17:19:39"
100,5,65,"14:55:32","11:56:6"
101,1,16,"6:59:16","8:56:21"
101,2,38,"19:49:38","6:53:43"
101,3,44,"16:21:40","5:39:13"
101,4,2,"7:45:22","17:11:58"
101,5,90,"7:43:17","9:42:18"
102,1,2,"21:40:54","11:55:8"
102,2,4,"6:32:22","22:20:16"
102,3,14,"19:31:48","10:22:6"
102,4,35,"11:3:55","5:46:4"
102,5,38,"9:38:29","11:1:23"
103,1,13,"8:8:54","9:1:18"
103,2,21,"23:23:58","14:30:3"
103,3,99,"15:26:52","13:21:29"
103,4,62,"19:27:50","12:33:28"
103,5,16,"15:4:58","16:59:27"
104,1,33,"6:16:59","13:55:56"
104,2,3,"5:22:41","11:27:25"
104,3,28,"23:43:26","22:4:3"
104,4,47,"12:20:16","6:7:56"
104,5,74,"5:22:42","7:28:48"
105,1,81,"21:50:28","19:23:13"
105,2,63,"17:19:29","22:17:1"
105,3,100,"9:22:27","17:53:11"
105,4,68,"17:2:9","23:15:47"
105,5,88,"16:45:38","9:50:55"
106,1,4,"18:31:44","13:10:7"
106,2,11,"15:0:53","5:9:37"
106,3,85,"14:5:28","7:45:5"
106,4,67,"12:21:0","8:3:2"
106,5,49,"9:1:6","6:56:4"
107,1,11,"22:22:51","21:8:15"
107,2,48,"6:50:57","10:5:0"
107,3,14,"5:12:35","8:57:2"
107,4,60,"9:51:33","12:34:29"
107,5,56,"13:45:45","10:43:10"
108,1,62,"15:49:59","8:54:0"
108,2,6,"9:24:6","19:35:41"
108,3,100,"23:29:22","20:42:41"
108,4,90,"12:3:39","12:10:21"
108,5,42,"9:47:19","6:54:51"
109,1,99,"23:6:32","5:17:2"
109,2,72,"8:2:24","19:53:40"
109,3,10,"5:53:42","5:32:53"
109,4,36,"12:53:36","12:5:27"
109,5,83,"19:37:17","20:50:55"
110,1,49,"13:57:27","7:23:41"
110,2,84,"22:3:25","17:15:11"
110,3,57,"8:33:17","18:58:20"
110,4,71,"7:57:34","15:14:56"
110,5,75,"6:28:6","16:41:23"
111,1,13,"22:13:26","21:13:53"
111,2,2,"15:56:39","16:43:49"
111,3,78,"23:23:54","9:6:41"
111,4,6,"10:34:17","6:11:41"
111,5,89,"5:56:58","5:24:39"
112,1,3,"9:42:30","21:47:44"
112,2,54,"13:29:57","15:29:30"
112,3,10,"15:44:22","14:18:45"
112,4,27,"18:36:20","23:12:37"
112,5,72,"6:31:28","6:51:48"
113,1,54,"5:10:34","19:35:27"
113,2,95,"21:28:9","8:36:2"
113,3,16,"6:42:26","8:11:27"
113,4,75,"23:50:59","9:27:18"
113,5,55,"11:59:40","16:17:43"
114,1,17,"14:39:6","16:8:46"
114,2,4,"7:30:21","13:39:57"
114,3,56,"19:18:11","16:35:15"
114,4,50,"19:10:16","17:47:23"
114,5,59,"10:19:35","14:15:27"
115,1,51,"9:20:49","17:9:9"
115,2,13,"16:56:24","13:19:36"
115,3,94,"11:16:4","16:28:4"
115,4,3,"23:23:9","8:21:26"
115,5,30,"17:59:26","15:12:39"
116,1,100,"8:9:53","6:8:2"
116,2,25,"13:38:13","17:34:55"
116,3,31,"6:5:49","20:46:8"
116,4,86,"8:30:9","22:33:23"
116,5,47,"16:45:59","12:25:15"
117,1,7,"9:51:36","11:9:42"
117,2,98,"11:56:28","19:19:43"
117,3,19,"23:22:41","14:34:21"
117,4,23,"13:33:18","21:12:12"
117,5,73,"10:5:40","13:11:48"
118,1,17,"20:4:43","21:38:26"
118,2,12,"9:20:25","23:35:24"
118,3,70,"22:32:24","13:53:7"
118,4,88,"19:24:15","15:52:18"
118,5,47,"13:29:45","13:48:14"
119,1,61,"8:22:5","6:43:2"
119,2,73,"7:57:26","17:35:29"
119,3,63,"19:1:31","15:30:12"
119,4,69,"23:13:11","14:26:49"
119,5,96,"6:18:38","19:59:19"
120,1,84,"21:31:6","20:50:19"
120,2,41,"10:13:21","7:13:36"
120,3,61,"17:42:38","13:2:13"
120,4,23,"22:33:47","15:27:46"
120,5,71,"18:23:3","20:50:20"
121,1,29,"23:9:3","6:44:18"
121,2,23,"5:5:41","21:20:6"
121,3,5,"18:24:37","7:1:34"
121,4,85,"23:22:6","21:43:49"
121,5,31,"17:34:27","8:42:43"
122,1,86,"20:6:34","17:19:23"
122,2,9,"11:34:10","12:27:47"
122,3,83,"20:20:11","20:16:39"
122,4,66,"16:3:49","22:21:14"
122,5,73,"22:29:12","12:59:54"
123,1,62,"18:27:9","14:38:17"
123,2,21,"14:5:54","5:6:57"
123,3,6,"9:17:44","20:46:32"
123,4,32,"8:52:39","9:23:55"
123,5,18,"5:9:0","12:29:21"
124,1,78,"17:44:30","6:4:9"
124,2,22,"8:44:55","19:2:4"
124,3,18,"21:37:37","21:18:44"
124,4,24,"17:11:6","6:51:22"
124,5,9,"19:42:29","18:50:59"
125,1,94,"15:5:42","10:28:19"
125,2,47,"9:37:21","9:17:15"
125,3,83,"22:34:35","23:41:36"
125,4,36,"19:35:12","11:5:36"
125,5,63,"22:45:30","15:21:13"
126,1,59,"21:25:15","12:1:56"
126,2,76,"19:43:44","11:41:15"
126,3,25,"7:9:25","23:24:26"
126,4,77,"10:19:29","11:37:12"
126,5,47,"14:43:10","12:14:30"
127,1,35,"13:58:14","13:56:14"
127,2,93,"14:58:40","22:8:32"
127,3,63,"14:10:15","17:1:17"
127,4,66,"5:40:41","22:58:6"
127,5,23,"10:9:26","13:23:51"
128,1,35,"15:41:21","15:30:2"
128,2,93,"17:30:5","11:1:31"
128,3,51,"18:4:28","10:44:19"
128,4,96,"8:59:19","10:53:46"
128,5,41,"8:49:38","6:16:29"
129,1,31,"15:14:40","23:26:23"
129,2,70,"17:51:29","11:10:49"
129,3,33,"21:26:20","23:46:45"
129,4,71,"10:6:0","10:46:50"
129,5,3,"5:26:41","14:28:50"
130,1,47,"7:13:34","18:48:56"
130,2,100,"23:39:30","20:21:48"
130,3,35,"7:41:8","21:54:5"
130,4,75,"14:30:43","7:5:33"
130,5,45,"10:50:20","18:42:21"
131,1,42,"5:19:18","15:12:33"
131,2,80,"12:56:36","11:5:24"
131,3,44,"9:12:8","8:20:12"
131,4,7,"11:46:7","7:38:54"
131,5,37,"19:29:56","17:57:29"
132,1,40,"5:12:51","15:17:42"
132,2,93,"6:17:52","19:54:4"
132,3,91,"20:35:28","19:41:2"
132,4,15,"9:48:28","10:32:7"
132,5,58,"12:18:51","8:28:20"
133,1,75,"13:31:21","7:12:28"
133,2,46,"21:41:44","23:3:4"
133,3,82,"22:42:59","8:27:54"
133,4,85,"22:1:52","16:18:19"
133,5,50,"6:29:31","14:13:24"
134,1,52,"12:31:35","20:55:46"
134,2,18,"9:46:22","20:5:40"
134,3,29,"16:27:40","16:44:28"
134,4,27,"14:45:50","10:30:56"
134,5,89,"13:38:58","6:11:24"
135,1,86,"14:58:1","8:41:36"
135,2,27,"23:49:0","15:36:3"
135,3,98,"21:19:13","11:18:24"
135,4,2,"9:48:58","11:16:2"
135,5,92,"13:21:23","5:32:15"
136,1,74,"8:18:55","5:20:37"
136,2,22,"12:13:24","14:5:54"
136,3,39,"13:19:39","17:36:18"
136,4,40,"12:14:31","20:4:34"
136,5,78,"12:37:5","14:15:53"
137,1,98,"7:1:8","6:11:7"
137,2,85,"12:12:22","6:10:58"
137,3,84,"17:31:4","22:42:27"
137,4,14,"16:12:21","11:4:48"
137,5,7,"13:10:59","10:57:33"
138,1,86,"15:43:43","5:58:52"
138,2,53,"7:46:14","7:20:52"
138,3,69,"15:4:56","20:38:36"
138,4,32,"19:27:14","6:50:49"
138,5,4,"12:9:30","16:25:34"
139,1,65,"16:8:32","18:18:33"
139,2,89,"22:41:22","14:38:25"
139,3,14,"11:54:40","8:5:16"
139,4,5,"13:7:10","13:17:11"
139,5,86,"5:42:49","13:38:26"
140,1,92,"19:19:34","18:22:2"
140,2,26,"10:2:6","12:50:12"
140,3,59,"18:33:48","13:55:55"
140,4,81,"16:2:29","16:56:25"
140,5,76,"21:10:46","7:5:53"
141,1,67,"5:44:48","14:27:42"
141,2,72,"15:6:13","21:5:50"
141,3,12,"14:0:29","19:54:37"
141,4,23,"11:48:33","16:20:43"
141,5,64,"9:14:35","16:50:52"
142,1,25,"16:30:21","12:29:29"
142,2,91,"16:41:34","19:13:33"
142,3,27,"14:56:43","19:16:34"
142,4,93,"11:8:57","14:25:58"
142,5,82,"17:7:4","9:53:14"
143,1,57,"12:43:2","23:15:20"
143,2,95,"17:13:10","8:13:0"
143,3,62,"21:35:19","20:58:13"
143,4,15,"15:13:56","10:32:40"
143,5,8,"10:9:43","17:13:17"
144,1,78,"18:16:27","21:17:22"
144,2,5,"15:58:58","21:1:58"
144,3,30,"22:28:37","23:33:0"
144,4,85,"20:13:36","20:26:29"
144,5,16,"22:32:29","15:3:45"
145,1,95,"22:23:59","15:46:23"
145,2,82,"12:17:15","11:57:29"
145,3,84,"16:9:18","22:51:47"
145,4,82,"23:52:4","8:23:28"
145,5,3,"14:20:34","15:31:33"
146,1,46,"19:20:18","18:46:42"
146,2,1,"20:39:32","16:48:4"
146,3,77,"19:52:1","23:0:4"
146,4,17,"9:16:41","15:2:42"
146,5,68,"20:42:29","6:58:50"
147,1,97,"5:29:44","9:6:15"
147,2,92,"11:45:54","22:8:35"
147,3,22,"16:28:26","14:2:19"
147,4,56,"12:37:26","12:29:7"
147,5,88,"16:28:1","23:40:52"
148,1,9,"8:39:41","20:15:18"
148,2,89,"9:59:49","8:51:10"
148,3,80,"13:18:6","18:27:25"
148,4,47,"12:0:17","9:34:41"
148,5,51,"11:58:44","11:50:32"
149,1,94,"15:25:31","6:50:40"
149,2,26,"14:23:12","17:34:0"
149,3,79,"9:13:38","16:10:28"
149,4,66,"8:52:30","20:23:35"
149,5,34,"12:59:10","19:35:57"
150,1,39,"21:44:59","20:48:16"
150,2,51,"13:46:33","13:23:1"
150,3,76,"5:3:26","18:40:59"
150,4,96,"13:34:11","19:20:56"
150,5,70,"20:49:26","6:17:28"
151,1,44,"9:59:13","13:50:29"
151,2,93,"6:59:18","17:53:53"
151,3,67,"7:1:23","11:24:15"
151,4,84,"16:18:4","6:1:53"
151,5,36,"6:40:26","18:54:54"
152,1,8,"11:24:48","20:3:54"
152,2,72,"22:44:11","11:39:27"
152,3,53,"23:48:48","13:35:14"
152,4,61,"8:48:46","11:34:26"
152,5,10,"23:25:48","5:54:57"
153,1,100,"5:8:9","6:47:8"
153,2,77,"23:11:18","16:20:20"
153,3,51,"8:15:40","5:8:8"
153,4,20,"7:9:1","19:22:21"
153,5,70,"13:54:35","14:31:2"
154,1,62,"16:26:56","7:5:8"
154,2,84,"13:29:55","15:30:56"
154,3,59,"18:34:41","8:17:50"
154,4,6,"7:43:3","17:30:8"
154,5,86,"7:4:13","5:32:55"
155,1,54,"16:32:39","7:26:4"
155,2,25,"9:25:19","12:37:33"
155,3,89,"17:16:39","6:7:40"
155,4,99,"10:3:50","8:40:32"
155,5,26,"13:1:0","14:52:38"
156,1,16,"15:45:42","22:52:46"
156,2,18,"22:6:49","11:32:7"
156,3,9,"23:4:14","12:42:19"
156,4,13,"20:9:12","14:50:12"
156,5,97,"20:46:42","15:32:24"
157,1,56,"15:55:31","13:55:43"
157,2,73,"6:37:47","21:1:55"
157,3,95,"21:1:31","11:32:13"
157,4,24,"9:21:16","10:6:2"
157,5,48,"15:28:13","14:20:22"
158,1,32,"11:29:55","18:10:49"
158,2,93,"20:39:31","23:53:22"
158,3,31,"18:27:0","7:43:55"
158,4,96,"12:7:55","15:11:43"
158,5,99,"10:4:46","12:18:46"
159,1,14,"11:51:24","8:50:18"
159,2,24,"12:53:28","11:10:14"
159,3,31,"6:14:23","14:0:26"
159,4,66,"22:35:45","20:59:27"
159,5,21,"8:8:46","20:32:19"
160,1,15,"9:52:50","5:53:23"
160,2,45,"22:15:59","5:1:48"
160,3,84,"9:51:21","23:55:14"
160,4,12,"15:55:2","6:13:3"
160,5,81,"9:58:30","12:52:30"
161,1,65,"14:51:18","18:25:40"
161,2,81,"20:34:39","19:50:25"
161,3,37,"8:40:18","16:7:4"
161,4,44,"22:9:56","15:59:20"
161,5,44,"21:53:26","10:42:25"
162,1,91,"5:24:15","19:38:34"
162,2,81,"10:19:49","20:25:5"
162,3,18,"9:16:41","6:8:52"
162,4,82,"8:52:54","11:23:27"
162,5,19,"11:54:20","22:0:40"
163,1,31,"22:34:48","15:2:37"
163,2,68,"22:55:13","23:25:0"
163,3,32,"13:13:52","14:7:51"
163,4,15,"17:47:2","5:14:27"
163,5,23,"12:4:26","13:12:23"
164,1,27,"13:12:5","15:13:57"
164,2,59,"22:43:31","16:3:39"
164,3,61,"5:8:48","5:33:11"
164,4,26,"21:26:23","18:37:55"
164,5,96,"18:16:57","18:21:13"
165,1,65,"6:36:46","18:33:46"
165,2,98,"23:22:39","18:37:54"
165,3,74,"7:1:50","7:26:31"
165,4,58,"21:20:0","13:9:53"
165,5,12,"23:47:25","20:30:4"
166,1,86,"10:8:11","9:45:35"
166,2,88,"12:32:44","21:37:40"
166,3,26,"11:49:57","22:50:47"
166,4,93,"8:59:14","8:57:54"
166,5,13,"12:0:44","15:48:31"
167,1,37,"18:45:30","15:27:19"
167,2,4,"9:0:16","14:20:31"
167,3,65,"9:58:27","12:14:4"
167,4,44,"5:5:50","23:14:12"
167,5,30,"14:43:12","16:9:57"
168,1,48,"20:25:27","17:22:2"
168,2,82,"10:34:12","6:19:48"
168,3,86,"22:33:17","20:44:31"
168,4,76,"11:5:4","9:27:31"
168,5,50,"6:41:0","15:23:12"
169,1,53,"20:2:47","7:3:30"
169,2,16,"17:47:25","11:37:41"
169,3,28,"11:38:1","18:9:46"
169,4,56,"7:16:22","5:46:44"
169,5,41,"7:53:48","5:42:12"
170,1,20,"16:54:0","8:51:17"
170,2,36,"22:31:45","16:57:50"
170,3,23,"21:38:19","14:39:12"
170,4,82,"9:9:45","22:50:32"
170,5,66,"17:10:29","21:45:7"
171,1,63,"17:53:0","15:47:22"
171,2,35,"9:36:12","14:10:43"
171,3,96,"18:47:58","9:19:29"
171,4,74,"10:42:43","11:56:21"
171,5,63,"14:32:41","5:7:15"
172,1,72,"9:32:15","10:11:50"
172,2,95,"17:16:59","12:37:45"
172,3,36,"20:54:13","19:53:36"
172,4,14,"5:10:46","11:49:36"
172,5,8,"20:30:12","15:44:44"
173,1,57,"11:46:34","20:59:47"
173,2,30,"15:33:36","12:12:3"
173,3,93,"12:35:45","10:48:53"
173,4,78,"18:34:20","8:33:43"
173,5,40,"15:15:40","7:26:36"
174,1,33,"9:30:18","23:54:3"
174,2,83,"14:45:26","17:39:25"
174,3,56,"8:0:34","20:13:42"
174,4,98,"14:40:20","5:56:38"
174,5,65,"10:19:8","18:58:31"
175,1,53,"23:23:36","22:1:45"
175,2,64,"20:9:28","8:2:8"
175,3,17,"11:5:15","6:49:19"
175,4,58,"22:2:31","10:47:36"
175,5,18,"9:54:6","13:32:19"
176,1,58,"14:43:4","8:48:11"
176,2,62,"12:51:13","19:59:0"
176,3,73,"12:1:24","18:41:48"
176,4,98,"19:34:0","12:42:50"
176,5,93,"8:34:20","22:27:46"
177,1,76,"18:15:37","22:16:58"
177,2,83,"13:19:35","5:47:33"
177,3,54,"15:16:37","12:22:58"
177,4,65,"6:52:43","12:2:17"
177,5,61,"18:2:7","22:31:49"
178,1,39,"15:45:47","16:55:19"
178,2,92,"6:8:30","6:2:32"
178,3,89,"16:39:15","21:2:31"
178,4,91,"22:9:18","18:39:5"
178,5,43,"19:16:35","12:15:16"
179,1,42,"6:3:3","23:47:14"
179,2,75,"6:45:50","7:42:40"
179,3,100,"17:58:6","21:46:9"
179,4,83,"22:16:16","19:42:38"
179,5,14,"22:48:15","14:4:41"
180,1,51,"5:17:39","23:42:14"
180,2,74,"7:3:21","21:17:38"
180,3,79,"12:14:37","19:41:41"
180,4,75,"14:40:35","7:24:11"
180,5,21,"9:3:48","15:38:10"
181,1,41,"13:1:13","19:3:19"
181,2,85,"8:48:13","7:30:40"
181,3,42,"14:27:25","6:42:27"
181,4,88,"6:15:35","18:52:34"
181,5,6,"22:21:23","15:56:18"
182,1,50,"20:42:12","5:32:38"
182,2,11,"9:57:10","11:41:21"
182,3,43,"15:0:38","19:56:25"
182,4,30,"10:58:49","20:4:47"
182,5,13,"20:3:54","14:56:34"
183,1,21,"5:51:5","6:24:36"
183,2,83,"8:58:24","12:29:17"
183,3,65,"5:18:11","6:29:15"
183,4,52,"23:15:52","16:48:57"
183,5,25,"6:58:36","12:51:1"
184,1,39,"17:24:7","15:49:45"
184,2,20,"7:56:34","12:43:10"
184,3,86,"5:36:38","12:9:54"
184,4,75,"17:17:12","23:33:7"
184,5,67,"22:30:43","11:43:51"
185,1,48,"5:1:4","19:30:26"
185,2,62,"5:29:34","21:55:26"
185,3,93,"5:11:25","12:44:20"
185,4,10,"11:49:36","14:5:0"
185,5,44,"22:57:19","10:8:18"
186,1,94,"19:12:4","22:0:48"
186,2,36,"16:32:24","21:37:55"
186,3,41,"13:36:41","19:33:34"
186,4,7,"18:58:30","17:33:12"
186,5,65,"12:22:21","9:53:59"
187,1,38,"14:45:10","9:26:53"
187,2,48,"19:26:25","6:17:2"
187,3,47,"7:56:8","9:11:46"
187,4,93,"9:10:8","21:24:7"
187,5,63,"12:21:57","7:51:1"
188,1,34,"8:53:17","18:32:36"
188,2,19,"19:58:41","6:37:1"
188,3,90,"23:19:0","11:7:48"
188,4,87,"15:11:3","9:15:28"
188,5,72,"8:2:36","21:35:52"
189,1,30,"9:40:54","6:7:54"
189,2,44,"7:22:44","19:47:7"
189,3,87,"23:57:34","22:27:9"
189,4,33,"5:1:47","20:37:17"
189,5,32,"12:2:59","22:29:53"
190,1,48,"13:18:5","5:8:0"
190,2,3,"18:6:16","23:12:1"
190,3,4,"8:46:35","9:57:35"
190,4,60,"5:48:57","11:50:1"
190,5,80,"16:6:30","10:21:9"
191,1,97,"17:52:0","20:39:14"
191,2,88,"16:34:46","8:9:42"
191,3,34,"19:17:13","11:57:6"
191,4,19,"18:33:49","16:35:43"
191,5,25,"8:26:48","17:5:44"
192,1,8,"8:33:48","7:20:30"
192,2,36,"15:23:14","6:56:49"
192,3,46,"5:37:44","23:35:31"
192,4,19,"12:43:26","12:55:16"
192,5,9,"22:10:36","18:1:3"
193,1,8,"12:43:15","15:43:37"
193,2,72,"17:22:18","16:27:30"
193,3,62,"5:55:27","13:5:38"
193,4,61,"6:24:17","9:15:22"
193,5,2,"22:20:31","11:18:44"
194,1,54,"14:2:20","11:43:47"
194,2,33,"11:31:22","14:33:13"
194,3,41,"19:42:58","18:6:28"
194,4,62,"8:51:27","17:36:57"
194,5,74,"17:2:0","20:33:39"
195,1,21,"12:16:27","15:30:24"
195,2,65,"20:42:33","8:59:56"
195,3,60,"6:53:57","20:48:47"
195,4,58,"17:15:12","13:23:40"
195,5,77,"10:58:7","6:3:8"
196,1,53,"14:51:59","18:22:33"
196,2,25,"7:45:43","19:26:58"
196,3,36,"12:42:20","11:42:23"
196,4,44,"19:5:23","21:23:49"
196,5,47,"16:47:36","12:33:36"
197,1,44,"13:2:15","11:44:35"
197,2,77,"20:52:6","22:20:4"
197,3,6,"18:32:24","15:1:23"
197,4,47,"23:9:41","8:55:8"
197,5,90,"6:51:17","23:40:8"
198,1,91,"13:43:18","17:17:5"
198,2,7,"17:37:14","22:2:41"
198,3,69,"6:4:16","7:28:47"
198,4,39,"22:20:49","20:32:27"
198,5,72,"21:30:47","21:16:0"
199,1,63,"15:18:31","10:53:2"
199,2,5,"6:41:35","19:30:27"
199,3,91,"19:44:27","6:47:27"
199,4,88,"10:50:1","20:15:39"
199,5,68,"13:5:49","5:27:13"
200,1,35,"13:31:51","14:35:21"
200,2,78,"7:12:39","13:36:58"
200,3,74,"5:20:53","20:31:30"
200,4,70,"17:16:38","9:9:32"
200,5,68,"22:46:57","12:37:28"
201,1,38,"11:23:56","16:57:1"
201,2,53,"16:11:56","14:0:19"
201,3,29,"12:13:33","23:26:3"
201,4,78,"7:2:2","11:47:8"
201,5,86,"11:20:32","16:51:59"
202,1,37,"7:53:57","14:49:47"
202,2,18,"21:18:0","15:53:2"
202,3,35,"18:37:19","13:59:50"
202,4,12,"8:57:53","15:43:54"
202,5,13,"12:31:16","9:0:21"
203,1,20,"6:42:32","8:59:3"
203,2,78,"21:38:10","9:50:45"
203,3,77,"6:54:21","12:25:51"
203,4,30,"13:45:13","11:20:27"
203,5,63,"21:26:45","22:41:0"
204,1,89,"14:34:55","9:17:24"
204,2,29,"19:5:8","13:35:59"
204,3,24,"16:4:46","13:17:29"
204,4,47,"16:29:14","15:25:49"
204,5,9,"17:49:39","7:24:15"
205,1,56,"5:41:44","9:31:41"
205,2,57,"19:29:50","15:35:35"
205,3,56,"7:37:43","11:30:15"
205,4,78,"14:49:14","19:49:17"
205,5,57,"23:49:57","18:45:9"
206,1,57,"12:17:30","15:9:29"
206,2,16,"15:2:51","17:7:51"
206,3,15,"16:11:49","10:51:21"
206,4,89,"6:13:38","9:22:42"
206,5,53,"9:27:1","16:18:30"
207,1,45,"15:21:39","11:25:9"
207,2,51,"13:15:45","21:22:17"
207,3,15,"21:34:40","8:40:6"
207,4,53,"8:31:16","9:15:24"
207,5,46,"9:54:39","17:39:26"
208,1,46,"6:54:41","15:34:1"
208,2,79,"7:2:16","16:33:17"
208,3,96,"9:56:36","6:6:46"
208,4,49,"12:39:36","19:59:58"
208,5,67,"19:8:58","19:9:32"
209,1,2,"22:15:12","22:59:21"
209,2,21,"11:14:5","10:42:3"
209,3,100,"14:14:5","15:23:43"
209,4,49,"9:58:22","8:55:56"
209,5,86,"9:6:24","22:7:58"
210,1,36,"6:27:14","20:8:9"
210,2,84,"9:9:30","16:59:57"
210,3,88,"5:41:49","17:50:44"
210,4,39,"15:43:48","11:21:47"
210,5,14,"16:37:39","8:19:5"
211,1,34,"18:37:43","20:40:10"
211,2,65,"10:47:14","5:41:42"
211,3,13,"6:40:14","8:7:18"
211,4,15,"12:45:55","5:38:57"
211,5,61,"20:53:34","17:49:4"
212,1,62,"20:30:38","21:43:23"
212,2,15,"9:42:51","8:24:20"
212,3,54,"15:32:39","12:21:8"
212,4,18,"12:44:1","18:29:43"
212,5,85,"20:58:29","15:53:31"
213,1,42,"14:31:10","13:38:37"
213,2,99,"15:30:41","14:47:11"
213,3,71,"18:5:16","21:40:27"
213,4,19,"21:19:11","19:21:35"
213,5,75,"23:16:51","23:16:51"
214,1,34,"16:11:17","13:11:1"
214,2,80,"22:55:3","20:27:21"
214,3,19,"12:16:12","5:40:37"
214,4,7,"5:11:36","12:8:59"
214,5,65,"20:40:2","12:53:34"
215,1,53,"16:59:28","7:55:10"
215,2,72,"22:6:0","19:40:50"
215,3,74,"8:29:20","15:34:0"
215,4,62,"10:30:37","23:27:32"
215,5,30,"14:20:53","21:19:35"
216,1,77,"17:19:19","13:14:37"
216,2,40,"14:5:12","15:8:36"
216,3,60,"20:59:27","8:0:3"
216,4,5,"15:27:46","10:25:32"
216,5,48,"9:6:30","23:38:1"
217,1,39,"20:4:49","6:44:38"
217,2,97,"22:58:32","19:19:27"
217,3,36,"9:40:28","19:29:22"
217,4,4,"20:46:23","22:47:17"
217,5,12,"7:55:30","6:45:40"
218,1,22,"10:34:28","16:12:9"
218,2,34,"6:54:8","17:55:37"
218,3,15,"5:57:36","22:20:42"
218,4,98,"15:36:1","14:4:41"
218,5,97,"20:23:0","23:36:35"
219,1,8,"6:5:17","20:19:46"
219,2,48,"15:22:3","6:32:23"
219,3,20,"5:29:36","8:46:25"
219,4,82,"7:28:14","23:4:59"
219,5,53,"14:27:13","7:20:50"
220,1,99,"14:23:14","15:9:30"
220,2,40,"5:17:14","12:24:54"
220,3,20,"23:38:49","15:39:55"
220,4,51,"18:31:35","19:37:26"
220,5,40,"22:43:19","14:32:52"
221,1,89,"7:1:16","15:51:12"
221,2,26,"14:55:1","20:5:1"
221,3,78,"5:25:55","10:46:31"
221,4,76,"20:1:46","9:41:21"
221,5,65,"21:1:30","9:30:50"
222,1,23,"17:53:57","19:17:15"
222,2,87,"14:32:55","23:44:16"
222,3,19,"12:42:45","15:5:59"
222,4,78,"9:44:57","7:11:54"
222,5,85,"21:51:8","8:7:38"
223,1,51,"6:58:6","11:56:18"
223,2,55,"22:15:4","15:13:14"
223,3,46,"19:24:59","19:2:58"
223,4,20,"15:30:57","15:11:42"
223,5,52,"13:4:31","10:51:16"
224,1,7,"7:45:49","20:20:11"
224,2,45,"5:19:16","18:21:31"
224,3,11,"16:3:56","16:31:6"
224,4,64,"22:44:0","6:55:14"
224,5,83,"7:48:8","10:28:32"
225,1,51,"13:44:43","11:34:16"
225,2,64,"9:35:10","21:22:30"
225,3,32,"8:21:40","17:25:28"
225,4,57,"21:37:38","18:32:35"
225,5,80,"13:16:57","20:34:55"
226,1,40,"19:42:17","23:35:50"
226,2,64,"7:28:54","16:6:57"
226,3,34,"8:5:17","13:19:47"
226,4,74,"21:35:59","5:21:42"
226,5,18,"6:43:44","15:22:40"
227,1,77,"12:40:0","23:18:14"
227,2,39,"20:58:12","21:30:34"
227,3,7,"18:32:11","19:0:46"
227,4,37,"23:4:18","10:25:56"
227,5,65,"8:50:15","14:17:31"
228,1,61,"12:10:45","6:51:55"
228,2,36,"23:18:6","14:29:47"
228,3,2,"16:33:7","13:20:51"
228,4,10,"18:38:1","8:19:53"
228,5,44,"10:7:42","6:18:17"
229,1,88,"17:48:23","16:0:34"
229,2,98,"8:50:18","15:37:54"
229,3,88,"8:55:50","11:37:33"
229,4,31,"9:26:50","12:14:26"
229,5,35,"19:59:21","7:7:12"
230,1,14,"13:21:59","11:33:58"
230,2,92,"7:26:42","5:37:43"
230,3,45,"10:49:7","12:54:10"
230,4,96,"10:5:37","15:33:30"
230,5,10,"12:13:37","20:15:28"
231,1,100,"10:25:37","23:2:32"
231,2,10,"10:16:35","13:17:58"
231,3,41,"6:41:4","8:35:4"
231,4,1,"19:4:14","18:43:49"
231,5,35,"10:11:20","20:20:7"
232,1,88,"20:37:2","20:51:32"
232,2,91,"6:49:32","6:6:56"
232,3,90,"21:53:45","6:14:42"
232,4,30,"10:53:2","23:33:50"
232,5,5,"9:28:42","21:22:12"
233,1,6,"13:46:15","11:37:45"
233,2,31,"13:48:6","22:48:18"
233,3,68,"11:7:34","17:20:26"
233,4,47,"6:21:50","21:59:3"
233,5,100,"20:3:18","13:43:18"
234,1,80,"11:44:15","16:43:51"
234,2,52,"7:25:12","9:12:55"
234,3,47,"21:0:13","16:13:14"
234,4,30,"7:5:45","22:23:23"
234,5,85,"9:23:10","12:5:50"
235,1,35,"11:5:10","16:57:2"
235,2,61,"6:39:2","9:29:11"
235,3,85,"14:10:20","6:49:17"
235,4,70,"23:4:16","9:43:57"
235,5,48,"22:20:14","19:30:21"
236,1,75,"21:29:41","15:40:14"
236,2,22,"20:20:41","15:14:44"
236,3,28,"6:29:52","21:27:17"
236,4,79,"15:14:33","20:49:49"
236,5,83,"19:15:36","22:41:20"
237,1,47,"23:35:53","22:24:53"
237,2,95,"11:28:52","16:59:6"
237,3,30,"10:12:19","20:30:21"
237,4,80,"18:12:0","23:41:25"
237,5,95,"9:17:22","15:45:9"
238,1,68,"21:38:55","9:17:28"
238,2,88,"15:2:40","12:6:9"
238,3,7,"21:56:22","23:2:23"
238,4,51,"10:34:37","9:7:21"
238,5,82,"11:53:55","6:15:23"
239,1,71,"23:17:27","22:44:53"
239,2,33,"14:53:9","16:41:50"
239,3,70,"10:32:10","5:34:43"
239,4,32,"18:54:12","13:15:5"
239,5,31,"10:12:36","18:29:28"
240,1,34,"14:5:40","5:52:3"
240,2,34,"19:59:2","21:44:9"
240,3,29,"9:13:13","21:9:27"
240,4,57,"14:58:21","14:50:33"
240,5,36,"17:26:20","22:51:8"
241,1,41,"7:37:49","21:42:5"
241,2,34,"12:16:26","23:0:0"
241,3,87,"12:39:47","9:22:14"
241,4,61,"23:34:37","19:18:33"
241,5,56,"16:17:49","6:37:50"
242,1,100,"15:11:2","8:5:50"
242,2,72,"9:0:19","6:44:25"
242,3,21,"17:59:25","13:36:18"
242,4,26,"10:7:17","14:39:29"
242,5,94,"8:1:1","11:15:0"
243,1,53,"19:10:26","19:49:5"
243,2,17,"11:6:29","6:16:58"
243,3,73,"17:22:14","9:49:33"
243,4,64,"9:31:32","11:53:41"
243,5,98,"22:17:29","8:31:11"
244,1,15,"7:20:44","15:15:54"
244,2,91,"10:51:4","5:43:52"
244,3,88,"8:52:18","13:41:5"
244,4,29,"19:13:15","12:27:5"
244,5,25,"18:50:9","19:58:49"
245,1,31,"23:11:44","23:7:33"
245,2,12,"14:41:52","12:15:48"
245,3,56,"12:39:51","22:40:15"
245,4,55,"7:2:9","23:26:14"
245,5,33,"9:47:4","12:30:38"
246,1,48,"20:34:0","19:3:38"
246,2,74,"23:9:7","12:6:5"
246,3,18,"20:33:38","10:21:40"
246,4,50,"17:44:35","19:27:28"
246,5,69,"22:39:41","5:3:26"
247,1,36,"9:9:40","10:8:45"
247,2,84,"18:1:31","17:50:41"
247,3,60,"19:17:20","10:12:37"
247,4,38,"6:35:47","20:51:57"
247,5,2,"7:44:13","16:24:45"
248,1,62,"12:16:33","23:3:49"
248,2,54,"23:50:42","9:4:49"
248,3,56,"10:10:52","18:0:32"
248,4,98,"16:35:33","18:19:22"
248,5,35,"21:41:34","18:2:55"
249,1,9,"6:26:31","6:25:0"
249,2,68,"10:6:30","8:34:59"
249,3,34,"9:37:8","17:16:26"
249,4,55,"20:35:34","11:22:1"
249,5,92,"8:54:49","5:25:19"
250,1,73,"12:18:32","9:10:12"
250,2,30,"22:40:2","7:28:44"
250,3,26,"14:40:50","12:17:1"
250,4,100,"7:23:22","19:26:47"
250,5,93,"15:16:19","7:38:55"
251,1,96,"15:53:41","5:58:52"
251,2,34,"15:36:12","17:57:5"
251,3,48,"14:27:40","7:59:53"
251,4,32,"7:43:16","22:54:12"
251,5,56,"13:13:19","9:33:37"
252,1,87,"13:12:29","12:32:41"
252,2,71,"10:1:39","15:31:23"
252,3,13,"22:51:7","17:16:38"
252,4,52,"7:54:55","7:24:6"
252,5,91,"23:33:34","13:10:16"
253,1,18,"15:28:32","13:33:15"
253,2,14,"20:12:52","7:15:21"
253,3,9,"9:32:0","11:58:57"
253,4,78,"23:44:21","20:58:11"
253,5,38,"12:31:22","17:13:29"
254,1,68,"9:20:11","21:45:40"
254,2,70,"18:18:0","17:44:23"
254,3,31,"6:58:1","7:14:55"
254,4,75,"18:34:24","22:37:25"
254,5,92,"15:59:34","12:18:1"
255,1,17,"13:5:43","16:0:20"
255,2,43,"9:52:53","10:49:41"
255,3,92,"5:34:24","14:6:56"
255,4,56,"5:7:30","14:27:28"
255,5,82,"6:32:25","10:32:43"
256,1,95,"19:26:35","13:8:37"
256,2,25,"15:49:51","22:42:25"
256,3,37,"6:14:49","8:10:9"
256,4,54,"12:14:0","8:7:1"
256,5,54,"23:19:17","19:21:54"
257,1,45,"10:38:14","6:27:24"
257,2,39,"7:11:0","7:28:7"
257,3,46,"8:43:4","20:54:2"
257,4,49,"15:49:22","17:35:34"
257,5,20,"23:29:22","7:6:47"
258,1,99,"9:53:34","16:7:24"
258,2,88,"22:24:35","12:45:29"
258,3,59,"6:31:53","12:29:0"
258,4,2,"13:22:18","15:33:59"
258,5,48,"10:42:59","6:19:34"
259,1,56,"9:56:47","23:4:3"
259,2,10,"14:32:57","6:56:16"
259,3,52,"17:56:8","5:9:37"
259,4,29,"7:13:12","17:22:40"
259,5,10,"14:6:57","6:17:11"
260,1,4,"22:51:34","12:22:25"
260,2,75,"14:46:52","14:8:17"
260,3,63,"14:53:11","20:15:34"
260,4,5,"23:59:3","20:18:48"
260,5,80,"20:37:30","14:38:46"
261,1,29,"13:3:26","9:9:20"
261,2,30,"18:42:53","11:54:31"
261,3,15,"16:40:14","12:58:20"
261,4,53,"20:50:52","6:35:58"
261,5,2,"6:10:58","9:15:16"
262,1,3,"9:59:48","14:33:15"
262,2,95,"9:15:46","22:21:17"
262,3,57,"5:48:57","15:28:24"
262,4,62,"8:24:50","6:18:33"
262,5,93,"7:32:30","9:15:3"
263,1,51,"5:25:7","16:35:7"
263,2,16,"23:9:39","8:39:3"
263,3,45,"9:29:5","6:42:59"
263,4,31,"14:54:45","21:0:17"
263,5,96,"7:43:15","21:19:41"
264,1,34,"22:39:33","9:5:49"
264,2,71,"9:39:47","8:6:8"
264,3,13,"14:57:30","16:18:18"
264,4,57,"10:0:52","13:15:25"
264,5,2,"21:51:45","23:53:49"
265,1,74,"9:17:13","8:10:59"
265,2,12,"13:1:18","5:12:21"
265,3,45,"8:59:28","13:8:22"
265,4,26,"7:13:46","15:18:30"
265,5,16,"10:20:15","22:17:59"
266,1,13,"13:25:18","11:53:14"
266,2,28,"12:4:16","7:59:12"
266,3,74,"13:26:19","11:50:47"
266,4,75,"7:32:45","9:57:19"
266,5,28,"9:22:23","11:0:57"
267,1,17,"13:56:51","18:8:43"
267,2,18,"20:34:3","21:44:49"
267,3,70,"9:9:12","11:41:10"
267,4,25,"18:38:3","9:56:14"
267,5,22,"6:2:5","13:7:37"
268,1,39,"20:36:55","15:50:15"
268,2,66,"12:59:8","7:27:23"
268,3,51,"5:54:23","17:37:6"
268,4,17,"6:6:49","5:1:39"
268,5,48,"16:6:18","22:30:59"
269,1,89,"19:41:29","17:31:26"
269,2,52,"10:28:15","10:21:16"
269,3,11,"5:35:16","12:14:37"
269,4,36,"7:26:36","8:29:53"
269,5,78,"10:44:44","20:31:30"
270,1,73,"7:57:4","19:29:49"
270,2,38,"10:11:36","13:17:34"
270,3,30,"16:33:55","23:17:31"
270,4,89,"15:35:50","16:55:28"
270,5,80,"7:44:57","23:25:4"
271,1,56,"10:27:31","11:4:47"
271,2,55,"16:15:42","7:20:14"
271,3,54,"15:30:14","13:31:36"
271,4,54,"16:22:29","17:18:57"
271,5,3,"23:46:21","14:23:14"
272,1,88,"20:38:16","13:6:40"
272,2,43,"12:2:54","11:43:53"
272,3,41,"8:12:30","13:22:9"
272,4,4,"9:54:0","7:9:41"
272,5,24,"8:11:39","19:47:37"
273,1,64,"20:33:42","7:54:27"
273,2,78,"17:59:45","5:32:47"
273,3,65,"22:47:8","15:58:6"
273,4,51,"14:44:55","13:19:13"
273,5,73,"9:17:45","19:55:59"
274,1,3,"23:13:12","5:12:49"
274,2,95,"15:48:41","22:9:4"
274,3,65,"17:36:12","18:3:24"
274,4,89,"17:38:35","16:41:14"
274,5,92,"19:15:47","17:8:43"
275,1,38,"10:28:1","22:9:7"
275,2,25,"16:2:6","22:38:21"
275,3,11,"16:24:2","23:18:22"
275,4,54,"23:13:31","17:1:39"
275,5,1,"16:51:11","14:18:38"
276,1,28,"14:22:0","8:9:43"
276,2,15,"15:22:1","9:50:19"
276,3,47,"15:45:1","6:12:32"
276,4,37,"21:19:24","9:42:5"
276,5,82,"17:54:29","14:23:3"
277,1,64,"7:35:59","20:49:6"
277,2,59,"16:17:42","19:40:47"
277,3,24,"21:19:52","12:10:38"
277,4,30,"16:26:12","16:56:20"
277,5,84,"13:59:27","21:48:54"
278,1,25,"13:10:9","15:34:7"
278,2,31,"18:40:35","6:5:3"
278,3,97,"7:27:55","14:24:15"
278,4,17,"5:2:2","14:20:19"
278,5,47,"14:4:59","7:38:7"
279,1,58,"12:25:53","21:26:34"
279,2,27,"13:31:51","13:22:9"
279,3,65,"19:15:41","22:43:24"
279,4,1,"18:16:35","23:55:14"
279,5,40,"23:52:32","17:52:15"
280,1,36,"13:49:40","23:9:34"
280,2,80,"6:11:15","7:35:54"
280,3,63,"17:25:58","8:41:9"
280,4,53,"19:45:43","14:5:53"
280,5,87,"10:28:50","18:58:55"
281,1,71,"16:5:28","19:20:24"
281,2,87,"16:47:50","7:43:51"
281,3,2,"23:34:38","22:21:29"
281,4,66,"8:14:57","21:23:23"
281,5,100,"17:46:21","17:27:16"
282,1,24,"14:26:38","22:43:12"
282,2,84,"21:55:4","8:9:22"
282,3,57,"12:59:5","15:0:31"
282,4,4,"20:35:30","14:26:43"
282,5,97,"16:59:22","9:12:35"
283,1,40,"5:34:40","22:31:23"
283,2,52,"9:13:42","17:44:26"
283,3,58,"16:55:55","10:13:27"
283,4,58,"11:42:42","22:6:37"
283,5,40,"12:45:3","21:41:16"
284,1,18,"23:14:27","21:13:53"
284,2,16,"21:33:45","15:18:30"
284,3,5,"8:5:41","20:3:0"
284,4,88,"8:40:26","15:24:7"
284,5,57,"8:17:5","6:40:31"
285,1,63,"19:58:1","13:15:53"
285,2,30,"11:7:53","23:21:49"
285,3,53,"7:22:15","11:17:41"
285,4,20,"18:56:31","6:54:53"
285,5,2,"16:45:22","18:49:22"
286,1,54,"23:39:19","10:10:58"
286,2,70,"10:50:46","10:51:58"
286,3,59,"13:45:17","13:58:10"
286,4,25,"20:13:11","13:37:51"
286,5,74,"10:32:41","13:47:43"
287,1,7,"19:11:42","23:2:23"
287,2,4,"7:43:37","20:44:9"
287,3,89,"12:50:52","18:24:18"
287,4,20,"7:57:9","20:7:3"
287,5,2,"5:12:8","13:49:15"
288,1,20,"15:15:2","15:50:5"
288,2,4,"12:32:12","15:58:32"
288,3,85,"23:47:39","11:5:0"
288,4,91,"8:38:54","14:31:1"
288,5,68,"5:54:48","6:12:27"
289,1,37,"5:28:9","10:54:25"
289,2,44,"13:49:7","8:59:18"
289,3,64,"20:28:48","16:16:35"
289,4,56,"8:48:2","6:8:58"
289,5,84,"22:12:26","20:58:44"
290,1,61,"10:55:46","9:31:46"
290,2,20,"12:23:23","19:11:39"
290,3,47,"13:45:35","22:34:18"
290,4,75,"11:41:21","5:22:15"
290,5,87,"16:30:23","19:23:34"
291,1,4,"17:6:12","11:42:7"
291,2,33,"15:14:44","8:16:54"
291,3,44,"9:54:45","20:2:23"
291,4,79,"11:40:40","23:21:33"
291,5,22,"9:13:16","11:21:35"
292,1,30,"18:50:58","7:44:17"
292,2,69,"21:58:24","23:22:28"
292,3,93,"21:17:25","6:31:14"
292,4,17,"20:55:21","9:18:29"
292,5,42,"10:28:41","10:24:37"
293,1,63,"5:11:23","22:33:34"
293,2,46,"14:22:12","15:5:20"
293,3,63,"20:33:10","8:59:55"
293,4,82,"14:45:7","23:20:1"
293,5,21,"18:22:24","9:11:34"
294,1,74,"16:20:59","12:32:25"
294,2,77,"8:11:38","6:7:31"
294,3,65,"16:31:25","9:6:52"
294,4,43,"15:37:42","7:2:50"
294,5,80,"9:33:42","18:6:48"
295,1,56,"6:29:31","12:27:56"
295,2,48,"10:0:35","19:14:39"
295,3,76,"14:44:46","18:34:40"
295,4,46,"11:21:4","6:55:38"
295,5,83,"19:14:54","11:49:49"
296,1,86,"23:24:23","21:28:19"
296,2,70,"9:46:46","9:2:18"
296,3,70,"17:49:36","22:22:13"
296,4,100,"10:1:54","10:26:46"
296,5,98,"6:39:28","13:13:38"
297,1,90,"18:11:34","6:18:13"
297,2,76,"23:35:36","11:9:17"
297,3,37,"23:52:57","12:56:55"
297,4,52,"12:3:35","6:59:43"
297,5,49,"18:35:11","22:58:18"
298,1,14,"15:35:31","19:18:5"
298,2,67,"14:41:12","13:57:25"
298,3,79,"16:30:45","10:2:21"
298,4,29,"16:37:30","22:20:44"
298,5,54,"14:28:24","15:13:2"
299,1,58,"17:44:56","9:56:41"
299,2,92,"19:27:50","19:23:51"
299,3,51,"10:3:50","11:34:10"
299,4,25,"9:36:46","20:4:48"
299,5,42,"14:50:43","19:36:2"
300,1,75,"5:2:3","11:8:36"
300,2,58,"14:18:49","13:51:18"
300,3,31,"5:36:58","11:15:53"
300,4,11,"19:20:21","6:42:16"
300,5,30,"12:43:11","22:27:13"
301,1,82,"6:5:55","7:21:39"
301,2,89,"8:31:4","8:50:35"
301,3,59,"22:37:48","9:47:18"
301,4,21,"14:37:0","7:19:18"
301,5,56,"7:29:11","6:11:13"
302,1,44,"6:12:26","16:45:2"
302,2,11,"9:38:5","21:39:28"
302,3,74,"6:38:33","22:35:44"
302,4,16,"19:6:7","12:31:27"
302,5,78,"17:58:19","14:21:14"
303,1,83,"21:15:47","13:52:18"
303,2,54,"7:41:57","11:14:17"
303,3,51,"22:31:56","8:9:28"
303,4,62,"15:36:56","7:14:54"
303,5,93,"10:56:14","7:27:38"
304,1,27,"5:30:30","9:48:22"
304,2,31,"22:23:8","20:51:2"
304,3,88,"11:42:15","9:44:14"
304,4,68,"19:21:30","16:33:20"
304,5,26,"23:58:15","23:43:20"
305,1,41,"13:43:12","19:13:2"
305,2,16,"10:41:35","21:53:24"
305,3,98,"5:39:3","16:58:19"
305,4,23,"8:22:50","10:52:47"
305,5,15,"20:14:36","19:59:4"
306,1,48,"18:46:54","23:12:37"
306,2,65,"6:26:55","17:0:1"
306,3,13,"21:3:26","12:36:6"
306,4,36,"7:12:41","19:44:56"
306,5,28,"14:32:45","22:19:57"
307,1,1,"21:7:42","23:42:13"
307,2,34,"8:47:16","11:9:7"
307,3,31,"17:8:42","13:59:9"
307,4,89,"6:33:39","15:43:22"
307,5,89,"7:53:33","5:18:10"
308,1,34,"13:44:13","14:36:48"
308,2,94,"16:57:3","8:34:19"
308,3,11,"22:29:34","8:10:59"
308,4,11,"8:31:48","16:55:0"
308,5,14,"22:57:44","16:55:40"
309,1,65,"11:31:20","17:39:21"
309,2,30,"15:46:50","23:33:54"
309,3,72,"12:40:22","11:36:11"
309,4,34,"20:58:2","18:26:35"
309,5,74,"17:28:34","5:21:11"
310,1,77,"8:8:23","18:58:20"
310,2,22,"17:10:16","16:15:33"
310,3,94,"6:48:49","17:48:23"
310,4,60,"19:21:56","19:38:51"
310,5,92,"15:6:22","23:12:31"
311,1,56,"14:54:46","16:28:26"
311,2,72,"23:21:6","10:5:23"
311,3,16,"5:58:17","13:40:24"
311,4,18,"6:5:36","9:16:50"
311,5,78,"9:45:56","17:9:17"
312,1,94,"15:35:40","22:50:41"
312,2,72,"17:52:26","21:18:27"
312,3,14,"17:19:57","20:3:7"
312,4,29,"7:56:36","21:47:22"
312,5,39,"9:52:46","22:49:2"
313,1,32,"23:47:13","19:17:23"
313,2,52,"13:3:43","23:42:11"
313,3,68,"6:39:46","7:17:24"
313,4,67,"7:51:31","8:58:32"
313,5,87,"13:36:0","9:6:24"
314,1,99,"12:12:37","13:34:38"
314,2,92,"7:57:39","6:40:31"
314,3,24,"22:20:3","5:6:44"
314,4,84,"18:34:13","16:16:59"
314,5,95,"7:55:42","15:13:54"
315,1,49,"22:0:23","10:38:59"
315,2,81,"11:26:35","12:5:10"
315,3,9,"12:34:58","6:41:37"
315,4,45,"18:20:3","22:3:10"
315,5,77,"9:48:2","6:37:15"
316,1,17,"10:34:18","18:45:21"
316,2,73,"11:59:22","22:36:54"
316,3,91,"6:15:7","8:51:0"
316,4,76,"5:39:39","22:24:17"
316,5,14,"18:15:22","9:45:31"
317,1,5,"11:10:18","10:54:3"
317,2,58,"11:5:19","21:47:2"
317,3,77,"12:35:58","9:22:14"
317,4,82,"16:33:28","17:8:31"
317,5,3,"9:32:24","11:7:10"
318,1,8,"18:15:47","19:2:33"
318,2,67,"11:16:52","11:19:22"
318,3,94,"7:37:21","21:38:39"
318,4,63,"17:54:39","23:34:51"
318,5,19,"21:47:46","14:49:9"
319,1,7,"11:39:26","12:41:28"
319,2,72,"23:26:48","19:42:55"
319,3,71,"15:11:4","14:11:38"
319,4,39,"21:56:54","20:29:12"
319,5,64,"15:46:52","22:33:41"
320,1,19,"19:18:0","22:59:4"
320,2,20,"18:42:27","17:38:32"
320,3,24,"21:3:10","21:16:31"
320,4,49,"7:31:38","5:15:17"
320,5,25,"6:54:16","13:15:6"
321,1,36,"15:35:17","18:33:33"
321,2,29,"7:19:36","17:50:5"
321,3,21,"10:49:20","13:45:53"
321,4,87,"6:0:30","10:30:51"
321,5,30,"14:16:43","16:50:0"
322,1,21,"10:33:48","20:11:57"
322,2,46,"17:31:18","6:19:9"
322,3,78,"23:26:30","7:7:10"
322,4,12,"16:3:51","6:41:39"
322,5,86,"13:6:48","10:59:23"
323,1,11,"8:3:10","18:21:17"
323,2,64,"11:18:59","23:26:9"
323,3,86,"21:44:2","14:59:12"
323,4,63,"10:0:43","8:42:51"
323,5,95,"8:17:33","5:46:39"
324,1,17,"6:46:28","10:20:6"
324,2,92,"21:58:14","6:36:29"
324,3,97,"17:55:38","13:44:7"
324,4,65,"7:45:45","18:48:36"
324,5,83,"20:30:59","17:31:5"
325,1,46,"20:55:17","19:10:29"
325,2,15,"14:33:20","14:43:14"
325,3,35,"14:15:4","19:18:55"
325,4,57,"18:28:25","14:30:26"
325,5,3,"13:11:10","21:2:18"
326,1,5,"6:16:48","20:45:58"
326,2,55,"13:51:27","9:29:19"
326,3,67,"11:45:17","22:50:14"
326,4,58,"20:58:49","22:31:3"
326,5,53,"16:48:13","21:36:11"
327,1,20,"22:34:48","22:53:32"
327,2,18,"17:15:39","13:19:24"
327,3,60,"11:7:31","14:58:52"
327,4,100,"8:34:20","10:18:57"
327,5,39,"23:20:38","19:58:44"
328,1,11,"17:57:11","22:45:49"
328,2,94,"22:32:28","7:8:50"
328,3,19,"21:1:34","19:2:57"
328,4,60,"22:50:56","5:14:43"
328,5,40,"22:16:20","18:44:49"
329,1,67,"18:20:3","9:8:4"
329,2,94,"6:1:53","8:7:15"
329,3,9,"15:1:5","18:16:14"
329,4,34,"14:32:22","17:12:16"
329,5,10,"14:41:45","10:58:33"
330,1,76,"10:21:26","18:17:32"
330,2,71,"18:32:31","10:51:32"
330,3,51,"5:0:37","9:57:58"
330,4,99,"17:11:6","22:17:35"
330,5,79,"16:6:42","5:23:56"
331,1,5,"9:52:42","15:4:28"
331,2,87,"21:57:59","6:30:35"
331,3,90,"19:25:50","6:4:54"
331,4,61,"9:26:39","15:35:0"
331,5,76,"15:37:15","23:46:29"
332,1,60,"21:22:36","12:22:20"
332,2,15,"20:49:31","12:23:42"
332,3,71,"13:18:36","23:8:43"
332,4,67,"22:9:42","15:30:59"
332,5,68,"22:12:52","5:43:54"
333,1,81,"18:2:12","14:52:14"
333,2,9,"11:11:20","20:20:43"
333,3,41,"16:16:32","23:49:10"
333,4,88,"7:48:21","11:53:37"
333,5,70,"13:18:6","15:28:45"
334,1,12,"13:18:49","13:12:11"
334,2,98,"21:29:21","18:7:43"
334,3,29,"17:39:36","13:52:41"
334,4,90,"22:34:31","11:28:31"
334,5,44,"21:50:16","5:19:22"
335,1,71,"15:22:23","20:5:42"
335,2,88,"10:0:16","8:39:0"
335,3,54,"13:50:7","14:50:57"
335,4,27,"20:46:42","20:2:6"
335,5,52,"23:1:49","23:8:11"
336,1,59,"10:37:17","14:32:54"
336,2,76,"15:18:25","11:48:22"
336,3,32,"11:31:0","18:31:35"
336,4,25,"21:43:44","17:18:32"
336,5,54,"16:47:33","5:56:48"
337,1,40,"7:59:28","18:40:34"
337,2,6,"23:44:46","11:48:37"
337,3,98,"18:10:5","8:43:41"
337,4,97,"15:22:19","14:56:14"
337,5,28,"22:55:1","18:1:49"
338,1,90,"5:39:0","7:42:18"
338,2,6,"16:3:39","14:16:24"
338,3,67,"10:11:15","13:17:45"
338,4,96,"20:6:0","14:53:19"
338,5,98,"14:7:54","9:14:23"
339,1,39,"20:21:13","20:32:50"
339,2,65,"18:42:5","8:39:48"
339,3,52,"5:29:5","23:2:24"
339,4,22,"14:40:21","21:26:22"
339,5,48,"21:30:5","20:10:44"
340,1,21,"6:27:29","13:24:22"
340,2,68,"5:59:22","20:10:29"
340,3,47,"15:31:55","10:54:23"
340,4,9,"12:55:49","13:57:24"
340,5,1,"13:11:15","10:50:15"
341,1,1,"19:12:29","5:11:33"
341,2,92,"22:39:4","14:14:43"
341,3,92,"7:9:55","23:3:50"
341,4,65,"16:52:47","16:36:21"
341,5,18,"21:48:54","6:15:30"
342,1,47,"5:41:20","9:32:5"
342,2,61,"7:38:39","19:46:32"
342,3,78,"6:5:18","19:39:15"
342,4,53,"11:29:7","9:39:51"
342,5,8,"23:23:24","22:24:58"
343,1,71,"20:59:39","8:6:41"
343,2,67,"7:34:20","8:53:47"
343,3,98,"17:35:26","13:52:50"
343,4,34,"11:12:24","9:52:55"
343,5,36,"12:24:23","13:57:17"
344,1,27,"14:31:11","6:8:59"
344,2,41,"23:44:39","9:56:46"
344,3,100,"20:22:49","9:43:47"
344,4,27,"11:5:4","21:29:59"
344,5,56,"11:14:24","6:13:19"
345,1,78,"14:8:14","18:20:57"
345,2,10,"13:54:56","9:23:26"
345,3,79,"6:36:5","5:2:6"
345,4,82,"13:21:49","19:5:28"
345,5,8,"16:56:59","10:51:11"
346,1,88,"19:51:15","8:6:57"
346,2,76,"17:42:56","5:15:46"
346,3,50,"12:48:38","9:17:38"
346,4,78,"7:30:3","22:42:5"
346,5,54,"13:35:52","6:36:56"
347,1,52,"8:15:50","20:47:19"
347,2,28,"14:41:48","22:26:50"
347,3,90,"11:21:26","10:43:4"
347,4,20,"16:49:44","5:28:19"
347,5,31,"17:48:57","14:50:21"
348,1,55,"6:33:29","21:4:35"
348,2,79,"17:19:42","17:45:14"
348,3,31,"16:57:46","7:19:37"
348,4,76,"23:44:51","7:8:30"
348,5,27,"17:9:27","22:58:1"
349,1,24,"5:34:56","20:29:22"
349,2,66,"6:52:53","14:40:12"
349,3,74,"11:0:1","15:28:2"
349,4,61,"10:24:54","22:8:36"
349,5,43,"19:52:37","22:15:54"
350,1,7,"9:3:36","21:28:37"
350,2,45,"8:10:32","15:30:45"
350,3,22,"17:8:19","5:51:8"
350,4,18,"18:18:17","9:58:56"
350,5,88,"21:30:56","5:3:3"
351,1,89,"21:7:58","15:57:4"
351,2,4,"23:33:44","23:31:54"
351,3,4,"20:36:2","20:37:50"
351,4,40,"6:37:47","15:0:52"
351,5,95,"5:8:6","11:26:27"
352,1,95,"16:54:55","13:40:26"
352,2,58,"11:40:5","9:12:26"
352,3,23,"18:47:16","23:45:51"
352,4,41,"12:18:55","10:33:43"
352,5,49,"12:11:22","12:59:53"
353,1,71,"20:25:31","23:2:50"
353,2,12,"12:13:21","10:18:45"
353,3,54,"15:37:44","21:49:48"
353,4,43,"20:52:57","23:41:59"
353,5,7,"21:40:1","19:24:27"
354,1,46,"13:55:56","7:40:59"
354,2,82,"15:28:33","20:9:14"
354,3,75,"18:46:10","5:50:55"
354,4,58,"13:26:46","11:2:3"
354,5,29,"22:28:40","19:31:39"
355,1,46,"8:45:48","14:27:23"
355,2,63,"5:1:9","23:9:21"
355,3,29,"20:43:32","22:23:11"
355,4,57,"21:42:54","11:11:44"
355,5,45,"5:13:19","8:33:52"
356,1,93,"18:50:47","17:5:25"
356,2,36,"23:20:58","13:47:27"
356,3,31,"5:36:28","14:42:13"
356,4,63,"17:32:54","5:15:23"
356,5,73,"14:33:42","5:44:44"
357,1,40,"16:42:27","14:27:29"
357,2,13,"17:2:30","5:58:8"
357,3,6,"11:37:47","17:22:59"
357,4,8,"21:23:11","10:47:48"
357,5,41,"15:10:33","16:37:15"
358,1,60,"22:34:36","5:27:32"
358,2,46,"11:59:58","18:1:0"
358,3,72,"18:28:20","8:20:46"
358,4,71,"21:54:56","20:34:16"
358,5,54,"8:21:7","18:58:5"
359,1,64,"16:13:19","11:5:52"
359,2,19,"14:16:59","20:28:23"
359,3,48,"13:33:24","19:3:37"
359,4,75,"23:43:24","19:31:13"
359,5,96,"11:51:54","9:36:55"
360,1,39,"18:9:16","8:27:5"
360,2,73,"10:33:19","13:32:5"
360,3,71,"12:31:3","7:35:4"
360,4,77,"6:16:33","18:10:54"
360,5,53,"12:36:12","11:53:52"
361,1,26,"21:14:9","12:36:13"
361,2,40,"18:53:51","23:22:54"
361,3,24,"10:43:44","6:17:0"
361,4,79,"6:59:28","19:36:25"
361,5,24,"20:19:29","5:19:0"
362,1,23,"23:42:58","22:26:14"
362,2,80,"11:3:44","15:31:45"
362,3,9,"7:34:53","7:1:44"
362,4,81,"21:50:49","18:35:57"
362,5,55,"18:43:46","13:39:14"
363,1,100,"17:22:22","19:21:18"
363,2,95,"5:16:17","14:4:13"
363,3,47,"9:44:15","20:43:35"
363,4,30,"18:42:12","23:49:36"
363,5,54,"5:47:31","23:48:3"
364,1,23,"5:1:48","11:16:17"
364,2,94,"16:42:6","17:32:10"
364,3,70,"16:10:27","11:24:56"
364,4,26,"9:50:29","18:7:18"
364,5,72,"5:19:2","22:32:51"
365,1,87,"20:39:2","17:59:58"
365,2,79,"20:21:55","9:47:34"
365,3,4,"8:55:36","15:5:55"
365,4,100,"8:5:17","23:12:36"
365,5,100,"15:19:49","18:53:19"
366,1,67,"10:59:52","9:42:9"
366,2,91,"11:41:52","22:54:11"
366,3,42,"5:24:10","16:0:0"
366,4,100,"21:10:52","21:40:16"
366,5,53,"10:16:22","9:44:58"
367,1,86,"7:22:39","20:55:4"
367,2,33,"16:31:42","15:55:44"
367,3,64,"11:43:31","9:50:51"
367,4,40,"10:15:17","20:20:30"
367,5,67,"23:31:9","6:59:33"
368,1,10,"21:15:37","21:17:52"
368,2,84,"23:38:52","13:43:47"
368,3,73,"18:41:45","7:27:29"
368,4,64,"18:11:47","19:27:44"
368,5,12,"10:23:42","17:21:36"
369,1,79,"10:46:20","23:45:41"
369,2,15,"20:57:35","8:28:59"
369,3,62,"10:53:25","5:36:32"
369,4,35,"18:33:54","11:57:17"
369,5,94,"23:33:3","17:18:36"
370,1,59,"16:34:26","5:56:45"
370,2,34,"10:5:18","22:36:30"
370,3,24,"16:24:43","8:21:26"
370,4,74,"6:11:55","5:20:53"
370,5,55,"22:21:57","17:56:54"
371,1,47,"14:2:55","6:14:50"
371,2,28,"14:49:35","12:30:33"
371,3,27,"12:23:16","15:39:9"
371,4,60,"6:31:58","18:28:17"
371,5,10,"22:49:45","9:21:13"
372,1,85,"18:14:23","19:13:35"
372,2,55,"20:46:3","13:7:59"
372,3,9,"19:3:42","17:32:54"
372,4,53,"18:38:40","14:25:53"
372,5,74,"10:22:11","16:39:17"
373,1,79,"9:8:16","7:55:56"
373,2,23,"13:0:24","5:23:46"
373,3,96,"14:19:26","21:5:40"
373,4,38,"16:16:29","12:0:56"
373,5,9,"15:9:31","7:52:48"
374,1,54,"16:58:12","18:46:58"
374,2,41,"18:4:30","17:19:30"
374,3,13,"6:58:34","6:16:0"
374,4,29,"16:2:41","9:45:35"
374,5,83,"11:20:56","7:18:5"
375,1,54,"15:53:18","23:50:23"
375,2,9,"16:40:51","20:10:31"
375,3,25,"5:3:39","9:22:59"
375,4,64,"7:55:53","23:24:55"
375,5,9,"5:12:55","17:30:50"
376,1,37,"9:38:22","5:50:33"
376,2,3,"11:6:12","8:16:46"
376,3,25,"10:26:48","19:54:47"
376,4,4,"14:56:39","7:32:52"
376,5,9,"9:48:30","7:33:0"
377,1,65,"23:46:26","16:26:15"
377,2,73,"23:39:38","12:11:2"
377,3,95,"13:53:0","14:26:13"
377,4,63,"18:51:43","23:26:16"
377,5,40,"20:54:8","9:34:29"
378,1,68,"14:56:59","21:2:28"
378,2,34,"20:9:23","10:11:42"
378,3,89,"17:49:26","11:36:59"
378,4,60,"18:1:12","18:54:7"
378,5,46,"7:27:6","19:14:50"
379,1,61,"22:28:25","9:12:53"
379,2,65,"15:35:32","19:19:20"
379,3,66,"11:46:5","22:24:44"
379,4,43,"6:46:11","14:27:40"
379,5,92,"22:59:2","19:24:51"
380,1,66,"13:36:53","18:43:23"
380,2,62,"21:29:53","16:14:59"
380,3,26,"12:12:5","10:58:28"
380,4,39,"18:49:8","11:17:27"
380,5,42,"22:21:44","11:36:55"
381,1,88,"14:36:22","5:11:16"
381,2,70,"8:32:0","10:59:53"
381,3,4,"10:27:39","10:1:31"
381,4,63,"16:18:5","11:47:13"
381,5,20,"13:12:16","13:22:0"
382,1,44,"8:38:50","16:31:11"
382,2,72,"21:1:13","17:8:17"
382,3,49,"11:58:29","14:24:52"
382,4,95,"7:36:49","10:37:25"
382,5,37,"5:10:56","23:40:46"
383,1,38,"20:25:31","20:55:26"
383,2,85,"10:58:47","17:42:35"
383,3,71,"12:20:47","18:26:56"
383,4,73,"5:31:30","23:48:42"
383,5,24,"17:52:4","8:24:33"
384,1,97,"19:15:8","9:39:3"
384,2,57,"14:26:19","8:56:32"
384,3,81,"14:25:55","13:23:9"
384,4,36,"22:20:46","10:32:25"
384,5,45,"17:6:16","20:18:23"
385,1,38,"22:27:32","18:22:24"
385,2,14,"20:5:22","9:14:1"
385,3,98,"13:17:7","10:58:43"
385,4,33,"19:27:36","6:2:20"
385,5,85,"6:53:32","5:26:15"
386,1,2,"9:22:51","11:24:14"
386,2,46,"11:48:19","23:1:41"
386,3,73,"15:54:42","10:38:50"
386,4,100,"10:4:33","18:49:50"
386,5,6,"21:31:56","8:37:24"
387,1,74,"15:32:12","19:11:32"
387,2,16,"10:20:12","23:7:55"
387,3,85,"8:27:21","13:36:48"
387,4,18,"20:25:44","15:47:54"
387,5,23,"22:4:34","16:49:25"
388,1,94,"5:6:34","19:46:59"
388,2,89,"19:7:49","6:43:41"
388,3,21,"13:41:27","19:17:57"
388,4,22,"5:6:3","13:15:1"
388,5,56,"10:1:29","11:8:29"
389,1,30,"7:55:57","22:22:12"
389,2,99,"12:7:2","13:35:33"
389,3,91,"17:37:35","23:5:36"
389,4,44,"9:20:42","15:17:25"
389,5,12,"5:45:3","11:48:39"
390,1,88,"17:38:0","18:46:27"
390,2,95,"10:47:13","13:52:35"
390,3,96,"6:1:48","15:44:17"
390,4,54,"23:0:15","21:26:8"
390,5,44,"6:51:25","22:29:24"
391,1,20,"18:43:27","16:42:51"
391,2,80,"22:17:17","20:51:53"
391,3,92,"23:40:22","19:7:57"
391,4,78,"13:59:13","10:33:4"
391,5,4,"21:3:41","19:21:58"
392,1,55,"16:29:8","16:27:24"
392,2,33,"5:15:9","6:17:37"
392,3,24,"8:9:16","13:11:15"
392,4,46,"18:11:33","14:34:38"
392,5,46,"17:36:38","6:59:56"
393,1,59,"23:23:27","13:48:34"
393,2,84,"7:36:19","23:44:6"
393,3,36,"22:54:26","23:42:45"
393,4,33,"12:56:8","8:48:42"
393,5,40,"21:35:9","21:1:35"
394,1,86,"8:50:29","6:16:12"
394,2,67,"23:7:1","13:58:44"
394,3,94,"23:45:45","20:17:35"
394,4,41,"13:46:22","18:19:38"
394,5,18,"23:55:55","8:23:52"
395,1,39,"21:22:33","8:52:51"
395,2,28,"15:15:33","19:52:29"
395,3,79,"15:33:23","21:37:47"
395,4,63,"16:23:18","23:55:40"
395,5,68,"15:47:57","11:18:15"
396,1,65,"14:42:2","21:18:10"
396,2,26,"23:47:37","21:52:58"
396,3,67,"5:48:8","20:16:20"
396,4,72,"22:23:39","6:53:44"
396,5,56,"18:57:7","18:35:17"
397,1,64,"5:44:38","13:24:2"
397,2,100,"16:32:15","7:44:45"
397,3,20,"11:2:15","10:45:39"
397,4,52,"8:21:49","6:27:34"
397,5,13,"5:11:19","10:32:55"
398,1,5,"11:7:38","20:59:37"
398,2,23,"22:44:46","23:0:31"
398,3,70,"9:30:14","10:58:9"
398,4,24,"10:2:4","20:29:13"
398,5,91,"11:52:19","7:6:51"
399,1,28,"9:25:53","21:23:8"
399,2,16,"10:44:4","7:50:49"
399,3,73,"10:6:56","15:53:53"
399,4,38,"18:25:42","15:49:18"
399,5,33,"16:26:9","20:9:45"
400,1,45,"13:17:53","13:20:13"
400,2,64,"23:0:37","13:11:13"
400,3,56,"10:50:4","20:44:12"
400,4,85,"23:52:48","7:17:24"
400,5,24,"23:51:21","22:11:40"
401,1,18,"13:6:18","11:10:18"
401,2,94,"20:15:5","11:17:24"
401,3,88,"18:20:49","11:43:39"
401,4,45,"21:43:58","22:38:15"
401,5,40,"7:38:52","18:50:33"
402,1,40,"9:23:11","16:40:41"
402,2,56,"15:53:35","11:49:51"
402,3,53,"13:51:46","21:54:29"
402,4,34,"12:14:57","10:44:54"
402,5,67,"16:7:59","7:0:48"
403,1,91,"9:24:44","15:30:28"
403,2,100,"23:49:52","20:49:33"
403,3,32,"23:17:40","14:23:52"
403,4,85,"14:9:50","17:23:41"
403,5,46,"19:29:45","13:46:37"
404,1,97,"18:42:56","5:30:27"
404,2,38,"20:46:39","14:2:14"
404,3,70,"5:18:52","5:42:20"
404,4,59,"18:52:36","5:43:55"
404,5,2,"6:20:16","23:13:50"
405,1,98,"15:47:34","9:38:8"
405,2,31,"7:49:34","5:48:38"
405,3,3,"12:37:5","13:48:29"
405,4,52,"13:26:39","8:18:18"
405,5,8,"14:46:35","13:37:21"
406,1,82,"10:11:43","6:18:41"
406,2,82,"12:38:1","9:51:49"
406,3,55,"15:36:51","19:34:13"
406,4,9,"14:51:42","14:49:46"
406,5,51,"21:21:55","8:12:1"
407,1,88,"8:58:17","10:28:53"
407,2,57,"5:14:20","23:58:32"
407,3,48,"6:48:22","18:52:23"
407,4,29,"10:18:14","10:26:52"
407,5,22,"15:17:58","11:34:9"
408,1,39,"23:11:27","11:27:5"
408,2,23,"10:24:12","5:45:55"
408,3,76,"19:8:45","6:2:57"
408,4,74,"23:23:54","5:7:27"
408,5,84,"20:59:58","22:7:49"
409,1,93,"19:19:40","20:41:35"
409,2,1,"9:3:55","13:0:51"
409,3,43,"5:57:51","5:50:3"
409,4,42,"11:16:49","11:33:47"
409,5,53,"12:2:42","9:15:58"
410,1,74,"8:23:48","9:35:25"
410,2,80,"22:58:24","13:22:0"
410,3,51,"16:30:33","17:37:56"
410,4,25,"15:20:36","8:51:38"
410,5,94,"7:16:56","18:55:44"
411,1,72,"7:17:8","11:11:24"
411,2,97,"6:42:21","11:55:12"
411,3,49,"21:24:56","22:59:28"
411,4,73,"21:47:47","12:41:26"
411,5,46,"18:3:25","11:9:34"
412,1,46,"20:40:45","9:59:10"
412,2,72,"15:48:34","10:34:35"
412,3,60,"13:29:4","23:53:51"
412,4,79,"5:46:51","9:37:44"
412,5,83,"5:35:47","16:9:7"
413,1,94,"10:34:54","5:21:37"
413,2,32,"11:3:29","13:20:38"
413,3,19,"22:9:19","18:11:36"
413,4,67,"23:44:58","14:18:44"
413,5,88,"19:8:34","21:27:0"
414,1,78,"8:24:47","9:8:49"
414,2,92,"12:11:54","16:20:32"
414,3,81,"8:32:10","15:29:8"
414,4,62,"5:25:4","20:51:21"
414,5,71,"7:48:20","7:44:7"
415,1,78,"23:59:26","21:30:29"
415,2,76,"10:8:58","12:39:41"
415,3,93,"5:0:2","12:46:31"
415,4,60,"23:7:59","8:30:34"
415,5,69,"23:4:30","21:34:18"
416,1,85,"10:47:2","6:42:3"
416,2,40,"11:5:55","5:38:8"
416,3,38,"15:32:10","18:19:15"
416,4,74,"9:55:53","20:21:39"
416,5,96,"17:24:33","20:43:0"
417,1,11,"23:46:44","23:13:44"
417,2,99,"5:28:25","8:59:44"
417,3,29,"22:29:7","23:6:50"
417,4,61,"6:44:31","18:10:29"
417,5,11,"20:20:21","22:37:48"
418,1,20,"12:48:26","19:13:50"
418,2,28,"6:53:14","23:7:57"
418,3,7,"7:58:22","6:45:52"
418,4,73,"21:30:16","22:8:35"
418,5,2,"7:2:19","15:55:41"
419,1,33,"9:39:56","9:9:35"
419,2,67,"16:58:20","6:3:5"
419,3,83,"17:41:55","8:24:17"
419,4,10,"18:56:54","18:42:28"
419,5,42,"17:35:12","23:51:57"
420,1,25,"13:50:36","7:4:55"
420,2,36,"10:6:18","12:26:37"
420,3,67,"6:10:49","11:15:32"
420,4,87,"7:45:18","23:18:5"
420,5,26,"8:2:14","5:29:39"
421,1,76,"23:30:3","11:19:8"
421,2,59,"10:29:48","17:16:1"
421,3,52,"9:57:53","11:59:19"
421,4,44,"10:52:41","8:30:19"
421,5,72,"15:32:43","17:54:35"
422,1,2,"15:46:29","14:34:16"
422,2,57,"10:49:3","8:55:16"
422,3,73,"16:11:42","12:52:56"
422,4,65,"18:14:15","19:58:57"
422,5,18,"6:54:36","20:21:18"
423,1,46,"19:8:24","5:8:23"
423,2,48,"12:16:40","6:28:10"
423,3,39,"10:10:39","9:25:28"
423,4,72,"23:1:10","18:17:44"
423,5,43,"15:49:43","21:54:46"
424,1,39,"23:40:28","16:52:46"
424,2,10,"5:5:23","5:10:43"
424,3,89,"20:59:26","23:2:22"
424,4,76,"16:5:43","8:37:28"
424,5,88,"9:23:20","21:50:1"
425,1,24,"20:44:11","7:12:46"
425,2,19,"18:4:23","13:2:34"
425,3,75,"20:30:57","15:9:35"
425,4,5,"5:44:1","11:36:42"
425,5,85,"23:27:56","14:18:12"
426,1,18,"21:18:0","7:35:6"
426,2,32,"9:17:5","17:2:17"
426,3,34,"21:52:41","13:32:41"
426,4,5,"10:12:31","13:25:40"
426,5,42,"16:25:32","5:56:20"
427,1,38,"17:25:46","14:1:59"
427,2,84,"12:13:25","13:32:35"
427,3,23,"19:42:26","8:25:4"
427,4,12,"19:39:37","14:41:51"
427,5,8,"18:40:30","20:57:18"
428,1,41,"10:53:55","10:3:37"
428,2,32,"8:25:19","12:35:15"
428,3,73,"7:48:36","6:22:18"
428,4,55,"18:7:31","16:51:47"
428,5,37,"6:35:15","20:52:47"
429,1,93,"6:4:9","6:2:29"
429,2,62,"13:18:59","9:21:13"
429,3,21,"21:33:12","14:45:50"
429,4,92,"19:56:41","11:18:8"
429,5,55,"17:10:39","21:6:42"
430,1,9,"21:49:55","12:10:57"
430,2,69,"20:12:47","17:33:33"
430,3,2,"17:44:35","22:6:50"
430,4,65,"21:57:19","8:15:23"
430,5,40,"19:1:5","11:24:31"
431,1,99,"7:57:7","8:47:36"
431,2,99,"10:25:47","17:38:53"
431,3,37,"5:37:8","14:41:51"
431,4,62,"10:19:1","18:35:32"
431,5,58,"21:14:0","21:39:51"
432,1,14,"9:38:35","11:26:58"
432,2,38,"12:45:8","12:31:9"
432,3,42,"20:6:2","17:37:34"
432,4,44,"5:47:35","15:17:39"
432,5,86,"6:57:10","5:8:28"
433,1,31,"13:45:7","17:47:21"
433,2,30,"18:39:28","21:16:29"
433,3,62,"18:2:7","10:33:29"
433,4,8,"12:19:32","8:20:20"
433,5,26,"11:28:25","7:35:3"
434,1,97,"23:3:49","21:29:58"
434,2,28,"18:59:27","23:51:50"
434,3,28,"21:21:39","21:47:50"
434,4,18,"11:38:17","22:53:17"
434,5,21,"7:47:47","11:54:31"
435,1,65,"11:4:6","22:44:24"
435,2,72,"17:1:50","21:52:6"
435,3,42,"13:34:22","22:5:33"
435,4,90,"22:24:47","9:4:30"
435,5,45,"18:43:25","19:11:9"
436,1,81,"11:39:31","8:15:43"
436,2,69,"11:42:17","16:51:15"
436,3,23,"15:6:33","23:20:1"
436,4,45,"9:48:13","7:25:0"
436,5,77,"18:17:36","12:6:24"
437,1,28,"16:10:46","5:51:58"
437,2,58,"13:39:25","14:44:30"
437,3,40,"20:26:30","19:50:2"
437,4,64,"20:19:2","22:46:36"
437,5,28,"8:55:2","21:12:27"
438,1,16,"16:9:38","21:22:28"
438,2,10,"5:25:37","13:16:33"
438,3,70,"16:27:9","21:19:3"
438,4,22,"22:22:47","10:40:8"
438,5,17,"6:52:31","14:31:48"
439,1,80,"6:53:28","7:45:34"
439,2,43,"5:36:11","10:45:12"
439,3,54,"8:31:46","15:50:19"
439,4,66,"12:54:24","22:42:13"
439,5,37,"9:43:47","9:32:56"
440,1,82,"8:25:45","19:44:0"
440,2,6,"23:58:46","19:53:52"
440,3,99,"15:46:32","20:32:2"
440,4,66,"20:6:48","11:16:26"
440,5,27,"6:31:12","10:5:7"
441,1,88,"19:15:9","17:26:53"
441,2,36,"18:24:29","9:9:55"
441,3,5,"21:44:54","6:38:8"
441,4,7,"21:45:15","10:23:21"
441,5,11,"7:30:27","6:59:21"
442,1,70,"11:27:57","9:22:22"
442,2,58,"16:41:2","20:28:12"
442,3,90,"16:20:5","12:17:50"
442,4,98,"20:4:18","7:49:45"
442,5,71,"9:31:47","21:44:22"
443,1,31,"20:47:1","22:10:26"
443,2,46,"23:31:21","14:44:34"
443,3,25,"19:48:16","12:47:48"
443,4,85,"18:54:34","18:21:34"
443,5,43,"18:9:41","12:43:44"
444,1,79,"14:19:41","18:24:31"
444,2,33,"20:34:45","8:18:18"
444,3,51,"7:26:55","13:19:47"
444,4,47,"7:55:47","13:40:59"
444,5,31,"5:17:15","17:13:26"
445,1,22,"15:38:51","13:9:57"
445,2,75,"8:37:17","7:28:59"
445,3,41,"10:18:56","14:55:19"
445,4,21,"23:11:47","10:38:43"
445,5,49,"14:7:50","17:47:38"
446,1,36,"16:21:34","7:43:13"
446,2,18,"20:37:37","20:21:17"
446,3,56,"9:12:32","17:19:6"
446,4,19,"12:39:48","10:1:57"
446,5,36,"7:9:6","17:23:9"
447,1,43,"21:5:7","23:50:15"
447,2,75,"5:37:4","15:35:25"
447,3,49,"21:40:22","6:28:0"
447,4,95,"12:49:57","13:42:57"
447,5,93,"22:29:52","18:26:49"
448,1,46,"10:53:21","5:1:46"
448,2,5,"17:37:42","21:51:41"
448,3,64,"16:15:38","11:57:8"
448,4,25,"18:15:32","15:3:53"
448,5,70,"13:57:40","5:42:13"
449,1,58,"10:51:43","18:14:58"
449,2,57,"13:13:30","21:3:35"
449,3,38,"20:23:1","12:1:5"
449,4,63,"20:32:40","22:4:4"
449,5,22,"10:22:12","14:31:45"
450,1,94,"13:9:21","9:57:24"
450,2,67,"14:52:19","7:3:59"
450,3,81,"22:55:13","17:19:0"
450,4,96,"6:33:48","10:43:38"
450,5,78,"21:20:41","8:5:16"
451,1,19,"16:37:53","22:10:49"
451,2,64,"20:44:21","15:39:12"
451,3,98,"11:19:12","15:24:26"
451,4,11,"11:27:47","22:35:37"
451,5,92,"10:11:26","22:43:9"
452,1,29,"8:3:58","16:21:37"
452,2,3,"5:9:16","7:53:3"
452,3,59,"13:6:6","15:23:16"
452,4,77,"5:46:36","7:53:43"
452,5,83,"6:51:39","16:42:57"
453,1,64,"19:16:29","11:27:18"
453,2,41,"14:9:32","18:4:6"
453,3,67,"20:21:26","6:2:22"
453,4,91,"11:41:47","8:0:15"
453,5,39,"22:44:57","23:49:38"
454,1,100,"22:9:45","23:16:19"
454,2,99,"7:16:37","7:43:43"
454,3,57,"23:55:19","11:29:14"
454,4,70,"11:36:13","18:46:26"
454,5,69,"19:16:22","13:46:3"
455,1,66,"13:19:41","6:24:26"
455,2,51,"9:34:5","6:15:43"
455,3,98,"18:54:52","6:4:25"
455,4,98,"9:48:1","11:24:10"
455,5,39,"6:39:52","19:28:15"
456,1,6,"17:1:0","9:50:31"
456,2,73,"16:27:54","23:6:32"
456,3,89,"12:58:36","12:38:45"
456,4,67,"13:50:25","21:26:37"
456,5,74,"21:17:57","11:25:30"
457,1,34,"18:42:14","12:14:51"
457,2,69,"14:51:41","14:42:19"
457,3,34,"12:53:48","17:53:38"
457,4,93,"20:36:4","13:29:18"
457,5,27,"10:18:56","15:31:53"
458,1,12,"14:3:14","20:7:24"
458,2,19,"13:52:28","9:11:5"
458,3,56,"14:20:18","9:54:55"
458,4,82,"15:53:13","5:33:25"
458,5,7,"18:44:18","17:1:29"
459,1,58,"22:7:26","10:29:20"
459,2,95,"5:31:2","18:31:56"
459,3,77,"19:22:54","22:20:10"
459,4,30,"16:44:11","12:31:35"
459,5,94,"19:58:13","23:42:49"
460,1,68,"6:39:43","18:47:35"
460,2,32,"12:34:14","16:54:6"
460,3,93,"16:28:18","15:46:6"
460,4,97,"16:57:10","17:48:32"
460,5,50,"10:46:4","5:27:54"
461,1,12,"11:18:34","14:14:10"
461,2,12,"12:7:6","19:40:7"
461,3,14,"15:33:57","9:24:4"
461,4,33,"7:19:42","10:13:46"
461,5,9,"14:31:20","22:18:14"
462,1,80,"16:57:24","7:27:40"
462,2,80,"21:1:22","12:10:53"
462,3,86,"6:57:15","8:31:55"
462,4,37,"15:49:38","14:52:31"
462,5,79,"6:5:21","9:48:52"
463,1,62,"22:54:33","5:44:35"
463,2,74,"12:55:30","13:52:49"
463,3,40,"7:20:4","22:5:41"
463,4,56,"10:52:16","9:55:5"
463,5,86,"20:18:16","13:55:26"
464,1,56,"6:51:37","18:29:15"
464,2,60,"13:59:43","23:30:31"
464,3,26,"21:13:52","16:22:9"
464,4,26,"16:21:39","6:53:22"
464,5,26,"14:39:29","21:26:22"
465,1,14,"18:57:29","23:0:21"
465,2,6,"8:12:18","20:5:28"
465,3,62,"19:24:38","5:55:23"
465,4,8,"12:43:0","12:51:24"
465,5,80,"9:1:21","13:57:17"
466,1,62,"12:44:10","10:1:57"
466,2,91,"5:0:40","9:59:32"
466,3,32,"7:5:56","17:6:44"
466,4,19,"22:8:20","11:10:41"
466,5,54,"23:23:48","15:54:48"
467,1,19,"16:34:45","22:56:47"
467,2,11,"14:58:26","6:50:13"
467,3,87,"8:17:0","13:43:14"
467,4,45,"23:20:55","10:48:50"
467,5,48,"21:46:27","22:45:31"
468,1,4,"22:40:41","12:48:22"
468,2,90,"13:45:3","23:29:6"
468,3,68,"12:22:55","15:20:2"
468,4,94,"7:44:55","10:7:19"
468,5,78,"8:40:38","9:32:4"
469,1,89,"17:52:10","19:51:18"
469,2,21,"17:39:7","5:10:8"
469,3,82,"9:37:35","17:52:44"
469,4,2,"22:26:50","18:45:0"
469,5,54,"7:35:52","12:9:29"
470,1,30,"20:15:8","10:52:12"
470,2,76,"17:31:24","21:22:20"
470,3,39,"13:47:1","21:43:7"
470,4,7,"19:51:50","20:35:57"
470,5,21,"10:12:43","18:43:26"
471,1,100,"7:51:53","14:11:54"
471,2,86,"9:51:10","16:51:2"
471,3,26,"9:23:16","10:1:53"
471,4,42,"11:44:56","22:7:40"
471,5,99,"22:30:18","8:58:20"
472,1,31,"19:32:44","20:28:51"
472,2,33,"5:31:51","9:20:8"
472,3,31,"20:15:10","19:47:3"
472,4,50,"13:11:14","17:16:12"
472,5,11,"7:54:27","12:48:13"
473,1,35,"10:26:52","5:2:40"
473,2,37,"6:33:23","23:59:56"
473,3,8,"18:59:41","16:56:15"
473,4,50,"9:36:29","19:12:43"
473,5,29,"20:11:29","7:36:21"
474,1,60,"21:0:8","14:3:38"
474,2,35,"10:17:34","17:15:34"
474,3,92,"14:27:38","9:40:45"
474,4,25,"9:48:3","20:7:49"
474,5,53,"19:25:59","18:42:6"
475,1,13,"22:58:21","23:24:30"
475,2,15,"12:17:32","15:36:26"
475,3,28,"10:19:38","5:32:30"
475,4,50,"22:54:14","23:53:1"
475,5,53,"12:28:8","11:8:47"
476,1,81,"12:21:18","7:31:9"
476,2,92,"10:20:2","20:39:24"
476,3,26,"15:33:17","21:32:27"
476,4,26,"17:34:8","19:4:51"
476,5,39,"6:50:37","21:25:39"
477,1,61,"5:5:20","6:30:16"
477,2,25,"6:40:28","9:20:36"
477,3,80,"8:28:18","17:0:38"
477,4,25,"10:48:46","15:4:58"
477,5,37,"20:0:30","18:17:43"
478,1,78,"14:40:13","5:47:11"
478,2,70,"7:13:58","9:13:33"
478,3,76,"19:28:40","6:52:22"
478,4,97,"10:0:25","20:55:44"
478,5,68,"7:18:8","19:33:4"
479,1,45,"10:24:59","10:34:34"
479,2,22,"9:19:58","13:50:23"
479,3,66,"19:25:51","19:57:22"
479,4,33,"19:58:13","12:27:44"
479,5,34,"16:23:29","16:38:11"
480,1,2,"8:42:26","10:38:49"
480,2,70,"17:19:52","14:42:47"
480,3,62,"5:24:35","10:16:40"
480,4,77,"19:45:46","8:18:26"
480,5,92,"11:13:41","23:16:58"
481,1,65,"17:36:14","17:50:28"
481,2,75,"12:3:38","22:5:37"
481,3,37,"22:36:42","6:4:34"
481,4,29,"17:7:43","13:39:51"
481,5,58,"8:8:36","19:49:35"
482,1,6,"17:53:54","15:53:55"
482,2,49,"19:21:57","19:6:15"
482,3,68,"20:22:54","11:23:39"
482,4,29,"8:32:15","16:30:21"
482,5,93,"15:5:59","10:38:50"
483,1,67,"23:16:53","13:15:32"
483,2,36,"19:41:56","23:55:55"
483,3,19,"16:47:58","8:10:17"
483,4,13,"15:10:58","15:12:53"
483,5,43,"22:22:40","5:49:7"
484,1,72,"11:23:56","22:15:3"
484,2,39,"13:14:18","22:29:28"
484,3,83,"21:20:34","9:3:27"
484,4,46,"17:26:19","22:56:48"
484,5,4,"20:14:52","20:54:15"
485,1,8,"6:16:8","22:44:49"
485,2,2,"21:46:38","5:43:32"
485,3,8,"6:3:54","5:12:57"
485,4,15,"7:55:53","9:14:18"
485,5,75,"10:33:11","9:11:22"
486,1,93,"6:15:3","17:6:26"
486,2,62,"7:35:25","12:9:15"
486,3,14,"16:46:52","12:38:32"
486,4,99,"23:19:54","7:11:10"
486,5,65,"7:23:48","12:14:42"
487,1,63,"5:19:16","10:28:48"
487,2,47,"11:47:17","21:54:18"
487,3,43,"19:19:46","18:24:44"
487,4,51,"14:8:25","18:19:46"
487,5,72,"9:55:8","22:16:54"
488,1,25,"9:34:6","18:37:34"
488,2,71,"20:13:3","7:56:20"
488,3,67,"9:3:55","13:54:26"
488,4,96,"22:23:56","8:30:30"
488,5,47,"5:12:44","7:34:57"
489,1,4,"20:41:55","13:19:15"
489,2,58,"16:27:46","9:17:21"
489,3,32,"9:57:1","9:28:33"
489,4,55,"6:6:47","11:40:23"
489,5,21,"13:7:27","9:48:1"
490,1,89,"15:10:46","17:32:29"
490,2,10,"18:59:44","17:38:38"
490,3,29,"13:45:7","13:3:10"
490,4,61,"13:51:20","13:3:49"
490,5,33,"10:37:51","19:50:53"
491,1,6,"17:31:29","15:13:47"
491,2,82,"11:37:50","16:3:22"
491,3,68,"6:10:10","19:4:27"
491,4,34,"22:17:8","7:12:53"
491,5,94,"11:22:51","15:0:28"
492,1,47,"22:19:33","18:57:27"
492,2,100,"21:34:22","13:10:51"
492,3,34,"6:18:37","21:41:8"
492,4,79,"7:5:56","17:19:11"
492,5,23,"11:52:9","5:58:35"
493,1,78,"21:10:13","7:10:26"
493,2,62,"15:38:15","16:34:34"
493,3,79,"17:50:25","19:0:47"
493,4,97,"21:21:17","7:16:5"
493,5,36,"12:44:29","13:45:29"
494,1,95,"22:47:0","15:11:33"
494,2,44,"9:34:53","9:14:26"
494,3,70,"7:10:33","6:30:14"
494,4,87,"13:56:6","7:56:32"
494,5,38,"8:5:45","18:39:3"
495,1,39,"13:26:4","9:2:4"
495,2,99,"23:58:44","16:40:33"
495,3,65,"13:19:55","23:4:59"
495,4,6,"17:58:8","10:23:25"
495,5,84,"17:25:22","9:39:28"
496,1,92,"21:30:47","14:52:53"
496,2,32,"14:22:14","13:10:52"
496,3,42,"6:40:3","6:33:14"
496,4,66,"21:16:24","14:55:3"
496,5,85,"8:42:34","11:15:20"
497,1,58,"5:50:45","12:26:6"
497,2,66,"22:39:26","16:11:3"
497,3,5,"22:33:19","7:47:12"
497,4,72,"15:35:47","17:31:42"
497,5,99,"6:2:56","5:19:3"
498,1,75,"6:44:24","20:10:6"
498,2,90,"19:50:49","21:11:16"
498,3,49,"14:5:36","6:16:1"
498,4,27,"16:30:29","8:7:51"
498,5,85,"5:35:40","7:21:54"
499,1,84,"6:52:52","17:27:34"
499,2,77,"8:27:0","5:31:14"
499,3,8,"19:24:7","23:57:25"
499,4,67,"18:21:27","11:2:14"
499,5,69,"12:0:39","9:2:55"
500,1,90,"10:27:31","12:51:31"
500,2,11,"10:28:57","6:7:45"
500,3,70,"10:5:34","22:52:53"
500,4,19,"20:43:30","7:19:4"
500,5,18,"9:28:33","10:30:3"
501,1,75,"11:21:10","16:51:49"
501,2,64,"23:41:47","8:6:57"
501,3,41,"12:17:38","11:2:49"
501,4,69,"16:37:59","17:8:38"
501,5,28,"11:43:40","19:50:9"
502,1,89,"18:57:13","11:23:30"
502,2,41,"20:23:26","23:53:20"
502,3,69,"5:37:14","9:36:41"
502,4,91,"10:26:3","5:11:54"
502,5,11,"23:52:20","8:10:57"
503,1,89,"9:47:37","20:59:0"
503,2,41,"6:55:34","19:28:36"
503,3,40,"6:29:30","18:52:2"
503,4,5,"17:21:13","17:43:47"
503,5,26,"17:24:49","23:52:19"
504,1,15,"16:57:25","23:50:57"
504,2,30,"23:27:42","10:27:18"
504,3,29,"6:28:8","23:5:22"
504,4,71,"23:3:30","10:33:22"
504,5,70,"22:44:6","6:42:50"
505,1,46,"22:22:36","6:37:59"
505,2,35,"14:5:29","7:11:9"
505,3,55,"5:0:2","7:20:47"
505,4,79,"19:45:33","13:30:35"
505,5,21,"12:56:38","15:37:4"
506,1,38,"10:42:18","14:0:46"
506,2,29,"8:26:33","15:25:15"
506,3,18,"17:14:38","14:1:16"
506,4,19,"6:24:14","6:29:32"
506,5,96,"7:14:47","23:38:46"
507,1,100,"17:6:32","22:12:11"
507,2,44,"20:3:45","8:37:10"
507,3,4,"13:33:36","6:20:46"
507,4,66,"14:54:1","12:34:19"
507,5,49,"11:41:7","6:15:21"
508,1,11,"23:19:14","12:35:45"
508,2,50,"15:14:3","19:43:37"
508,3,25,"11:11:11","18:4:15"
508,4,62,"14:55:4","21:27:29"
508,5,27,"12:10:44","10:28:1"
509,1,67,"12:49:39","6:20:8"
509,2,4,"19:46:30","11:55:32"
509,3,3,"22:4:10","23:27:49"
509,4,73,"16:10:37","15:33:46"
509,5,57,"7:7:25","22:50:50"
510,1,58,"6:36:52","20:26:59"
510,2,17,"10:54:57","21:12:3"
510,3,71,"12:29:1","9:40:30"
510,4,13,"15:40:14","16:28:7"
510,5,15,"11:31:30","16:55:38"
511,1,80,"16:16:58","14:12:5"
511,2,15,"15:31:48","6:1:28"
511,3,21,"14:22:57","21:55:48"
511,4,52,"10:35:56","12:42:36"
511,5,44,"23:34:2","7:54:45"
512,1,12,"22:56:14","20:47:10"
512,2,97,"5:35:9","19:56:19"
512,3,9,"12:11:39","15:41:31"
512,4,93,"7:56:38","16:53:31"
512,5,62,"23:21:7","8:40:58"
513,1,54,"5:42:10","5:32:23"
513,2,27,"20:8:32","6:59:59"
513,3,70,"9:37:7","23:35:25"
513,4,84,"5:51:15","17:45:38"
513,5,12,"13:53:10","21:27:25"
514,1,65,"10:57:27","13:50:56"
514,2,37,"22:45:15","8:17:42"
514,3,39,"18:3:35","19:36:53"
514,4,97,"17:42:28","13:28:19"
514,5,54,"21:12:28","14:17:44"
515,1,26,"6:7:20","18:50:40"
515,2,61,"22:44:53","14:55:18"
515,3,8,"15:45:47","7:15:50"
515,4,19,"15:59:16","7:52:55"
515,5,93,"11:51:7","8:31:17"
516,1,22,"15:32:53","18:11:10"
516,2,50,"17:41:42","5:50:45"
516,3,7,"18:28:37","8:31:24"
516,4,56,"20:26:56","20:48:22"
516,5,34,"7:56:7","13:56:52"
517,1,48,"10:29:18","10:5:37"
517,2,8,"6:21:31","17:30:43"
517,3,41,"13:28:12","19:53:38"
517,4,62,"5:50:59","13:7:56"
517,5,91,"8:35:14","13:27:17"
518,1,51,"21:37:50","8:19:59"
518,2,45,"6:38:7","22:53:33"
518,3,83,"15:39:21","18:43:20"
518,4,66,"12:17:48","16:58:0"
518,5,35,"7:52:52","8:26:2"
519,1,48,"20:9:26","7:22:46"
519,2,95,"23:49:50","21:59:7"
519,3,96,"10:37:56","10:46:44"
519,4,21,"23:13:59","20:19:58"
519,5,92,"16:4:46","14:59:35"
520,1,91,"10:6:48","5:21:31"
520,2,94,"23:38:52","15:58:36"
520,3,87,"17:31:9","21:55:57"
520,4,45,"7:40:14","7:49:42"
520,5,100,"17:37:35","15:50:14"
521,1,64,"17:27:25","9:3:51"
521,2,17,"10:57:14","19:46:17"
521,3,60,"19:41:49","12:22:43"
521,4,15,"14:23:32","19:2:12"
521,5,18,"11:42:7","23:0:52"
522,1,22,"22:41:45","9:34:32"
522,2,6,"15:23:11","6:36:12"
522,3,99,"11:43:53","16:20:40"
522,4,69,"20:8:26","18:8:21"
522,5,15,"19:31:36","5:17:25"
523,1,55,"23:5:2","14:32:10"
523,2,37,"7:10:28","21:23:42"
523,3,86,"20:13:28","20:39:38"
523,4,56,"22:18:19","14:32:45"
523,5,97,"8:34:4","7:10:39"
524,1,54,"23:43:52","12:34:54"
524,2,35,"6:14:16","12:21:19"
524,3,2,"15:0:41","21:29:11"
524,4,34,"9:26:24","16:0:38"
524,5,67,"21:31:39","20:12:32"
525,1,81,"10:42:24","8:30:16"
525,2,60,"18:2:31","14:32:28"
525,3,48,"6:41:41","5:41:3"
525,4,53,"9:26:55","5:10:35"
525,5,36,"13:48:20","7:2:54"
526,1,57,"7:37:47","17:6:10"
526,2,47,"19:44:29","23:4:39"
526,3,95,"20:56:28","7:59:57"
526,4,63,"18:8:52","20:32:40"
526,5,23,"15:48:15","22:12:41"
527,1,82,"22:29:47","20:33:58"
527,2,68,"13:14:41","9:17:9"
527,3,98,"13:11:59","16:36:49"
527,4,13,"9:47:56","17:48:53"
527,5,58,"8:54:3","21:22:10"
528,1,97,"11:27:18","16:13:38"
528,2,60,"18:23:36","13:8:30"
528,3,35,"10:29:56","11:21:58"
528,4,36,"20:57:23","12:35:1"
528,5,55,"22:45:24","22:12:0"
529,1,7,"9:10:41","17:39:7"
529,2,13,"12:27:38","6:13:30"
529,3,48,"6:54:54","17:7:17"
529,4,64,"5:56:14","17:8:45"
529,5,21,"20:50:40","19:57:14"
530,1,19,"11:43:44","20:53:36"
530,2,78,"9:32:23","9:24:53"
530,3,8,"23:21:36","20:21:11"
530,4,91,"6:31:32","20:23:27"
530,5,66,"16:44:4","18:44:32"
531,1,66,"9:54:26","16:25:6"
531,2,29,"6:24:54","8:34:16"
531,3,69,"6:1:25","23:36:49"
531,4,11,"7:7:14","10:51:33"
531,5,7,"8:59:39","14:14:54"
532,1,41,"6:46:36","15:53:53"
532,2,77,"11:9:46","9:10:13"
532,3,30,"20:29:57","10:15:38"
532,4,77,"19:37:6","12:29:36"
532,5,50,"22:23:47","23:20:50"
533,1,89,"16:55:7","18:36:31"
533,2,24,"22:35:15","8:14:12"
533,3,51,"21:46:59","12:4:33"
533,4,58,"5:47:45","5:52:37"
533,5,52,"17:53:47","22:15:23"
534,1,43,"14:9:22","17:28:1"
534,2,77,"20:55:14","13:27:58"
534,3,42,"5:23:12","10:1:14"
534,4,18,"9:18:41","9:24:57"
534,5,93,"9:3:42","12:13:31"
535,1,4,"20:31:34","15:17:29"
535,2,37,"16:32:7","11:56:7"
535,3,44,"18:34:18","17:38:22"
535,4,37,"17:4:16","12:59:1"
535,5,37,"22:25:9","12:4:9"
536,1,82,"8:9:59","20:44:0"
536,2,27,"16:44:43","22:13:41"
536,3,27,"23:30:11","22:2:25"
536,4,62,"5:30:58","19:28:45"
536,5,91,"15:45:7","6:13:2"
537,1,19,"7:31:49","18:55:28"
537,2,74,"12:43:59","18:1:25"
537,3,71,"5:50:11","16:57:24"
537,4,91,"8:33:43","22:35:48"
537,5,11,"12:43:43","6:9:18"
538,1,75,"8:17:7","17:15:39"
538,2,73,"9:54:58","11:4:44"
538,3,54,"6:16:33","11:16:6"
538,4,31,"8:41:10","5:17:5"
538,5,7,"6:42:59","18:9:20"
539,1,8,"23:38:2","22:58:27"
539,2,51,"23:22:6","12:39:32"
539,3,79,"5:16:42","20:28:20"
539,4,48,"10:22:8","13:56:46"
539,5,76,"6:20:44","16:49:47"
540,1,100,"14:46:58","14:12:6"
540,2,35,"14:57:54","14:2:5"
540,3,70,"18:45:38","14:57:29"
540,4,17,"21:5:13","6:14:11"
540,5,82,"23:51:7","6:34:5"
541,1,72,"18:9:9","9:52:29"
541,2,2,"17:59:12","20:54:13"
541,3,38,"21:39:44","11:1:47"
541,4,98,"13:33:41","11:10:9"
541,5,85,"10:26:10","14:5:45"
542,1,84,"16:59:4","7:18:29"
542,2,70,"7:50:32","19:47:35"
542,3,23,"17:13:23","8:56:54"
542,4,31,"9:38:24","6:42:16"
542,5,88,"6:41:19","11:39:52"
543,1,64,"13:6:57","16:53:2"
543,2,42,"14:18:13","9:27:5"
543,3,83,"13:1:59","19:21:16"
543,4,49,"21:29:45","6:6:48"
543,5,70,"13:7:31","16:18:39"
544,1,90,"15:7:8","5:16:19"
544,2,90,"18:21:7","9:3:54"
544,3,15,"7:42:51","9:1:12"
544,4,27,"16:7:57","8:41:9"
544,5,40,"20:42:15","13:30:47"
545,1,59,"16:55:53","8:52:39"
545,2,37,"22:47:24","21:30:28"
545,3,100,"16:20:37","12:57:8"
545,4,14,"11:38:31","18:34:8"
545,5,77,"16:44:54","5:44:9"
546,1,43,"10:54:19","14:54:37"
546,2,96,"12:35:25","10:19:22"
546,3,6,"20:30:9","12:2:53"
546,4,28,"23:6:33","6:40:39"
546,5,52,"7:43:42","12:26:16"
547,1,19,"8:34:31","15:4:39"
547,2,41,"22:18:1","12:57:19"
547,3,24,"17:34:59","14:54:57"
547,4,13,"15:6:11","16:6:51"
547,5,76,"14:58:27","15:17:8"
548,1,42,"18:56:59","17:23:21"
548,2,59,"18:46:11","5:27:8"
548,3,67,"7:59:34","15:34:33"
548,4,78,"10:56:19","6:52:59"
548,5,38,"16:12:46","15:2:19"
549,1,42,"7:46:37","18:21:37"
549,2,30,"15:55:49","17:54:15"
549,3,100,"21:13:4","11:47:39"
549,4,84,"14:25:59","13:36:32"
549,5,49,"14:40:51","13:42:58"
550,1,8,"11:47:47","10:41:27"
550,2,20,"9:9:43","10:50:8"
550,3,47,"8:22:17","13:28:35"
550,4,44,"10:27:26","15:45:55"
550,5,53,"14:31:0","12:24:48"
551,1,17,"6:19:12","20:41:26"
551,2,50,"10:6:51","21:14:26"
551,3,21,"19:56:47","8:27:33"
551,4,98,"7:50:33","11:11:8"
551,5,67,"9:16:2","16:15:53"
552,1,40,"11:31:57","8:28:13"
552,2,32,"15:56:56","20:36:52"
552,3,10,"8:37:47","10:13:23"
552,4,85,"10:6:17","11:58:10"
552,5,84,"22:38:26","11:32:28"
553,1,66,"21:42:1","7:4:5"
553,2,56,"23:48:5","8:15:37"
553,3,76,"20:13:16","22:23:55"
553,4,86,"5:3:14","15:19:48"
553,5,28,"21:5:24","14:41:16"
554,1,53,"7:22:24","15:14:29"
554,2,58,"10:45:51","23:40:25"
554,3,35,"9:8:54","10:32:52"
554,4,6,"19:8:13","16:5:59"
554,5,64,"14:38:54","7:19:28"
555,1,45,"11:43:38","14:36:36"
555,2,59,"7:4:29","21:48:58"
555,3,52,"15:23:40","17:5:55"
555,4,5,"8:0:44","20:49:0"
555,5,97,"17:59:22","21:11:25"
556,1,11,"10:5:0","21:38:12"
556,2,27,"9:4:33","13:33:45"
556,3,49,"17:38:17","9:44:31"
556,4,78,"21:13:23","11:2:16"
556,5,29,"10:54:28","8:2:32"
557,1,62,"6:15:17","21:42:7"
557,2,72,"5:51:52","20:48:23"
557,3,44,"16:56:24","23:9:29"
557,4,70,"11:16:38","6:1:7"
557,5,69,"8:57:31","10:31:21"
558,1,37,"19:13:32","13:25:55"
558,2,40,"17:43:11","17:56:48"
558,3,41,"22:30:38","21:34:53"
558,4,25,"14:7:21","20:14:42"
558,5,87,"12:13:33","15:49:53"
559,1,18,"18:30:20","10:14:16"
559,2,96,"8:29:20","8:28:14"
559,3,88,"17:16:38","15:32:23"
559,4,49,"17:12:16","8:34:41"
559,5,52,"12:0:14","5:43:52"
560,1,49,"20:44:4","14:24:32"
560,2,11,"14:58:32","23:32:18"
560,3,58,"17:28:23","20:11:11"
560,4,78,"19:32:32","22:8:12"
560,5,66,"20:16:9","16:27:41"
561,1,60,"13:9:36","12:43:45"
561,2,91,"23:2:56","9:27:48"
561,3,2,"19:59:45","13:15:38"
561,4,68,"17:39:47","15:22:4"
561,5,47,"9:54:52","15:20:18"
562,1,8,"20:42:1","7:30:58"
562,2,33,"10:49:11","17:31:13"
562,3,100,"5:31:38","5:11:51"
562,4,38,"8:2:39","21:1:24"
562,5,73,"20:38:36","13:12:35"
563,1,11,"20:45:56","5:13:21"
563,2,84,"23:7:2","14:1:30"
563,3,15,"14:54:49","6:43:29"
563,4,27,"12:30:0","15:38:2"
563,5,85,"21:20:9","8:9:53"
564,1,19,"7:28:48","10:47:33"
564,2,51,"16:39:13","13:6:47"
564,3,21,"23:23:19","9:31:35"
564,4,69,"23:6:7","14:18:55"
564,5,41,"17:39:15","15:33:38"
565,1,90,"13:27:49","14:54:39"
565,2,12,"18:41:8","7:53:58"
565,3,26,"8:24:11","8:46:27"
565,4,63,"14:37:48","19:2:31"
565,5,27,"18:39:8","16:24:50"
566,1,28,"21:56:33","18:45:53"
566,2,91,"8:56:44","21:6:38"
566,3,40,"20:1:16","13:26:5"
566,4,76,"10:44:47","17:41:55"
566,5,76,"11:15:50","18:57:39"
567,1,3,"6:55:9","18:6:28"
567,2,87,"19:13:28","6:22:47"
567,3,83,"21:0:28","14:17:33"
567,4,64,"10:40:28","11:48:0"
567,5,46,"8:30:0","9:7:1"
568,1,77,"19:11:58","6:58:9"
568,2,19,"6:27:23","6:44:34"
568,3,85,"8:34:22","11:10:23"
568,4,82,"20:14:59","22:35:36"
568,5,89,"20:26:28","20:27:46"
569,1,82,"12:37:16","13:17:13"
569,2,84,"19:59:6","9:5:24"
569,3,68,"10:41:15","5:25:16"
569,4,29,"5:57:39","13:18:59"
569,5,94,"17:1:35","13:50:40"
570,1,50,"19:34:55","9:14:45"
570,2,8,"23:31:29","13:47:55"
570,3,94,"11:55:40","18:29:43"
570,4,15,"19:4:33","7:6:46"
570,5,6,"23:46:55","12:59:57"
571,1,58,"23:30:50","9:19:55"
571,2,84,"12:28:36","17:21:14"
571,3,74,"5:55:31","23:29:56"
571,4,85,"16:52:43","22:3:2"
571,5,31,"10:7:33","18:19:14"
572,1,72,"11:24:8","21:15:4"
572,2,21,"23:25:7","10:37:59"
572,3,2,"17:55:20","18:14:43"
572,4,41,"16:54:9","10:0:13"
572,5,8,"21:52:56","8:5:47"
573,1,49,"16:29:14","6:39:55"
573,2,97,"23:59:24","22:14:24"
573,3,91,"18:55:25","13:24:46"
573,4,83,"8:45:44","9:39:44"
573,5,1,"20:59:53","23:17:43"
574,1,23,"6:6:10","6:5:2"
574,2,53,"7:33:2","22:1:31"
574,3,62,"6:26:57","6:3:40"
574,4,54,"15:40:4","11:50:30"
574,5,67,"11:27:1","15:45:49"
575,1,49,"18:33:14","10:46:34"
575,2,89,"12:29:15","19:1:54"
575,3,91,"23:27:43","9:28:54"
575,4,84,"12:2:51","8:3:31"
575,5,27,"12:59:31","18:13:36"
576,1,52,"13:19:32","21:12:53"
576,2,5,"16:34:21","22:5:18"
576,3,22,"8:41:45","20:45:38"
576,4,70,"7:10:29","15:28:43"
576,5,87,"12:47:53","21:14:44"
577,1,42,"12:29:12","11:18:48"
577,2,67,"16:55:58","7:3:33"
577,3,7,"17:40:55","21:30:41"
577,4,85,"19:53:19","13:39:22"
577,5,40,"22:51:39","10:1:31"
578,1,16,"9:11:8","17:2:44"
578,2,83,"13:20:38","9:51:38"
578,3,8,"23:46:58","11:22:35"
578,4,30,"19:47:2","10:35:35"
578,5,12,"23:52:22","15:0:59"
579,1,77,"10:43:7","22:13:24"
579,2,8,"11:51:21","12:49:20"
579,3,97,"13:12:31","18:44:14"
579,4,65,"15:30:56","22:24:32"
579,5,76,"9:10:49","22:37:56"
580,1,12,"15:26:30","17:15:28"
580,2,28,"18:33:36","11:53:14"
580,3,38,"16:29:16","9:39:4"
580,4,34,"10:54:38","11:31:18"
580,5,62,"21:23:1","14:14:16"
581,1,33,"19:44:27","23:41:43"
581,2,51,"8:5:58","6:34:17"
581,3,54,"13:19:7","13:34:26"
581,4,18,"5:27:52","12:51:26"
581,5,94,"11:59:3","22:20:43"
582,1,13,"18:21:36","14:50:42"
582,2,60,"13:19:54","17:28:48"
582,3,84,"22:28:52","14:35:19"
582,4,39,"12:59:13","13:26:31"
582,5,95,"16:42:12","15:20:32"
583,1,82,"5:22:54","22:16:17"
583,2,1,"21:35:35","13:24:9"
583,3,91,"8:30:15","23:1:41"
583,4,15,"21:53:36","19:24:41"
583,5,94,"20:18:12","10:38:5"
584,1,100,"6:31:36","20:30:45"
584,2,37,"15:30:4","5:44:34"
584,3,30,"23:39:18","11:21:47"
584,4,26,"21:26:11","11:32:3"
584,5,10,"14:29:26","5:47:48"
585,1,92,"7:50:19","8:34:22"
585,2,59,"8:21:18","11:9:10"
585,3,51,"19:24:53","9:46:31"
585,4,44,"18:24:46","10:25:44"
585,5,98,"19:12:44","21:3:7"
586,1,98,"20:28:56","22:24:8"
586,2,89,"21:34:21","23:37:7"
586,3,21,"13:51:39","17:39:28"
586,4,67,"15:0:23","14:22:2"
586,5,47,"18:3:47","22:30:28"
587,1,97,"13:43:53","16:25:40"
587,2,59,"21:52:56","20:11:5"
587,3,52,"14:16:38","8:45:30"
587,4,78,"19:25:2","15:36:53"
587,5,32,"5:2:44","18:47:15"
588,1,54,"10:19:3","13:14:5"
588,2,95,"11:37:5","14:15:33"
588,3,73,"22:38:23","6:6:27"
588,4,33,"23:57:19","16:54:5"
588,5,69,"14:7:56","19:0:49"
589,1,91,"13:28:54","7:33:31"
589,2,40,"8:31:56","18:22:48"
589,3,60,"7:41:56","19:33:36"
589,4,63,"12:6:27","14:26:26"
589,5,24,"17:19:8","11:16:53"
590,1,82,"10:42:15","23:44:17"
590,2,55,"20:41:6","13:15:39"
590,3,82,"21:10:9","12:56:33"
590,4,9,"11:0:39","20:44:14"
590,5,20,"11:28:2","9:23:13"
591,1,46,"15:9:21","11:22:51"
591,2,44,"19:10:13","5:55:56"
591,3,68,"20:49:34","10:15:40"
591,4,32,"12:59:34","21:30:36"
591,5,84,"17:15:10","14:4:54"
592,1,67,"13:42:56","16:13:37"
592,2,51,"21:8:9","13:45:37"
592,3,1,"21:8:36","18:53:29"
592,4,1,"12:26:42","19:8:22"
592,5,84,"17:3:15","6:59:56"
593,1,76,"9:49:57","11:33:8"
593,2,49,"23:0:7","17:18:15"
593,3,100,"22:1:35","5:35:45"
593,4,80,"22:48:34","13:15:48"
593,5,62,"8:50:15","17:37:58"
594,1,7,"20:38:59","13:48:5"
594,2,84,"19:49:12","20:43:16"
594,3,59,"19:23:33","7:21:46"
594,4,13,"16:21:57","18:51:47"
594,5,77,"17:10:37","20:59:8"
595,1,61,"19:44:5","6:40:6"
595,2,10,"23:30:52","8:43:27"
595,3,54,"17:25:55","21:38:18"
595,4,75,"6:47:19","8:21:52"
595,5,20,"14:29:43","8:22:10"
596,1,61,"11:42:27","21:26:15"
596,2,57,"6:47:42","23:8:40"
596,3,82,"13:28:24","20:57:6"
596,4,48,"5:17:17","9:55:25"
596,5,51,"9:52:57","22:19:54"
597,1,74,"12:16:16","9:2:4"
597,2,41,"18:51:26","10:29:12"
597,3,99,"20:25:44","19:27:52"
597,4,19,"16:5:13","19:35:7"
597,5,71,"20:54:14","21:8:45"
598,1,63,"15:35:53","12:52:49"
598,2,10,"14:27:35","7:25:25"
598,3,45,"16:25:26","15:47:44"
598,4,86,"7:3:16","23:9:29"
598,5,70,"17:37:19","23:10:48"
599,1,13,"7:40:11","8:13:27"
599,2,34,"23:23:45","21:7:35"
599,3,80,"8:12:25","5:5:57"
599,4,38,"23:52:45","7:27:45"
599,5,60,"19:37:36","20:4:0"
600,1,35,"21:12:41","8:13:45"
600,2,54,"9:30:0","9:4:48"
600,3,71,"19:48:49","22:10:8"
600,4,90,"23:59:24","17:32:33"
600,5,71,"23:20:55","19:33:48"
601,1,67,"16:30:53","11:4:15"
601,2,20,"7:21:13","12:1:0"
601,3,26,"10:48:41","19:22:44"
601,4,57,"15:42:16","6:55:11"
601,5,70,"8:34:30","7:7:2"
602,1,73,"18:22:41","16:20:24"
602,2,21,"22:52:41","14:11:21"
602,3,37,"16:54:50","15:37:55"
602,4,43,"11:41:3","21:9:43"
602,5,88,"12:17:1","22:25:45"
603,1,42,"13:9:11","5:18:54"
603,2,74,"19:22:10","11:13:38"
603,3,6,"21:46:21","23:56:24"
603,4,87,"14:18:22","23:22:59"
603,5,16,"21:22:10","15:6:3"
604,1,72,"18:30:3","19:18:36"
604,2,64,"14:51:32","21:3:21"
604,3,77,"9:0:28","17:8:2"
604,4,40,"18:36:8","18:7:36"
604,5,67,"23:45:5","21:53:54"
605,1,68,"9:25:40","15:52:10"
605,2,99,"18:30:11","8:54:13"
605,3,13,"22:42:43","23:2:35"
605,4,36,"10:49:9","5:26:26"
605,5,92,"14:11:37","21:1:32"
606,1,73,"8:24:27","11:0:41"
606,2,41,"16:47:35","19:1:9"
606,3,63,"18:20:26","10:30:18"
606,4,1,"12:39:19","6:56:37"
606,5,92,"18:49:30","21:51:54"
607,1,5,"9:41:0","15:39:47"
607,2,10,"10:30:37","9:32:21"
607,3,38,"15:33:24","8:43:59"
607,4,3,"13:16:27","12:9:41"
607,5,82,"13:30:37","22:8:6"
608,1,85,"13:46:46","8:15:49"
608,2,74,"15:43:5","8:45:31"
608,3,67,"10:19:41","17:22:13"
608,4,52,"20:15:28","7:57:52"
608,5,6,"21:52:58","14:38:0"
609,1,99,"15:45:37","6:49:11"
609,2,19,"21:43:44","13:39:55"
609,3,3,"18:32:22","14:9:27"
609,4,19,"21:43:11","10:58:23"
609,5,46,"6:18:52","10:20:49"
610,1,56,"15:43:17","11:42:9"
610,2,8,"20:53:31","9:44:21"
610,3,46,"15:30:59","18:5:53"
610,4,17,"8:45:13","7:21:7"
610,5,23,"23:35:50","22:9:11"
611,1,40,"7:25:0","9:27:9"
611,2,20,"10:27:36","12:42:2"
611,3,83,"8:0:22","12:7:12"
611,4,49,"5:29:45","8:3:32"
611,5,52,"20:16:38","12:54:6"
612,1,40,"10:54:45","16:2:1"
612,2,99,"21:57:56","11:5:22"
612,3,42,"12:2:53","23:19:53"
612,4,66,"23:30:54","15:46:12"
612,5,24,"7:59:10","21:33:50"
613,1,92,"7:52:47","8:0:38"
613,2,89,"15:34:6","21:31:15"
613,3,63,"16:47:35","9:11:7"
613,4,37,"7:8:35","19:38:12"
613,5,82,"10:51:33","10:21:10"
614,1,72,"10:28:29","10:38:31"
614,2,76,"12:12:12","9:19:43"
614,3,9,"19:57:46","10:59:52"
614,4,56,"8:31:45","20:49:37"
614,5,41,"10:38:28","19:59:53"
615,1,52,"15:52:19","14:20:28"
615,2,83,"7:13:15","7:25:39"
615,3,36,"13:19:29","15:50:22"
615,4,53,"15:26:7","11:35:19"
615,5,11,"21:59:34","7:2:49"
616,1,13,"12:20:3","16:47:50"
616,2,61,"21:52:19","23:27:13"
616,3,40,"19:29:37","10:49:34"
616,4,86,"19:3:19","17:2:7"
616,5,17,"10:58:47","10:21:2"
617,1,10,"7:55:41","5:31:31"
617,2,44,"14:11:11","22:44:8"
617,3,45,"10:40:39","17:44:14"
617,4,88,"10:27:2","21:51:38"
617,5,12,"17:28:34","15:5:34"
618,1,59,"22:38:1","9:3:4"
618,2,27,"15:42:39","6:6:11"
618,3,12,"18:41:26","8:2:11"
618,4,26,"11:58:36","17:59:27"
618,5,36,"20:57:10","7:55:0"
619,1,24,"22:49:19","14:32:39"
619,2,9,"16:54:34","9:23:43"
619,3,29,"18:46:36","9:46:25"
619,4,85,"5:12:5","22:57:23"
619,5,54,"23:13:28","21:50:2"
620,1,7,"16:34:42","7:20:45"
620,2,26,"7:7:7","16:10:25"
620,3,68,"7:8:14","12:44:31"
620,4,92,"8:49:6","21:44:56"
620,5,42,"14:17:21","18:58:33"
621,1,83,"9:44:15","21:20:33"
621,2,48,"6:12:42","9:35:35"
621,3,21,"7:47:36","12:22:35"
621,4,67,"19:59:13","19:19:35"
621,5,30,"16:16:51","11:35:37"
622,1,82,"10:5:20","22:56:48"
622,2,47,"7:8:51","9:37:48"
622,3,52,"15:24:43","7:26:3"
622,4,3,"7:18:36","20:50:26"
622,5,85,"20:18:14","21:6:37"
623,1,40,"14:49:37","18:51:24"
623,2,94,"7:52:38","7:24:32"
623,3,84,"22:0:41","20:43:6"
623,4,50,"12:55:7","14:16:18"
623,5,91,"17:43:39","12:50:38"
624,1,24,"7:10:51","19:19:25"
624,2,67,"18:47:30","9:3:50"
624,3,88,"13:39:55","17:18:22"
624,4,37,"16:47:20","17:8:53"
624,5,5,"13:45:39","15:43:42"
625,1,7,"13:15:7","19:38:55"
625,2,32,"17:30:36","10:57:9"
625,3,13,"16:46:8","14:47:22"
625,4,38,"19:33:10","5:11:51"
625,5,56,"10:58:39","23:26:23"
626,1,55,"16:47:19","6:40:25"
626,2,7,"7:29:20","23:25:51"
626,3,56,"8:26:43","11:48:27"
626,4,38,"12:41:35","14:52:32"
626,5,55,"13:40:39","7:45:13"
627,1,95,"19:47:11","14:35:9"
627,2,1,"7:11:17","11:12:25"
627,3,53,"19:48:24","17:4:30"
627,4,81,"11:37:14","12:48:12"
627,5,5,"23:3:56","8:3:5"
628,1,35,"10:18:47","11:28:36"
628,2,2,"5:17:27","11:13:24"
628,3,14,"17:47:35","6:9:11"
628,4,50,"6:20:20","20:19:17"
628,5,34,"20:38:48","13:47:50"
629,1,14,"9:55:14","23:7:26"
629,2,6,"21:18:1","12:21:51"
629,3,64,"16:56:5","20:35:10"
629,4,52,"13:5:36","12:11:26"
629,5,64,"13:57:51","16:12:14"
630,1,67,"23:10:32","16:37:12"
630,2,58,"18:58:56","11:37:49"
630,3,51,"8:39:21","10:58:13"
630,4,58,"20:12:37","6:20:25"
630,5,19,"5:17:26","16:17:4"
631,1,16,"12:47:56","16:36:13"
631,2,68,"17:58:26","6:11:46"
631,3,59,"6:56:40","5:27:3"
631,4,22,"8:36:7","15:55:54"
631,5,14,"19:36:11","21:25:58"
632,1,32,"15:28:37","18:5:30"
632,2,87,"15:32:9","18:31:8"
632,3,38,"17:8:37","8:18:37"
632,4,73,"7:37:54","11:17:44"
632,5,8,"14:28:21","20:43:11"
633,1,85,"15:58:53","9:49:55"
633,2,26,"8:10:7","13:35:1"
633,3,30,"22:59:5","20:14:41"
633,4,2,"22:13:27","11:16:50"
633,5,4,"10:11:38","18:53:24"
634,1,68,"10:38:23","18:39:59"
634,2,83,"21:38:21","14:49:52"
634,3,21,"23:44:48","23:25:44"
634,4,55,"9:43:43","18:20:47"
634,5,27,"6:11:42","20:4:49"
635,1,52,"14:3:15","10:31:4"
635,2,28,"14:14:55","23:55:28"
635,3,23,"13:57:52","21:11:31"
635,4,79,"22:42:30","18:35:42"
635,5,34,"8:51:40","21:26:58"
636,1,44,"20:24:11","20:16:40"
636,2,78,"10:36:34","18:17:28"
636,3,43,"9:8:11","15:45:11"
636,4,63,"9:1:24","11:9:57"
636,5,73,"6:41:14","16:56:13"
637,1,70,"17:4:45","6:36:41"
637,2,12,"13:16:5","10:31:55"
637,3,64,"13:15:50","11:39:29"
637,4,41,"14:40:18","12:13:21"
637,5,48,"15:3:28","15:21:54"
638,1,81,"21:59:3","9:22:34"
638,2,81,"14:39:9","16:7:8"
638,3,8,"12:45:30","8:47:52"
638,4,73,"5:40:29","18:45:1"
638,5,20,"19:39:31","11:44:1"
639,1,42,"6:15:20","8:30:23"
639,2,66,"5:0:30","9:2:40"
639,3,79,"7:5:46","9:15:53"
639,4,93,"17:41:1","6:5:24"
639,5,62,"16:21:40","18:4:36"
640,1,32,"20:16:1","11:24:6"
640,2,22,"8:17:53","13:2:14"
640,3,79,"20:1:19","23:17:11"
640,4,53,"20:17:35","21:44:9"
640,5,94,"11:55:8","19:7:46"
641,1,2,"8:10:27","13:47:33"
641,2,57,"16:55:27","19:26:31"
641,3,21,"15:44:12","16:0:34"
641,4,44,"23:1:40","12:9:27"
641,5,68,"16:25:48","9:50:42"
642,1,27,"8:41:12","11:12:46"
642,2,14,"7:15:28","20:11:2"
642,3,20,"13:54:21","9:29:38"
642,4,12,"9:8:53","7:21:20"
642,5,77,"9:42:28","22:35:29"
643,1,14,"5:56:44","9:51:44"
643,2,21,"18:12:14","23:40:14"
643,3,66,"19:35:37","16:50:13"
643,4,64,"12:28:1","22:5:48"
643,5,71,"5:39:25","20:31:10"
644,1,41,"13:49:33","17:1:1"
644,2,71,"15:17:41","10:16:34"
644,3,39,"8:6:44","12:28:27"
644,4,87,"17:21:36","16:33:53"
644,5,40,"20:51:52","5:54:12"
645,1,52,"18:26:58","21:8:25"
645,2,22,"5:14:52","11:52:41"
645,3,6,"8:28:53","6:52:3"
645,4,60,"7:58:57","10:7:30"
645,5,39,"20:13:26","9:59:10"
646,1,31,"20:58:43","7:10:55"
646,2,33,"21:58:7","23:2:22"
646,3,84,"15:23:44","17:23:42"
646,4,4,"8:41:12","12:59:51"
646,5,38,"10:16:53","22:11:43"
647,1,36,"11:42:57","14:56:0"
647,2,79,"17:53:27","5:21:45"
647,3,27,"14:21:48","11:49:43"
647,4,86,"7:21:16","18:22:55"
647,5,68,"6:15:16","16:44:26"
648,1,45,"12:33:5","10:9:17"
648,2,30,"19:23:48","20:5:31"
648,3,98,"22:9:35","14:49:42"
648,4,22,"19:32:20","6:49:48"
648,5,8,"18:46:18","20:44:39"
649,1,3,"5:53:50","8:37:10"
649,2,43,"17:50:7","14:55:59"
649,3,16,"19:12:21","21:58:50"
649,4,22,"5:37:0","11:33:24"
649,5,42,"13:15:5","8:56:28"
650,1,44,"20:51:42","12:56:4"
650,2,13,"15:47:40","9:54:22"
650,3,5,"9:39:49","23:5:47"
650,4,73,"7:22:57","10:51:31"
650,5,78,"14:25:37","17:36:19"
651,1,30,"7:12:59","20:22:53"
651,2,95,"11:32:23","14:55:1"
651,3,86,"16:49:2","8:2:48"
651,4,35,"9:1:49","5:3:10"
651,5,97,"5:35:26","21:43:18"
652,1,41,"23:47:14","10:6:42"
652,2,68,"11:15:22","18:34:8"
652,3,100,"14:5:18","5:8:41"
652,4,34,"20:39:22","23:58:40"
652,5,17,"12:46:28","17:16:25"
653,1,42,"21:1:6","13:50:11"
653,2,89,"18:49:13","12:8:40"
653,3,94,"10:23:55","14:13:5"
653,4,50,"19:20:38","9:43:38"
653,5,77,"8:50:18","11:18:25"
654,1,99,"11:35:2","11:31:59"
654,2,58,"22:13:28","15:18:11"
654,3,50,"12:2:40","8:37:29"
654,4,59,"7:2:33","7:22:49"
654,5,82,"22:2:16","19:8:7"
655,1,79,"18:36:1","9:49:9"
655,2,71,"13:17:25","20:26:6"
655,3,58,"23:59:5","7:0:41"
655,4,28,"19:5:21","5:16:7"
655,5,22,"18:3:6","7:17:24"
656,1,40,"9:33:36","12:1:49"
656,2,62,"6:35:51","7:19:11"
656,3,92,"14:16:24","14:39:59"
656,4,41,"9:40:52","19:43:13"
656,5,71,"22:17:57","23:7:3"
657,1,3,"13:43:29","14:14:38"
657,2,7,"18:4:57","8:45:52"
657,3,17,"12:40:22","22:32:40"
657,4,28,"20:24:46","23:44:15"
657,5,35,"10:7:41","22:13:50"
658,1,76,"19:39:10","12:18:47"
658,2,67,"16:4:31","6:50:26"
658,3,50,"12:0:40","9:31:19"
658,4,21,"18:1:53","11:21:7"
658,5,52,"6:47:36","8:27:38"
659,1,46,"8:37:7","22:8:31"
659,2,80,"16:15:12","6:59:3"
659,3,33,"5:12:17","17:44:41"
659,4,81,"14:34:1","6:54:6"
659,5,71,"21:15:29","20:15:56"
660,1,1,"9:26:16","17:32:28"
660,2,67,"23:17:58","9:10:42"
660,3,75,"15:50:23","18:54:3"
660,4,15,"15:17:26","8:17:26"
660,5,92,"20:16:21","14:17:57"
661,1,90,"9:41:36","20:29:22"
661,2,81,"7:12:34","6:44:27"
661,3,39,"9:33:28","15:58:13"
661,4,55,"12:17:26","10:38:19"
661,5,39,"22:48:30","15:44:27"
662,1,45,"5:9:39","19:18:4"
662,2,95,"12:5:52","11:24:32"
662,3,56,"16:2:41","9:20:43"
662,4,19,"16:10:34","7:36:59"
662,5,25,"12:2:54","6:34:34"
663,1,67,"20:32:14","5:19:6"
663,2,55,"17:35:9","14:51:24"
663,3,37,"11:49:28","6:2:0"
663,4,69,"10:32:48","9:3:59"
663,5,66,"21:27:37","12:55:17"
664,1,20,"10:23:43","14:45:13"
664,2,84,"15:12:12","20:39:48"
664,3,55,"10:18:19","10:37:53"
664,4,71,"5:47:9","5:0:0"
664,5,62,"16:11:23","14:42:48"
665,1,60,"21:19:32","15:50:1"
665,2,93,"7:3:21","13:36:44"
665,3,37,"17:35:42","12:47:18"
665,4,29,"15:6:14","11:36:59"
665,5,1,"13:33:42","9:28:36"
666,1,94,"12:48:27","23:13:1"
666,2,76,"23:16:15","23:0:24"
666,3,63,"12:32:18","10:50:58"
666,4,46,"9:30:58","22:58:18"
666,5,5,"9:52:0","10:17:43"
667,1,29,"7:3:14","10:45:58"
667,2,59,"19:6:42","21:59:53"
667,3,65,"8:10:6","17:13:53"
667,4,21,"18:40:3","7:32:58"
667,5,75,"11:32:5","11:54:1"
668,1,53,"20:49:21","12:51:44"
668,2,82,"14:39:9","8:14:14"
668,3,18,"16:30:42","23:7:59"
668,4,12,"21:34:8","10:12:36"
668,5,22,"8:9:53","14:25:31"
669,1,56,"13:31:45","17:6:54"
669,2,49,"7:2:41","10:18:31"
669,3,65,"16:8:54","12:55:25"
669,4,27,"5:36:31","15:54:22"
669,5,67,"6:4:1","8:42:22"
670,1,84,"23:8:11","5:51:5"
670,2,90,"22:39:56","13:48:18"
670,3,91,"7:4:46","7:7:37"
670,4,36,"11:37:47","13:9:15"
670,5,91,"21:38:8","9:55:54"
671,1,95,"13:5:40","10:1:9"
671,2,61,"21:37:33","5:23:22"
671,3,85,"14:8:57","23:18:32"
671,4,66,"10:24:17","16:40:50"
671,5,20,"16:5:44","7:33:29"
672,1,57,"19:31:34","22:24:46"
672,2,82,"22:52:43","5:38:2"
672,3,90,"21:57:5","9:24:59"
672,4,41,"16:46:40","17:54:4"
672,5,55,"15:34:30","7:13:39"
673,1,56,"9:26:32","16:24:13"
673,2,34,"22:16:42","5:34:39"
673,3,86,"13:43:19","14:30:37"
673,4,76,"13:15:30","13:50:0"
673,5,82,"15:54:54","6:36:57"
674,1,25,"18:30:48","5:7:18"
674,2,53,"10:21:25","14:6:33"
674,3,20,"10:15:36","12:23:8"
674,4,13,"14:36:42","6:54:40"
674,5,33,"20:57:40","20:43:17"
675,1,83,"16:57:32","10:41:41"
675,2,23,"22:58:22","6:13:33"
675,3,11,"7:16:44","20:17:14"
675,4,1,"20:19:15","19:24:20"
675,5,67,"12:59:57","9:16:30"
676,1,17,"21:40:33","10:12:42"
676,2,79,"17:2:45","18:22:6"
676,3,15,"15:31:2","7:33:30"
676,4,14,"19:5:27","22:12:23"
676,5,67,"9:52:13","21:56:19"
677,1,15,"18:58:17","12:48:11"
677,2,52,"15:52:51","23:36:58"
677,3,18,"11:12:54","18:46:10"
677,4,62,"14:3:53","21:5:41"
677,5,83,"16:3:23","19:53:23"
678,1,96,"15:15:43","10:25:3"
678,2,56,"18:37:19","9:11:30"
678,3,53,"11:21:6","14:40:37"
678,4,32,"15:32:25","8:14:58"
678,5,16,"6:16:37","12:43:45"
679,1,67,"5:4:3","20:48:2"
679,2,5,"5:54:10","8:44:48"
679,3,49,"20:55:8","19:52:47"
679,4,40,"17:47:30","20:17:44"
679,5,87,"5:42:17","15:4:24"
680,1,51,"18:50:27","16:51:26"
680,2,51,"16:43:57","21:37:28"
680,3,35,"21:30:31","23:27:43"
680,4,32,"12:18:29","20:59:17"
680,5,78,"16:8:33","8:42:20"
681,1,16,"21:38:22","19:8:47"
681,2,85,"7:52:1","8:50:45"
681,3,51,"8:33:34","21:23:34"
681,4,1,"15:30:34","16:41:4"
681,5,67,"23:43:25","21:19:28"
682,1,55,"14:37:17","13:59:34"
682,2,42,"20:40:59","19:50:49"
682,3,25,"18:9:11","9:38:58"
682,4,9,"23:51:0","18:18:9"
682,5,65,"10:28:49","8:22:8"
683,1,51,"15:26:16","6:31:43"
683,2,59,"13:19:11","16:2:13"
683,3,21,"22:34:29","10:5:7"
683,4,9,"11:32:24","15:22:39"
683,5,43,"19:42:18","11:13:5"
684,1,39,"17:38:53","15:37:25"
684,2,82,"22:27:30","19:40:41"
684,3,56,"9:6:48","6:7:3"
684,4,70,"22:4:4","10:5:4"
684,5,12,"11:14:42","15:46:12"
685,1,16,"23:46:11","14:54:29"
685,2,99,"9:32:7","20:22:36"
685,3,92,"22:3:13","9:42:25"
685,4,70,"6:44:30","17:46:4"
685,5,38,"16:44:26","17:7:28"
686,1,45,"21:0:31","20:21:17"
686,2,66,"17:42:40","8:2:26"
686,3,44,"7:50:59","14:34:32"
686,4,24,"21:40:33","10:37:15"
686,5,11,"21:22:9","12:37:53"
687,1,23,"9:46:6","20:34:54"
687,2,62,"11:48:35","18:18:24"
687,3,94,"16:45:33","23:32:59"
687,4,21,"12:20:58","14:18:49"
687,5,25,"5:27:2","16:5:26"
688,1,84,"17:21:41","10:8:47"
688,2,79,"7:38:6","7:50:44"
688,3,80,"9:43:44","19:14:15"
688,4,31,"20:59:30","18:52:57"
688,5,96,"18:47:6","20:55:35"
689,1,76,"7:17:20","10:32:10"
689,2,64,"18:49:0","8:25:3"
689,3,100,"21:8:11","19:38:18"
689,4,5,"19:18:25","8:14:2"
689,5,31,"7:57:18","7:16:27"
690,1,32,"21:0:48","14:28:20"
690,2,20,"8:41:26","19:1:29"
690,3,64,"10:12:54","23:38:35"
690,4,68,"18:5:44","12:44:50"
690,5,94,"17:56:41","12:7:19"
691,1,50,"17:24:34","12:6:22"
691,2,32,"11:25:26","8:10:9"
691,3,53,"17:31:37","6:6:35"
691,4,17,"19:57:10","16:19:58"
691,5,71,"6:47:3","11:52:53"
692,1,56,"9:41:49","19:23:51"
692,2,10,"20:51:36","19:34:55"
692,3,67,"14:30:30","18:27:33"
692,4,77,"13:27:38","8:26:30"
692,5,61,"9:13:55","23:30:37"
693,1,37,"12:15:47","5:57:2"
693,2,31,"11:6:11","22:27:21"
693,3,63,"7:35:54","14:0:17"
693,4,32,"12:18:57","12:5:58"
693,5,43,"8:10:44","19:3:58"
694,1,7,"11:36:26","20:36:37"
694,2,90,"15:56:21","9:46:56"
694,3,27,"17:23:4","6:12:45"
694,4,18,"13:7:32","9:44:48"
694,5,69,"11:53:28","19:3:2"
695,1,72,"11:1:21","7:13:10"
695,2,6,"22:53:11","9:5:56"
695,3,39,"6:5:34","13:10:30"
695,4,26,"21:2:17","12:2:56"
695,5,78,"14:34:35","18:20:25"
696,1,80,"15:38:16","21:45:19"
696,2,86,"6:28:19","23:2:13"
696,3,43,"23:55:43","15:53:39"
696,4,82,"19:5:18","14:30:41"
696,5,61,"23:11:58","6:32:40"
697,1,90,"8:35:46","20:53:36"
697,2,76,"20:0:39","23:40:8"
697,3,100,"18:26:31","12:38:31"
697,4,86,"11:37:6","18:9:39"
697,5,25,"16:54:53","23:51:19"
698,1,43,"5:39:1","10:18:39"
698,2,48,"16:15:23","18:6:26"
698,3,49,"23:36:15","20:51:4"
698,4,38,"20:11:33","18:34:45"
698,5,56,"17:2:26","17:37:35"
699,1,40,"9:44:55","9:22:26"
699,2,5,"18:29:35","16:9:27"
699,3,94,"9:12:55","18:58:1"
699,4,53,"14:0:44","16:49:56"
699,5,27,"5:30:11","8:33:0"
700,1,6,"14:2:55","8:31:18"
700,2,96,"18:35:32","20:49:56"
700,3,3,"12:43:28","14:10:10"
700,4,58,"5:45:14","14:37:35"
700,5,24,"16:36:9","17:3:16"
701,1,87,"13:18:7","21:12:22"
701,2,41,"20:57:20","7:41:31"
701,3,52,"14:56:39","9:26:24"
701,4,14,"20:17:16","15:51:50"
701,5,89,"12:22:31","18:50:14"
702,1,45,"15:25:57","11:53:38"
702,2,12,"8:19:7","9:1:53"
702,3,37,"17:0:18","16:6:39"
702,4,74,"13:32:31","18:28:9"
702,5,91,"17:12:37","14:38:47"
703,1,99,"22:28:10","7:7:22"
703,2,45,"7:52:21","18:29:29"
703,3,42,"11:39:29","10:44:22"
703,4,95,"8:8:6","17:42:55"
703,5,14,"11:15:1","18:0:47"
704,1,30,"11:33:12","20:39:56"
704,2,27,"23:26:8","20:1:8"
704,3,53,"14:21:53","12:3:9"
704,4,75,"17:15:5","22:29:6"
704,5,93,"23:58:31","20:41:44"
705,1,79,"6:57:51","12:12:39"
705,2,12,"23:52:57","14:4:40"
705,3,43,"15:1:12","9:18:46"
705,4,28,"23:10:21","18:27:17"
705,5,83,"17:32:59","21:32:22"
706,1,5,"17:35:5","10:40:37"
706,2,77,"14:34:2","20:5:30"
706,3,87,"11:28:27","5:24:59"
706,4,96,"10:15:13","12:24:40"
706,5,99,"7:55:42","17:50:4"
707,1,73,"14:31:3","12:33:49"
707,2,26,"13:0:1","23:2:1"
707,3,35,"11:58:4","20:44:3"
707,4,31,"7:34:21","23:19:26"
707,5,4,"10:44:25","17:51:36"
708,1,89,"10:39:21","20:48:2"
708,2,42,"23:21:56","9:11:22"
708,3,79,"23:19:26","11:28:45"
708,4,53,"19:49:58","6:4:53"
708,5,81,"22:35:42","18:52:41"
709,1,72,"7:56:23","14:17:11"
709,2,11,"20:17:48","13:59:48"
709,3,43,"21:4:14","10:15:5"
709,4,36,"15:16:38","18:13:8"
709,5,62,"10:8:52","15:7:3"
710,1,57,"14:36:33","19:35:14"
710,2,97,"8:23:12","20:33:37"
710,3,80,"15:49:6","8:16:34"
710,4,92,"21:44:10","13:37:57"
710,5,82,"7:25:24","13:12:11"
711,1,32,"21:58:3","20:38:32"
711,2,44,"16:33:10","10:24:42"
711,3,68,"23:26:49","21:51:26"
711,4,32,"9:26:15","10:41:55"
711,5,29,"20:22:11","9:24:42"
712,1,49,"18:35:8","22:19:2"
712,2,81,"5:35:27","23:10:10"
712,3,36,"9:28:17","15:27:0"
712,4,6,"16:57:44","21:8:34"
712,5,43,"12:59:46","17:5:8"
713,1,46,"16:25:24","14:21:10"
713,2,64,"9:29:9","23:28:38"
713,3,79,"11:56:55","23:32:14"
713,4,100,"10:2:15","11:23:30"
713,5,88,"23:25:2","15:45:54"
714,1,58,"12:48:1","7:19:41"
714,2,23,"20:40:55","13:34:27"
714,3,99,"14:42:3","9:24:24"
714,4,84,"19:54:56","15:0:56"
714,5,20,"18:10:56","21:16:9"
715,1,33,"20:59:44","6:17:43"
715,2,66,"20:45:8","13:46:48"
715,3,74,"5:54:1","9:10:8"
715,4,6,"16:33:26","14:51:46"
715,5,28,"15:23:19","15:54:0"
716,1,26,"14:32:53","15:26:12"
716,2,35,"20:18:43","7:46:38"
716,3,13,"6:14:55","11:41:9"
716,4,74,"15:49:24","20:49:9"
716,5,13,"18:26:1","8:31:28"
717,1,70,"15:37:32","8:24:33"
717,2,95,"11:34:57","8:26:56"
717,3,20,"8:9:15","7:0:27"
717,4,20,"6:52:45","5:4:20"
717,5,33,"21:9:45","22:32:49"
718,1,64,"22:47:30","23:12:49"
718,2,90,"17:49:44","13:0:10"
718,3,29,"9:32:20","14:42:0"
718,4,46,"22:58:5","17:34:0"
718,5,61,"19:8:29","13:15:25"
719,1,78,"5:56:57","18:51:48"
719,2,29,"14:57:6","8:23:15"
719,3,70,"14:37:16","13:14:24"
719,4,49,"5:45:52","17:22:37"
719,5,97,"19:40:19","19:40:48"
720,1,91,"8:29:34","12:2:33"
720,2,98,"14:44:27","9:45:16"
720,3,96,"14:39:44","18:53:40"
720,4,15,"9:3:36","6:12:43"
720,5,22,"12:18:23","10:29:1"
721,1,73,"8:13:17","17:41:34"
721,2,42,"14:58:35","12:2:18"
721,3,72,"16:37:36","5:59:15"
721,4,91,"12:58:40","14:38:9"
721,5,16,"17:19:55","10:34:8"
722,1,59,"10:49:22","20:9:20"
722,2,82,"11:33:49","13:59:47"
722,3,21,"6:16:36","15:9:14"
722,4,68,"19:34:57","5:36:47"
722,5,23,"23:46:52","9:43:49"
723,1,35,"18:52:12","21:5:4"
723,2,68,"7:33:44","6:32:33"
723,3,78,"16:16:33","20:0:31"
723,4,39,"12:36:34","10:39:33"
723,5,18,"15:11:52","7:59:5"
724,1,59,"20:23:6","12:14:9"
724,2,60,"5:31:13","18:20:39"
724,3,29,"21:9:17","22:56:23"
724,4,98,"6:2:59","16:17:57"
724,5,53,"21:10:28","11:47:51"
725,1,1,"13:11:45","18:33:33"
725,2,56,"15:40:36","16:50:26"
725,3,97,"9:6:43","20:40:11"
725,4,3,"11:38:13","11:54:23"
725,5,32,"17:6:18","18:38:53"
726,1,37,"15:24:41","11:58:17"
726,2,46,"9:44:58","19:22:27"
726,3,11,"22:19:9","16:12:30"
726,4,65,"23:8:34","9:20:34"
726,5,44,"23:53:20","12:46:39"
727,1,44,"7:23:2","10:47:9"
727,2,53,"8:35:41","13:56:39"
727,3,50,"14:0:47","18:46:40"
727,4,11,"10:17:50","15:15:38"
727,5,34,"21:32:42","9:35:8"
728,1,41,"15:53:27","19:31:38"
728,2,68,"15:53:16","14:51:51"
728,3,74,"20:6:51","7:34:42"
728,4,48,"19:44:12","19:58:51"
728,5,9,"9:15:35","19:12:24"
729,1,18,"12:25:28","10:28:22"
729,2,17,"14:24:47","15:58:44"
729,3,78,"7:27:12","5:1:1"
729,4,37,"16:3:34","18:33:51"
729,5,58,"23:14:16","13:30:12"
730,1,90,"23:52:59","20:41:10"
730,2,45,"18:55:7","11:35:6"
730,3,43,"22:8:16","8:20:46"
730,4,53,"5:4:4","18:40:6"
730,5,63,"12:51:26","17:19:26"
731,1,36,"13:16:43","6:8:38"
731,2,99,"12:49:58","16:1:44"
731,3,75,"14:20:44","21:28:46"
731,4,67,"7:47:20","20:39:59"
731,5,21,"7:52:41","17:37:5"
732,1,92,"6:25:58","11:34:2"
732,2,42,"11:23:0","14:26:37"
732,3,94,"15:45:5","8:23:4"
732,4,54,"13:29:9","12:26:32"
732,5,8,"7:30:35","7:50:12"
733,1,5,"23:18:27","21:48:47"
733,2,10,"15:39:55","18:9:19"
733,3,22,"21:25:35","9:38:43"
733,4,92,"14:36:18","15:1:26"
733,5,97,"16:17:54","8:50:6"
734,1,43,"17:42:13","20:27:48"
734,2,93,"14:5:35","10:21:10"
734,3,74,"15:24:30","8:54:0"
734,4,2,"13:41:59","13:2:34"
734,5,91,"20:53:32","14:52:19"
735,1,19,"23:58:57","7:44:38"
735,2,16,"19:11:2","21:23:37"
735,3,56,"16:31:26","8:26:43"
735,4,67,"18:29:15","14:10:45"
735,5,2,"5:5:9","21:10:51"
736,1,14,"7:14:12","11:5:3"
736,2,84,"17:17:52","9:25:2"
736,3,28,"20:2:55","20:3:23"
736,4,13,"5:27:30","21:49:19"
736,5,56,"16:9:34","22:44:8"
737,1,6,"15:39:57","21:7:38"
737,2,93,"12:43:50","12:7:11"
737,3,71,"17:52:45","13:14:32"
737,4,11,"10:49:26","16:44:51"
737,5,29,"23:18:10","8:54:39"
738,1,99,"9:41:55","21:31:31"
738,2,48,"8:23:14","7:50:34"
738,3,50,"14:55:38","22:24:22"
738,4,49,"11:39:5","21:56:20"
738,5,27,"7:17:36","9:12:30"
739,1,88,"22:56:17","8:30:23"
739,2,76,"14:22:7","17:51:16"
739,3,15,"7:30:1","8:38:42"
739,4,34,"19:41:16","7:56:0"
739,5,77,"22:40:12","21:58:20"
740,1,9,"7:46:20","10:51:40"
740,2,47,"11:54:2","9:1:43"
740,3,5,"16:9:31","9:7:17"
740,4,99,"6:15:28","16:38:43"
740,5,86,"17:16:38","22:14:29"
741,1,63,"23:13:40","20:16:27"
741,2,65,"23:17:17","10:0:8"
741,3,8,"21:52:32","18:38:31"
741,4,54,"17:44:36","22:42:49"
741,5,92,"21:30:9","17:3:30"
742,1,28,"19:51:40","15:5:59"
742,2,34,"20:53:45","11:10:44"
742,3,1,"8:30:11","21:41:5"
742,4,85,"22:2:53","13:16:7"
742,5,14,"11:10:27","11:30:24"
743,1,53,"23:41:59","19:3:24"
743,2,24,"12:44:12","23:22:19"
743,3,25,"13:44:0","12:4:33"
743,4,74,"10:28:14","6:27:0"
743,5,13,"22:34:18","5:40:35"
744,1,64,"17:36:46","15:17:57"
744,2,74,"12:15:58","12:38:28"
744,3,58,"11:6:24","16:42:30"
744,4,45,"8:59:42","23:51:48"
744,5,82,"11:5:31","6:58:23"
745,1,67,"10:17:59","21:6:39"
745,2,26,"14:28:0","7:17:27"
745,3,68,"15:35:5","20:59:56"
745,4,24,"5:3:8","12:15:33"
745,5,45,"14:44:44","21:56:59"
746,1,55,"21:11:27","21:54:13"
746,2,14,"8:13:15","13:25:35"
746,3,7,"18:4:54","23:2:52"
746,4,33,"14:43:54","7:35:20"
746,5,61,"12:25:2","19:0:8"
747,1,80,"19:49:0","10:58:53"
747,2,33,"20:45:16","13:18:10"
747,3,59,"18:0:12","9:2:39"
747,4,81,"22:30:3","21:22:6"
747,5,20,"6:34:16","13:32:47"
748,1,46,"17:58:17","8:33:52"
748,2,79,"19:44:51","13:47:11"
748,3,20,"15:31:31","18:18:25"
748,4,91,"21:5:50","23:48:16"
748,5,45,"13:24:37","14:0:59"
749,1,79,"12:2:33","12:3:38"
749,2,25,"23:24:39","9:11:57"
749,3,47,"22:45:45","9:10:52"
749,4,7,"21:32:38","15:48:46"
749,5,73,"10:37:42","12:49:46"
750,1,59,"17:34:23","20:33:39"
750,2,77,"23:27:29","20:49:0"
750,3,42,"7:35:42","17:13:8"
750,4,90,"14:14:25","9:36:53"
750,5,28,"11:7:55","21:47:42"
751,1,39,"8:29:50","9:47:31"
751,2,49,"9:48:8","19:52:43"
751,3,24,"18:26:9","19:0:47"
751,4,66,"10:52:50","22:46:56"
751,5,74,"23:35:24","7:21:21"
752,1,73,"21:13:42","9:41:23"
752,2,63,"20:26:58","16:40:10"
752,3,77,"6:28:17","16:58:5"
752,4,59,"10:13:49","10:24:32"
752,5,69,"8:59:39","21:45:3"
753,1,34,"9:42:9","12:38:36"
753,2,17,"21:4:49","5:45:23"
753,3,9,"20:39:32","7:11:51"
753,4,10,"8:19:5","12:57:13"
753,5,54,"23:16:46","22:39:8"
754,1,66,"23:43:19","14:37:13"
754,2,9,"7:0:59","7:13:57"
754,3,6,"21:34:10","10:29:23"
754,4,65,"7:8:36","10:27:19"
754,5,60,"20:55:33","15:45:48"
755,1,71,"17:54:45","6:36:3"
755,2,14,"18:21:30","6:44:54"
755,3,75,"6:48:23","13:44:1"
755,4,84,"13:27:43","19:29:57"
755,5,13,"21:31:59","8:28:37"
756,1,78,"6:7:47","15:39:21"
756,2,74,"13:4:13","21:45:54"
756,3,22,"8:47:55","15:53:25"
756,4,13,"15:59:28","19:0:38"
756,5,19,"23:4:34","12:41:49"
757,1,20,"16:37:25","22:22:38"
757,2,4,"20:1:16","21:11:20"
757,3,50,"14:2:36","23:25:4"
757,4,44,"20:13:21","14:20:19"
757,5,76,"8:1:32","9:17:33"
758,1,11,"11:16:7","14:54:9"
758,2,74,"22:5:4","21:7:38"
758,3,53,"17:41:19","20:25:27"
758,4,100,"16:32:48","12:18:29"
758,5,98,"13:56:36","10:24:2"
759,1,16,"12:44:55","13:4:9"
759,2,46,"6:51:28","10:1:43"
759,3,98,"18:46:42","19:6:18"
759,4,55,"21:41:20","21:43:56"
759,5,4,"18:58:8","23:54:50"
760,1,70,"5:21:51","12:12:10"
760,2,27,"19:34:43","13:1:36"
760,3,44,"10:34:38","17:22:13"
760,4,14,"8:21:52","20:5:21"
760,5,74,"5:18:31","17:22:22"
761,1,42,"23:36:40","19:13:26"
761,2,43,"22:33:50","12:7:25"
761,3,76,"23:25:6","10:40:49"
761,4,91,"12:45:20","23:50:40"
761,5,75,"16:32:27","14:26:50"
762,1,33,"14:39:47","10:59:35"
762,2,85,"18:15:18","22:19:29"
762,3,41,"15:58:44","13:45:14"
762,4,92,"11:21:22","8:29:30"
762,5,74,"5:14:46","16:22:8"
763,1,85,"14:34:41","14:38:54"
763,2,21,"5:53:6","18:24:11"
763,3,4,"8:50:14","14:3:21"
763,4,44,"20:59:14","10:20:28"
763,5,94,"22:3:40","19:49:24"
764,1,46,"8:5:51","22:16:18"
764,2,87,"18:10:13","7:48:37"
764,3,12,"19:28:34","12:7:41"
764,4,87,"18:27:20","17:23:35"
764,5,66,"22:28:53","7:4:38"
765,1,66,"21:56:17","20:55:32"
765,2,14,"7:28:20","5:23:28"
765,3,22,"6:25:5","17:45:26"
765,4,97,"23:12:10","9:11:43"
765,5,52,"12:12:30","21:25:9"
766,1,54,"15:43:21","8:7:33"
766,2,81,"6:1:27","18:3:47"
766,3,93,"16:6:25","8:5:37"
766,4,80,"11:53:11","9:53:8"
766,5,23,"10:35:21","14:49:52"
767,1,90,"5:38:45","15:48:19"
767,2,8,"8:43:1","17:44:24"
767,3,77,"16:40:55","22:11:27"
767,4,59,"16:24:27","14:36:28"
767,5,39,"15:49:55","21:28:8"
768,1,17,"14:46:2","14:10:35"
768,2,26,"8:25:59","8:18:33"
768,3,7,"15:35:43","13:55:42"
768,4,21,"18:10:42","9:6:17"
768,5,85,"17:51:36","20:36:37"
769,1,83,"21:36:56","9:45:26"
769,2,93,"23:17:42","7:35:21"
769,3,91,"8:36:34","23:16:18"
769,4,83,"15:35:30","22:54:18"
769,5,4,"5:1:14","10:17:56"
770,1,19,"11:21:47","19:57:50"
770,2,3,"15:4:3","19:42:32"
770,3,45,"16:32:26","5:41:35"
770,4,32,"13:28:32","10:54:6"
770,5,99,"7:40:58","15:29:17"
771,1,39,"6:28:23","14:49:11"
771,2,83,"19:4:32","14:19:33"
771,3,78,"13:29:31","17:41:45"
771,4,90,"19:26:20","12:44:40"
771,5,8,"16:31:41","18:42:34"
772,1,23,"19:14:13","7:19:14"
772,2,49,"5:3:46","16:17:0"
772,3,46,"13:2:39","18:8:48"
772,4,45,"12:30:44","10:58:14"
772,5,52,"8:2:32","20:24:43"
773,1,81,"10:10:19","17:33:36"
773,2,4,"6:28:58","6:28:22"
773,3,24,"14:34:30","22:16:53"
773,4,56,"20:57:18","11:23:59"
773,5,42,"23:39:7","11:56:40"
774,1,60,"23:2:30","8:21:57"
774,2,14,"5:48:16","20:35:19"
774,3,85,"19:21:7","10:8:1"
774,4,62,"22:3:55","16:3:22"
774,5,53,"21:36:38","13:52:41"
775,1,92,"21:26:18","5:26:13"
775,2,24,"20:18:7","14:9:16"
775,3,21,"20:7:10","6:59:6"
775,4,99,"15:45:0","17:8:35"
775,5,7,"22:15:56","5:27:20"
776,1,86,"15:28:55","11:32:52"
776,2,4,"19:5:8","20:18:24"
776,3,21,"21:23:6","15:6:51"
776,4,72,"16:1:58","12:16:23"
776,5,75,"22:40:13","10:3:8"
777,1,40,"6:18:14","7:24:0"
777,2,54,"16:21:53","19:54:16"
777,3,91,"16:22:52","15:45:25"
777,4,2,"15:51:52","5:7:12"
777,5,94,"13:18:36","14:56:6"
778,1,38,"23:40:52","9:11:47"
778,2,14,"17:15:51","13:48:19"
778,3,11,"18:45:25","12:34:14"
778,4,79,"17:54:45","9:19:7"
778,5,93,"9:9:30","15:31:35"
779,1,66,"10:36:38","5:33:29"
779,2,26,"16:5:40","14:0:31"
779,3,52,"17:30:55","13:50:59"
779,4,47,"16:24:33","17:11:21"
779,5,12,"17:48:30","13:32:13"
780,1,51,"23:4:14","11:14:4"
780,2,39,"7:4:42","18:33:8"
780,3,21,"12:28:39","10:25:12"
780,4,85,"8:15:7","15:34:27"
780,5,38,"5:57:54","23:44:10"
781,1,55,"22:37:20","20:21:1"
781,2,36,"19:16:34","9:39:35"
781,3,77,"18:4:2","16:15:25"
781,4,89,"11:43:3","14:9:11"
781,5,76,"9:8:7","7:43:56"
782,1,17,"11:47:50","12:34:49"
782,2,46,"14:42:51","7:25:30"
782,3,10,"5:42:3","5:24:25"
782,4,39,"16:14:43","18:33:23"
782,5,43,"10:2:59","13:30:36"
783,1,95,"22:55:49","7:46:5"
783,2,59,"8:35:57","13:43:8"
783,3,72,"17:35:55","11:5:30"
783,4,50,"14:12:20","22:4:53"
783,5,97,"16:45:55","16:26:22"
784,1,21,"8:7:8","21:1:57"
784,2,29,"17:16:50","9:22:27"
784,3,67,"17:37:25","22:37:13"
784,4,80,"16:2:38","10:2:21"
784,5,71,"19:20:47","13:37:55"
785,1,6,"21:54:16","10:43:32"
785,2,74,"12:55:19","22:5:4"
785,3,58,"22:24:0","23:9:53"
785,4,61,"6:0:21","7:26:56"
785,5,77,"9:22:32","17:28:18"
786,1,75,"10:59:21","23:24:27"
786,2,68,"20:57:22","21:50:39"
786,3,18,"6:50:49","13:1:12"
786,4,1,"20:17:24","17:4:3"
786,5,22,"12:3:20","8:12:57"
787,1,14,"15:40:41","12:15:18"
787,2,68,"7:16:27","16:42:32"
787,3,44,"17:15:20","21:15:8"
787,4,66,"18:42:58","10:58:28"
787,5,58,"10:52:38","20:32:33"
788,1,20,"9:2:59","22:27:10"
788,2,55,"12:54:20","21:41:29"
788,3,38,"12:21:31","17:41:3"
788,4,31,"9:5:21","13:7:19"
788,5,17,"21:6:59","15:2:11"
789,1,3,"18:17:16","6:4:21"
789,2,57,"14:53:56","16:24:44"
789,3,90,"22:41:1","6:37:52"
789,4,50,"18:0:12","18:1:59"
789,5,71,"7:53:58","18:26:22"
790,1,13,"23:39:33","16:13:50"
790,2,24,"14:1:39","20:17:36"
790,3,17,"14:45:59","16:3:9"
790,4,97,"5:50:58","7:32:7"
790,5,17,"9:36:16","6:24:30"
791,1,45,"12:40:16","22:37:19"
791,2,18,"15:37:43","16:59:1"
791,3,82,"17:24:32","21:52:1"
791,4,73,"15:29:31","21:1:59"
791,5,10,"9:40:52","12:15:16"
792,1,76,"10:42:7","6:44:38"
792,2,75,"17:32:1","20:10:9"
792,3,31,"13:20:43","16:26:6"
792,4,44,"18:29:55","13:41:20"
792,5,7,"13:47:42","18:3:51"
793,1,57,"6:24:13","22:47:8"
793,2,12,"20:33:58","6:55:14"
793,3,35,"15:52:45","13:41:29"
793,4,77,"21:39:29","8:19:20"
793,5,27,"21:2:48","22:32:26"
794,1,25,"17:21:25","6:23:22"
794,2,36,"20:56:44","14:24:3"
794,3,20,"8:43:37","22:52:19"
794,4,35,"22:34:28","8:56:22"
794,5,75,"9:5:39","22:6:30"
795,1,86,"19:20:9","10:17:14"
795,2,59,"19:24:34","17:32:48"
795,3,88,"5:44:49","10:58:38"
795,4,39,"14:41:31","9:51:15"
795,5,71,"6:39:4","20:19:50"
796,1,8,"22:3:24","19:36:40"
796,2,69,"22:19:17","7:33:51"
796,3,64,"5:38:51","18:48:33"
796,4,92,"20:54:53","10:20:8"
796,5,32,"17:53:48","20:42:43"
797,1,6,"10:21:21","13:41:22"
797,2,19,"14:31:31","14:36:17"
797,3,26,"21:50:37","15:41:38"
797,4,22,"19:36:58","10:39:20"
797,5,4,"7:46:21","18:15:42"
798,1,18,"13:57:2","18:54:10"
798,2,37,"14:56:15","11:54:38"
798,3,24,"8:39:31","22:15:36"
798,4,18,"19:45:6","17:33:13"
798,5,45,"12:26:42","7:39:20"
799,1,69,"23:40:56","19:36:49"
799,2,51,"5:24:48","12:3:40"
799,3,94,"8:22:19","9:59:40"
799,4,53,"14:18:38","5:4:49"
799,5,86,"6:34:48","23:55:30"
800,1,44,"21:17:32","8:29:36"
800,2,58,"14:43:54","20:31:22"
800,3,4,"8:27:3","8:8:12"
800,4,56,"15:45:36","15:32:30"
800,5,29,"19:43:54","21:9:26"
801,1,57,"21:7:23","5:51:46"
801,2,61,"9:45:42","17:11:22"
801,3,87,"7:19:18","18:18:35"
801,4,21,"17:39:37","6:12:9"
801,5,82,"7:48:20","11:26:35"
802,1,7,"22:23:3","6:13:39"
802,2,73,"9:46:20","15:31:8"
802,3,95,"17:4:22","20:7:51"
802,4,100,"22:0:7","9:54:24"
802,5,19,"22:49:35","15:41:31"
803,1,96,"21:23:32","18:24:1"
803,2,42,"7:38:32","16:31:33"
803,3,37,"23:49:40","7:3:41"
803,4,29,"20:5:49","14:21:33"
803,5,27,"10:47:23","12:24:9"
804,1,76,"15:27:54","9:44:35"
804,2,100,"6:44:20","23:53:57"
804,3,89,"6:12:17","22:34:55"
804,4,18,"13:46:18","21:27:55"
804,5,35,"21:33:18","19:22:39"
805,1,50,"14:8:26","19:55:21"
805,2,43,"11:38:22","5:12:37"
805,3,39,"12:2:6","6:51:45"
805,4,19,"15:3:32","17:28:19"
805,5,76,"5:57:8","11:42:49"
806,1,43,"6:16:32","10:6:38"
806,2,23,"12:35:40","13:52:41"
806,3,51,"21:21:1","21:32:2"
806,4,80,"20:19:31","5:59:39"
806,5,65,"9:52:30","9:18:56"
807,1,33,"15:37:47","9:14:21"
807,2,1,"17:57:54","5:17:39"
807,3,38,"8:5:3","14:30:21"
807,4,77,"5:39:19","7:57:28"
807,5,90,"8:18:1","7:43:4"
808,1,93,"8:46:35","19:22:22"
808,2,50,"21:20:7","18:3:40"
808,3,14,"6:41:52","15:33:45"
808,4,72,"8:59:0","15:40:16"
808,5,40,"21:22:52","5:55:52"
809,1,56,"8:2:35","5:59:30"
809,2,87,"9:26:15","19:27:31"
809,3,35,"11:49:40","10:32:54"
809,4,71,"7:36:23","21:39:43"
809,5,60,"7:40:1","21:41:55"
810,1,9,"19:41:29","11:24:56"
810,2,6,"9:22:41","10:7:51"
810,3,27,"17:11:48","6:18:42"
810,4,45,"16:56:24","22:20:47"
810,5,84,"5:14:52","23:43:52"
811,1,47,"6:3:39","13:47:6"
811,2,10,"14:20:33","14:9:9"
811,3,35,"16:50:47","9:20:35"
811,4,17,"14:23:43","6:10:47"
811,5,54,"6:2:18","22:20:7"
812,1,96,"13:16:6","12:23:57"
812,2,41,"9:1:26","12:14:36"
812,3,36,"17:32:17","22:54:30"
812,4,55,"15:38:11","5:35:11"
812,5,3,"18:48:10","13:21:2"
813,1,14,"16:49:47","16:24:6"
813,2,49,"15:49:59","12:38:23"
813,3,11,"23:12:28","7:56:41"
813,4,11,"8:51:3","12:58:8"
813,5,55,"19:45:53","14:33:14"
814,1,5,"10:9:59","14:45:13"
814,2,82,"18:23:26","10:51:55"
814,3,76,"9:51:12","10:46:53"
814,4,42,"10:14:25","11:55:36"
814,5,61,"5:51:43","23:28:37"
815,1,13,"6:21:4","16:50:24"
815,2,100,"23:15:28","18:55:20"
815,3,50,"5:55:21","16:52:11"
815,4,79,"7:1:59","20:42:37"
815,5,6,"14:7:32","20:57:48"
816,1,63,"5:41:27","15:22:49"
816,2,30,"16:42:59","18:43:3"
816,3,43,"23:47:44","10:4:17"
816,4,79,"19:55:56","19:51:9"
816,5,29,"16:27:41","14:40:43"
817,1,5,"14:19:53","9:27:24"
817,2,50,"5:51:22","21:17:17"
817,3,51,"19:55:6","9:57:34"
817,4,77,"9:24:5","19:5:51"
817,5,23,"17:29:44","13:11:5"
818,1,92,"22:45:8","21:30:34"
818,2,74,"13:22:37","6:12:28"
818,3,99,"14:8:26","10:24:25"
818,4,37,"14:4:31","18:16:26"
818,5,30,"11:16:3","23:2:11"
819,1,7,"12:27:29","10:26:41"
819,2,87,"11:26:19","19:31:18"
819,3,34,"12:24:43","6:29:39"
819,4,1,"9:50:40","14:2:49"
819,5,63,"23:42:5","9:28:9"
820,1,92,"9:26:53","18:51:52"
820,2,75,"16:38:29","20:31:1"
820,3,37,"19:7:14","11:51:50"
820,4,7,"11:54:15","13:27:18"
820,5,37,"23:48:7","10:46:4"
821,1,66,"23:0:15","5:20:15"
821,2,50,"12:31:8","10:4:33"
821,3,1,"8:44:32","19:13:1"
821,4,89,"8:12:55","6:44:23"
821,5,52,"13:8:44","7:47:19"
822,1,25,"15:4:28","15:30:4"
822,2,86,"16:44:11","9:30:59"
822,3,76,"20:41:37","6:22:25"
822,4,8,"13:35:29","17:38:46"
822,5,35,"17:36:7","6:20:57"
823,1,73,"8:39:33","17:20:22"
823,2,78,"6:44:56","6:24:18"
823,3,5,"17:40:8","15:39:0"
823,4,58,"19:6:28","19:54:20"
823,5,20,"20:18:25","7:16:41"
824,1,59,"14:45:55","7:15:0"
824,2,28,"15:2:34","15:44:12"
824,3,26,"9:45:5","10:43:15"
824,4,74,"14:32:24","12:37:17"
824,5,71,"9:30:44","19:55:49"
825,1,74,"17:47:26","22:4:57"
825,2,100,"23:43:50","9:12:3"
825,3,33,"23:24:30","18:8:3"
825,4,11,"7:44:19","22:22:39"
825,5,73,"17:7:32","13:30:35"
826,1,75,"14:19:57","20:55:34"
826,2,89,"10:27:33","11:51:58"
826,3,91,"8:33:41","8:6:9"
826,4,95,"6:2:12","17:27:56"
826,5,65,"10:59:36","23:15:26"
827,1,72,"14:46:49","20:20:42"
827,2,9,"6:45:28","11:42:51"
827,3,85,"7:9:13","14:33:37"
827,4,68,"19:36:40","13:54:36"
827,5,32,"5:55:45","14:57:33"
828,1,58,"22:38:22","16:29:31"
828,2,73,"16:20:16","6:26:39"
828,3,85,"14:22:43","19:41:12"
828,4,54,"8:0:39","10:1:55"
828,5,81,"23:4:17","10:11:37"
829,1,80,"14:1:1","19:10:2"
829,2,43,"15:29:22","14:2:43"
829,3,35,"11:5:16","20:4:22"
829,4,99,"19:41:44","23:58:3"
829,5,6,"11:17:5","15:19:40"
830,1,47,"6:19:48","16:59:55"
830,2,56,"17:13:46","18:51:35"
830,3,16,"12:54:6","18:49:21"
830,4,58,"6:54:16","20:22:8"
830,5,69,"7:16:6","15:30:57"
831,1,67,"13:23:26","7:22:22"
831,2,76,"23:33:6","23:2:53"
831,3,8,"7:3:45","19:33:38"
831,4,5,"23:41:23","14:42:34"
831,5,35,"6:46:26","23:32:9"
832,1,72,"7:41:34","5:8:14"
832,2,50,"7:3:48","11:32:26"
832,3,72,"9:46:20","19:25:49"
832,4,54,"13:8:5","6:57:31"
832,5,83,"14:43:3","17:28:2"
833,1,10,"16:6:32","16:15:26"
833,2,98,"23:56:8","8:50:22"
833,3,87,"8:17:42","6:51:17"
833,4,17,"15:52:10","21:52:43"
833,5,18,"6:20:25","5:55:52"
834,1,76,"10:15:2","22:12:14"
834,2,41,"14:13:41","21:3:1"
834,3,95,"9:43:59","14:41:28"
834,4,31,"14:47:38","9:50:8"
834,5,18,"13:54:44","7:21:0"
835,1,76,"10:52:23","18:23:10"
835,2,9,"15:36:2","12:4:3"
835,3,21,"18:32:7","10:54:52"
835,4,24,"5:8:20","21:59:50"
835,5,23,"8:23:54","6:21:1"
836,1,72,"8:29:3","20:16:26"
836,2,66,"23:29:14","18:53:55"
836,3,16,"10:23:23","16:6:16"
836,4,97,"13:25:57","8:40:21"
836,5,9,"5:39:39","7:35:10"
837,1,89,"7:39:4","10:7:5"
837,2,88,"18:0:30","21:37:48"
837,3,73,"15:41:59","20:5:24"
837,4,43,"8:11:7","7:34:45"
837,5,50,"12:51:33","8:27:55"
838,1,23,"15:40:5","14:50:46"
838,2,25,"18:34:11","9:26:45"
838,3,41,"11:28:57","9:28:4"
838,4,28,"22:40:13","10:15:24"
838,5,76,"23:12:50","18:51:46"
839,1,98,"20:14:19","7:2:25"
839,2,74,"14:9:30","13:48:43"
839,3,57,"17:13:40","11:6:8"
839,4,64,"17:39:15","8:56:53"
839,5,24,"11:7:41","6:38:33"
840,1,33,"19:39:45","17:34:17"
840,2,26,"19:20:5","11:52:6"
840,3,63,"15:45:56","11:37:32"
840,4,86,"8:25:5","14:44:10"
840,5,80,"11:45:30","11:43:47"
841,1,57,"17:11:48","14:2:57"
841,2,79,"9:5:56","10:44:36"
841,3,36,"20:56:17","20:41:24"
841,4,38,"22:57:24","22:6:47"
841,5,55,"6:46:55","9:51:45"
842,1,15,"14:49:12","13:42:56"
842,2,45,"15:15:55","20:46:6"
842,3,18,"21:16:23","15:54:31"
842,4,20,"11:1:13","22:58:10"
842,5,61,"14:38:11","23:50:34"
843,1,70,"16:17:57","22:56:13"
843,2,9,"6:14:3","20:32:49"
843,3,68,"14:43:52","9:32:59"
843,4,92,"7:10:31","13:32:51"
843,5,94,"6:5:13","20:52:1"
844,1,90,"18:52:7","14:44:39"
844,2,64,"9:43:48","18:7:29"
844,3,27,"13:47:33","12:9:19"
844,4,83,"14:26:11","23:4:47"
844,5,56,"14:53:4","20:51:19"
845,1,43,"11:47:36","15:44:6"
845,2,10,"12:28:24","7:16:13"
845,3,53,"12:6:52","20:27:28"
845,4,98,"20:27:39","5:6:34"
845,5,29,"14:10:42","15:18:21"
846,1,58,"5:27:15","23:1:6"
846,2,7,"23:43:37","9:23:49"
846,3,86,"22:22:50","21:22:5"
846,4,91,"14:37:9","7:29:16"
846,5,63,"20:56:56","21:9:22"
847,1,71,"7:47:23","20:43:34"
847,2,21,"5:9:40","17:9:3"
847,3,95,"7:10:6","5:27:6"
847,4,29,"13:31:53","8:10:42"
847,5,73,"16:38:3","19:35:38"
848,1,9,"22:21:51","22:59:44"
848,2,19,"21:5:47","18:59:46"
848,3,30,"7:28:58","12:20:40"
848,4,32,"6:30:58","6:34:1"
848,5,51,"21:26:44","16:50:2"
849,1,85,"18:21:19","14:49:54"
849,2,1,"12:38:44","12:0:27"
849,3,97,"13:57:23","23:19:35"
849,4,80,"15:5:51","23:2:0"
849,5,33,"23:39:50","17:46:44"
850,1,47,"6:43:17","7:38:7"
850,2,27,"22:56:12","23:17:16"
850,3,48,"21:33:24","16:19:46"
850,4,18,"15:29:40","15:5:57"
850,5,14,"12:8:55","11:12:22"
851,1,71,"12:15:0","8:9:37"
851,2,84,"10:59:9","19:33:55"
851,3,94,"22:59:35","5:16:44"
851,4,57,"7:21:37","17:31:27"
851,5,36,"8:51:50","14:26:11"
852,1,72,"14:8:9","5:16:27"
852,2,15,"14:35:13","9:9:46"
852,3,3,"23:14:15","9:56:18"
852,4,14,"17:56:1","23:11:33"
852,5,9,"18:55:53","12:40:17"
853,1,8,"9:45:53","15:39:58"
853,2,73,"20:32:30","21:5:31"
853,3,16,"8:32:54","5:0:24"
853,4,36,"5:26:40","17:23:36"
853,5,23,"20:33:26","16:24:55"
854,1,32,"20:25:10","11:38:10"
854,2,63,"17:24:14","14:21:26"
854,3,48,"9:33:40","20:43:37"
854,4,52,"13:30:28","17:25:3"
854,5,82,"5:22:11","6:48:2"
855,1,30,"7:19:9","10:5:31"
855,2,72,"15:4:17","7:46:9"
855,3,19,"14:0:5","9:23:45"
855,4,34,"22:17:42","10:10:48"
855,5,72,"10:42:5","23:44:37"
856,1,57,"20:34:25","13:22:4"
856,2,92,"13:33:38","21:0:39"
856,3,30,"13:25:32","9:9:53"
856,4,5,"7:46:10","13:40:35"
856,5,20,"15:30:19","8:40:3"
857,1,84,"14:17:49","7:31:59"
857,2,46,"20:44:42","21:49:41"
857,3,83,"22:7:44","18:39:10"
857,4,30,"20:15:44","6:15:10"
857,5,63,"6:50:52","9:17:42"
858,1,9,"5:0:3","6:2:23"
858,2,25,"15:51:27","9:22:17"
858,3,35,"14:18:58","13:10:6"
858,4,39,"7:45:14","23:7:20"
858,5,24,"21:49:6","13:53:0"
859,1,94,"23:53:33","15:27:34"
859,2,16,"16:25:44","11:16:0"
859,3,20,"6:40:44","13:23:59"
859,4,17,"7:39:15","19:41:5"
859,5,35,"20:8:30","14:51:50"
860,1,76,"15:23:42","18:40:7"
860,2,96,"18:5:50","7:34:40"
860,3,67,"21:9:26","6:56:26"
860,4,58,"14:26:37","18:55:37"
860,5,26,"13:9:3","11:45:32"
861,1,35,"23:6:48","23:16:13"
861,2,7,"11:35:10","11:54:13"
861,3,17,"19:47:51","16:25:27"
861,4,74,"19:24:56","22:42:7"
861,5,62,"11:7:7","13:44:34"
862,1,95,"7:54:45","7:53:5"
862,2,37,"5:21:40","19:58:9"
862,3,71,"9:13:7","20:47:56"
862,4,96,"17:23:24","12:28:24"
862,5,84,"16:49:6","19:53:48"
863,1,60,"8:2:51","15:20:21"
863,2,80,"17:38:8","16:15:9"
863,3,6,"10:32:15","12:56:33"
863,4,59,"21:39:53","11:40:44"
863,5,24,"10:48:39","18:47:8"
864,1,31,"15:8:39","15:42:17"
864,2,26,"21:29:45","5:37:5"
864,3,72,"14:3:5","19:56:49"
864,4,9,"12:12:1","19:46:16"
864,5,28,"21:50:9","6:54:7"
865,1,1,"21:17:19","22:51:8"
865,2,64,"21:26:36","6:56:42"
865,3,59,"13:46:7","6:52:27"
865,4,21,"10:49:20","12:59:24"
865,5,92,"22:10:49","22:50:4"
866,1,13,"14:40:5","8:10:58"
866,2,32,"12:46:21","8:47:39"
866,3,49,"11:58:5","21:30:45"
866,4,92,"10:17:8","6:58:30"
866,5,9,"6:57:44","18:59:44"
867,1,19,"23:12:54","11:59:26"
867,2,14,"14:50:5","13:35:27"
867,3,49,"13:33:59","9:29:12"
867,4,24,"16:1:3","12:15:3"
867,5,19,"17:14:41","15:45:45"
868,1,45,"8:32:15","10:15:55"
868,2,13,"23:33:54","23:30:59"
868,3,39,"11:20:17","9:45:38"
868,4,31,"21:3:26","21:43:1"
868,5,35,"9:50:47","8:16:6"
869,1,38,"22:54:0","9:10:19"
869,2,72,"7:25:24","15:22:29"
869,3,17,"9:17:46","11:32:18"
869,4,87,"14:15:18","9:41:45"
869,5,60,"22:1:13","9:20:46"
870,1,35,"6:13:46","22:44:15"
870,2,75,"13:28:38","23:26:47"
870,3,12,"21:52:19","20:0:59"
870,4,24,"9:5:2","18:30:36"
870,5,14,"11:13:23","23:42:13"
871,1,86,"13:59:29","15:25:15"
871,2,29,"20:14:28","12:0:25"
871,3,39,"17:33:40","21:16:27"
871,4,55,"15:23:43","12:57:34"
871,5,92,"20:58:42","5:12:14"
872,1,100,"5:53:34","12:44:16"
872,2,62,"10:27:32","23:28:16"
872,3,83,"12:44:59","10:9:52"
872,4,36,"17:32:58","20:48:50"
872,5,72,"17:24:5","17:19:46"
873,1,95,"16:3:19","12:5:7"
873,2,31,"13:39:14","8:16:48"
873,3,2,"20:3:26","8:31:37"
873,4,43,"15:42:27","6:32:6"
873,5,95,"12:5:51","21:54:30"
874,1,82,"10:1:20","23:46:5"
874,2,37,"5:20:52","8:42:40"
874,3,32,"6:20:23","12:56:31"
874,4,66,"11:22:50","13:53:5"
874,5,25,"15:48:19","13:45:58"
875,1,13,"14:4:58","22:53:59"
875,2,70,"20:23:32","7:47:29"
875,3,86,"10:49:6","12:22:6"
875,4,50,"6:29:3","6:39:28"
875,5,87,"15:49:56","19:23:32"
876,1,59,"20:45:41","5:0:22"
876,2,42,"8:51:31","18:47:6"
876,3,25,"19:21:44","10:51:48"
876,4,36,"14:25:34","5:12:37"
876,5,83,"10:16:58","9:42:9"
877,1,41,"22:51:40","8:38:52"
877,2,12,"9:4:2","18:17:53"
877,3,38,"21:46:1","18:5:32"
877,4,87,"6:46:24","17:45:5"
877,5,18,"6:6:52","15:34:58"
878,1,87,"13:17:32","19:35:48"
878,2,11,"14:33:9","20:51:42"
878,3,73,"19:52:21","21:21:12"
878,4,59,"15:20:15","16:18:34"
878,5,19,"17:28:21","7:7:56"
879,1,60,"5:19:2","23:47:58"
879,2,74,"9:41:49","15:10:38"
879,3,65,"13:47:36","19:11:47"
879,4,92,"18:4:11","23:0:27"
879,5,75,"6:9:57","10:24:29"
880,1,35,"8:41:7","17:23:46"
880,2,7,"12:50:26","19:40:33"
880,3,11,"7:50:56","15:11:39"
880,4,4,"12:11:13","22:22:9"
880,5,60,"14:58:18","9:47:19"
881,1,82,"11:14:16","17:1:53"
881,2,36,"17:7:35","20:39:20"
881,3,90,"6:45:34","18:8:12"
881,4,98,"9:8:56","18:38:12"
881,5,15,"20:43:21","18:55:48"
882,1,2,"23:39:11","23:30:33"
882,2,94,"20:35:18","21:59:32"
882,3,33,"18:59:0","16:1:9"
882,4,97,"16:3:23","15:24:31"
882,5,18,"10:15:59","5:39:5"
883,1,7,"13:34:29","11:22:7"
883,2,59,"22:59:46","5:16:12"
883,3,67,"13:56:50","23:20:32"
883,4,18,"23:33:17","12:53:47"
883,5,42,"11:54:3","22:22:32"
884,1,99,"17:22:48","17:43:52"
884,2,42,"11:27:9","11:31:13"
884,3,96,"7:9:8","6:7:36"
884,4,42,"19:51:51","11:33:33"
884,5,2,"18:10:24","18:9:40"
885,1,58,"12:31:4","12:14:13"
885,2,27,"18:36:8","19:1:54"
885,3,50,"5:24:43","6:43:41"
885,4,88,"12:15:10","12:10:18"
885,5,49,"17:55:42","20:31:13"
886,1,43,"23:21:11","7:3:32"
886,2,18,"22:53:7","21:2:5"
886,3,50,"13:5:55","20:45:38"
886,4,15,"18:57:3","16:30:25"
886,5,70,"12:15:37","9:54:9"
887,1,63,"11:15:27","20:28:23"
887,2,63,"18:56:50","10:47:32"
887,3,90,"19:26:36","8:30:38"
887,4,86,"6:51:11","18:9:33"
887,5,30,"15:41:15","13:1:25"
888,1,17,"13:8:27","22:24:46"
888,2,47,"6:7:7","13:22:12"
888,3,44,"15:47:37","8:27:25"
888,4,69,"23:39:24","10:42:10"
888,5,3,"18:34:8","22:39:53"
889,1,98,"6:30:46","13:38:12"
889,2,51,"17:17:59","20:58:58"
889,3,92,"19:10:57","22:39:20"
889,4,97,"19:22:41","9:45:10"
889,5,28,"13:5:0","13:26:25"
890,1,36,"16:48:31","9:40:29"
890,2,68,"10:16:21","16:9:3"
890,3,59,"21:16:6","13:13:40"
890,4,88,"18:11:13","19:18:10"
890,5,73,"9:21:34","21:43:36"
891,1,22,"10:18:16","8:25:3"
891,2,81,"5:42:13","14:55:57"
891,3,52,"16:25:32","23:1:46"
891,4,28,"19:10:0","5:53:12"
891,5,4,"16:16:28","15:57:1"
892,1,2,"21:45:37","7:25:46"
892,2,26,"12:49:35","13:41:52"
892,3,30,"21:38:37","19:52:37"
892,4,86,"7:10:56","21:51:32"
892,5,50,"22:49:52","16:48:26"
893,1,90,"6:20:5","19:13:33"
893,2,91,"10:6:31","20:38:49"
893,3,23,"20:5:4","6:34:0"
893,4,86,"12:35:25","18:18:52"
893,5,43,"11:31:41","18:33:40"
894,1,86,"18:4:32","20:46:55"
894,2,32,"22:35:18","19:39:21"
894,3,39,"18:26:32","18:23:46"
894,4,56,"22:58:34","23:34:40"
894,5,18,"12:20:56","6:59:49"
895,1,88,"14:2:3","14:45:30"
895,2,92,"10:53:15","10:34:54"
895,3,77,"14:45:44","13:4:49"
895,4,7,"9:56:22","9:15:12"
895,5,35,"22:47:6","10:12:3"
896,1,26,"22:5:18","19:37:56"
896,2,50,"19:26:56","19:32:2"
896,3,10,"23:26:29","6:2:56"
896,4,68,"5:30:0","16:59:14"
896,5,14,"6:28:38","22:47:15"
897,1,18,"6:41:20","20:23:17"
897,2,80,"6:40:31","6:34:57"
897,3,7,"8:12:39","15:47:21"
897,4,88,"5:53:39","16:10:52"
897,5,83,"14:25:34","18:19:10"
898,1,26,"19:4:0","13:29:32"
898,2,60,"14:56:11","8:51:12"
898,3,69,"23:20:50","16:10:3"
898,4,79,"16:58:23","13:40:24"
898,5,1,"7:56:1","18:17:16"
899,1,75,"20:56:45","12:29:35"
899,2,72,"8:7:39","17:34:6"
899,3,50,"14:29:22","23:40:6"
899,4,64,"11:29:38","9:40:22"
899,5,35,"12:42:15","6:3:34"
900,1,96,"14:57:43","22:0:22"
900,2,65,"8:44:20","21:43:7"
900,3,91,"19:18:54","6:20:43"
900,4,73,"9:36:48","21:4:56"
900,5,52,"23:38:2","23:56:43"
901,1,76,"23:59:53","7:30:38"
901,2,41,"10:28:57","16:7:1"
901,3,94,"6:19:11","6:15:44"
901,4,11,"10:47:11","23:28:30"
901,5,65,"16:26:54","15:25:7"
902,1,31,"6:25:39","18:48:16"
902,2,48,"8:20:41","6:12:39"
902,3,34,"9:4:14","9:4:44"
902,4,83,"10:17:1","18:16:41"
902,5,88,"23:35:38","5:0:28"
903,1,33,"15:38:9","14:17:14"
903,2,34,"15:43:15","20:4:55"
903,3,5,"18:11:8","12:54:53"
903,4,95,"23:26:43","11:25:23"
903,5,67,"18:18:37","19:32:21"
904,1,93,"18:3:16","17:10:40"
904,2,28,"16:4:13","9:18:6"
904,3,49,"12:57:53","13:29:4"
904,4,12,"12:29:7","14:45:59"
904,5,1,"23:9:40","22:53:24"
905,1,85,"18:38:53","13:55:20"
905,2,15,"6:34:35","13:56:14"
905,3,96,"16:36:2","14:34:27"
905,4,9,"14:2:14","12:35:0"
905,5,51,"20:49:54","13:58:44"
906,1,65,"9:22:46","9:17:56"
906,2,89,"23:43:36","22:10:53"
906,3,37,"7:49:55","23:45:22"
906,4,47,"16:29:45","10:40:30"
906,5,45,"14:35:36","9:26:2"
907,1,54,"20:13:35","10:19:52"
907,2,7,"18:53:8","21:57:43"
907,3,89,"19:28:36","9:40:31"
907,4,73,"21:14:12","17:24:49"
907,5,40,"23:13:28","12:35:3"
908,1,34,"18:27:40","17:27:31"
908,2,58,"15:22:49","22:16:52"
908,3,16,"18:49:8","19:27:51"
908,4,75,"16:12:1","5:51:38"
908,5,26,"14:43:22","16:12:4"
909,1,15,"20:54:54","15:15:36"
909,2,21,"14:38:39","11:49:20"
909,3,90,"7:6:21","8:36:14"
909,4,50,"12:25:49","10:23:16"
909,5,63,"14:0:1","9:2:31"
910,1,59,"7:38:52","7:3:3"
910,2,29,"15:26:32","23:17:27"
910,3,99,"18:22:32","14:8:23"
910,4,42,"12:2:33","14:21:22"
910,5,54,"11:50:42","5:49:43"
911,1,74,"6:21:49","13:13:4"
911,2,86,"16:42:52","21:54:49"
911,3,52,"21:35:15","11:41:23"
911,4,81,"15:6:34","15:37:8"
911,5,31,"8:28:22","16:34:27"
912,1,29,"14:12:16","12:48:13"
912,2,25,"11:9:40","10:48:19"
912,3,29,"11:13:56","8:2:51"
912,4,60,"17:14:6","11:9:25"
912,5,64,"12:18:10","16:34:28"
913,1,48,"19:55:13","14:30:19"
913,2,13,"6:6:44","21:39:15"
913,3,76,"20:34:19","17:9:48"
913,4,80,"8:32:54","17:58:10"
913,5,37,"22:20:25","7:57:14"
914,1,7,"10:14:31","21:40:2"
914,2,90,"5:45:33","21:17:0"
914,3,43,"13:37:22","19:10:11"
914,4,49,"22:7:6","7:43:28"
914,5,82,"12:49:11","23:39:36"
915,1,11,"10:22:51","8:32:18"
915,2,98,"5:21:18","18:56:56"
915,3,24,"18:54:39","19:26:8"
915,4,37,"15:34:13","17:2:9"
915,5,90,"14:33:37","5:54:29"
916,1,96,"5:57:28","10:25:37"
916,2,78,"16:21:26","15:59:19"
916,3,45,"7:34:30","12:49:15"
916,4,5,"19:18:20","5:35:4"
916,5,26,"6:58:45","18:38:11"
917,1,77,"5:58:45","18:11:32"
917,2,19,"18:39:3","10:13:58"
917,3,67,"7:5:47","8:1:35"
917,4,62,"22:22:9","16:9:34"
917,5,47,"19:48:40","12:31:5"
918,1,5,"14:40:36","6:33:7"
918,2,92,"12:0:51","22:20:52"
918,3,87,"10:24:36","7:31:36"
918,4,54,"21:5:16","9:19:38"
918,5,22,"14:10:43","5:36:30"
919,1,87,"5:24:33","12:22:41"
919,2,84,"18:30:48","5:35:31"
919,3,7,"12:42:22","6:24:38"
919,4,87,"20:59:20","17:13:8"
919,5,43,"6:23:45","15:32:55"
920,1,11,"21:23:43","9:56:14"
920,2,40,"11:4:5","20:37:5"
920,3,34,"22:34:9","11:50:12"
920,4,25,"23:48:2","16:50:10"
920,5,97,"19:59:40","10:36:13"
921,1,20,"9:55:22","17:33:52"
921,2,6,"20:28:0","19:56:27"
921,3,96,"11:23:33","17:42:51"
921,4,66,"7:18:59","16:43:17"
921,5,40,"9:27:17","15:3:52"
922,1,2,"20:54:12","12:23:31"
922,2,23,"13:25:14","6:54:10"
922,3,39,"6:19:6","17:50:45"
922,4,3,"13:23:35","22:12:50"
922,5,76,"7:52:39","13:6:18"
923,1,38,"9:23:3","7:23:8"
923,2,20,"7:51:53","5:37:49"
923,3,87,"19:56:14","23:20:39"
923,4,26,"8:19:42","15:16:46"
923,5,96,"11:19:35","15:42:36"
924,1,73,"21:13:0","17:41:6"
924,2,88,"5:49:45","19:32:12"
924,3,97,"22:25:6","7:18:20"
924,4,48,"23:12:30","8:53:50"
924,5,87,"23:38:39","19:45:3"
925,1,15,"9:59:57","15:12:23"
925,2,83,"18:21:25","11:58:48"
925,3,88,"18:49:45","13:29:26"
925,4,22,"22:12:10","19:29:53"
925,5,40,"20:10:43","22:36:40"
926,1,21,"14:11:3","16:36:41"
926,2,22,"22:16:41","23:45:33"
926,3,97,"9:55:10","6:54:39"
926,4,54,"17:52:0","16:57:3"
926,5,41,"7:42:49","17:30:0"
927,1,36,"23:24:0","20:49:6"
927,2,73,"12:40:59","12:20:27"
927,3,17,"20:27:29","16:14:12"
927,4,96,"18:48:6","5:18:8"
927,5,24,"13:38:35","6:22:7"
928,1,49,"14:16:25","5:27:29"
928,2,15,"11:8:1","12:11:33"
928,3,36,"9:37:46","8:46:25"
928,4,57,"21:23:32","10:6:33"
928,5,98,"23:48:44","8:34:10"
929,1,7,"14:28:44","6:50:33"
929,2,37,"14:50:55","8:11:15"
929,3,78,"9:29:30","16:44:10"
929,4,88,"11:11:0","5:44:6"
929,5,16,"6:54:52","18:56:5"
930,1,30,"9:7:56","6:49:36"
930,2,64,"16:31:21","23:12:9"
930,3,29,"14:28:53","16:53:10"
930,4,40,"11:48:22","21:27:13"
930,5,4,"14:55:4","22:31:10"
931,1,44,"5:47:9","14:12:14"
931,2,40,"8:9:12","5:26:59"
931,3,28,"17:8:38","19:25:27"
931,4,53,"12:31:36","5:43:22"
931,5,56,"5:8:17","22:49:43"
932,1,2,"12:30:1","6:22:58"
932,2,7,"6:5:37","10:1:42"
932,3,12,"9:11:44","23:7:33"
932,4,53,"16:25:1","23:2:58"
932,5,59,"16:30:16","23:59:40"
933,1,18,"5:37:16","23:33:18"
933,2,4,"6:40:21","9:47:16"
933,3,20,"20:3:53","20:51:6"
933,4,54,"22:26:44","8:43:12"
933,5,28,"13:47:9","9:18:34"
934,1,20,"9:4:17","8:25:40"
934,2,99,"13:54:43","22:59:29"
934,3,93,"9:16:32","5:15:38"
934,4,94,"20:15:57","23:51:27"
934,5,67,"8:9:15","9:51:41"
935,1,30,"5:21:51","8:8:54"
935,2,2,"6:10:21","6:0:32"
935,3,61,"9:52:35","5:55:31"
935,4,55,"21:33:22","12:26:14"
935,5,59,"5:55:35","5:21:35"
936,1,73,"19:18:15","9:43:41"
936,2,26,"12:50:22","9:42:25"
936,3,47,"18:24:39","20:4:37"
936,4,3,"22:26:54","13:36:29"
936,5,44,"6:30:48","14:49:39"
937,1,20,"15:2:5","21:55:25"
937,2,68,"15:2:49","20:19:43"
937,3,88,"17:43:46","19:0:38"
937,4,29,"9:1:58","17:54:8"
937,5,15,"16:5:45","12:10:40"
938,1,94,"17:27:15","18:11:57"
938,2,21,"6:16:40","9:24:24"
938,3,9,"23:49:41","7:32:31"
938,4,42,"12:31:14","5:15:15"
938,5,74,"10:32:41","7:10:40"
939,1,19,"22:22:31","11:37:30"
939,2,72,"17:19:27","13:38:27"
939,3,84,"5:50:22","16:14:54"
939,4,38,"11:22:41","9:30:22"
939,5,74,"19:55:25","11:16:35"
940,1,46,"10:11:47","11:3:52"
940,2,52,"12:9:45","18:23:18"
940,3,86,"22:44:26","8:31:6"
940,4,5,"10:45:30","13:32:20"
940,5,25,"22:2:27","10:18:25"
941,1,34,"23:54:36","23:16:49"
941,2,27,"13:3:48","22:42:33"
941,3,66,"20:4:49","12:23:31"
941,4,24,"23:16:41","16:52:34"
941,5,31,"5:16:14","6:17:21"
942,1,54,"5:56:27","13:58:50"
942,2,79,"21:25:37","20:50:55"
942,3,47,"8:19:32","20:44:58"
942,4,17,"8:45:44","9:7:18"
942,5,11,"19:38:48","17:35:17"
943,1,85,"8:44:58","14:38:20"
943,2,71,"7:48:23","19:57:23"
943,3,50,"8:51:4","10:29:24"
943,4,47,"21:54:17","16:21:17"
943,5,97,"22:36:40","19:53:34"
944,1,50,"12:14:4","13:12:40"
944,2,69,"13:50:6","9:35:28"
944,3,74,"13:47:17","20:12:0"
944,4,43,"5:16:46","8:42:31"
944,5,19,"22:37:42","12:14:5"
945,1,67,"12:3:5","16:37:36"
945,2,52,"23:18:11","12:55:47"
945,3,52,"16:24:28","23:14:38"
945,4,24,"19:50:9","5:13:30"
945,5,46,"12:54:50","20:26:36"
946,1,89,"8:11:59","16:26:19"
946,2,73,"14:36:55","9:54:41"
946,3,62,"10:8:3","5:27:14"
946,4,90,"22:26:23","19:51:28"
946,5,5,"19:5:55","23:58:4"
947,1,34,"21:8:16","9:20:42"
947,2,8,"11:32:46","10:54:25"
947,3,63,"23:47:14","9:44:31"
947,4,33,"13:23:22","13:55:5"
947,5,50,"21:39:31","11:58:25"
948,1,79,"20:10:55","18:16:20"
948,2,25,"21:5:25","15:32:17"
948,3,81,"8:14:41","13:40:13"
948,4,72,"6:15:32","18:23:30"
948,5,33,"12:18:4","7:16:38"
949,1,13,"17:25:13","20:50:50"
949,2,43,"8:17:19","15:37:58"
949,3,71,"16:8:27","18:20:37"
949,4,3,"21:16:3","15:22:17"
949,5,32,"19:17:37","5:52:12"
950,1,44,"17:4:53","7:39:33"
950,2,61,"13:20:32","22:25:28"
950,3,14,"7:19:23","14:46:55"
950,4,91,"9:40:49","19:55:23"
950,5,33,"7:14:33","15:36:22"
951,1,58,"21:3:51","6:8:15"
951,2,54,"13:44:17","11:17:44"
951,3,47,"6:20:42","20:27:52"
951,4,48,"18:15:14","10:22:40"
951,5,85,"22:38:14","13:5:38"
952,1,16,"20:25:21","22:6:27"
952,2,2,"12:26:1","22:41:37"
952,3,100,"6:46:44","20:3:24"
952,4,58,"16:12:56","12:53:41"
952,5,53,"23:30:57","9:6:54"
953,1,29,"11:54:22","18:2:55"
953,2,54,"14:40:0","12:53:53"
953,3,100,"17:14:30","12:49:52"
953,4,59,"5:29:2","15:45:14"
953,5,31,"5:36:0","22:27:49"
954,1,2,"14:7:27","12:50:16"
954,2,6,"9:40:9","21:44:38"
954,3,83,"16:10:26","20:27:7"
954,4,68,"17:36:38","11:57:33"
954,5,43,"22:57:16","12:38:32"
955,1,17,"22:13:58","10:54:57"
955,2,52,"17:31:52","20:0:45"
955,3,98,"9:50:12","19:13:29"
955,4,44,"13:48:48","6:15:30"
955,5,54,"9:21:0","13:9:10"
956,1,3,"19:3:33","15:7:19"
956,2,56,"5:41:15","6:5:33"
956,3,25,"13:57:50","22:39:36"
956,4,28,"8:5:13","21:27:11"
956,5,28,"22:52:30","17:27:32"
957,1,16,"14:10:46","17:16:41"
957,2,54,"12:17:13","6:51:36"
957,3,8,"8:42:22","21:51:46"
957,4,100,"10:27:17","12:5:5"
957,5,1,"18:22:25","10:35:7"
958,1,65,"22:16:35","15:51:58"
958,2,94,"6:37:35","10:10:31"
958,3,92,"23:5:40","16:16:52"
958,4,40,"23:56:42","23:48:30"
958,5,59,"8:34:1","20:11:58"
959,1,65,"7:42:40","7:18:47"
959,2,35,"21:21:33","8:31:8"
959,3,37,"6:8:54","10:55:39"
959,4,47,"17:38:48","23:25:30"
959,5,75,"22:1:8","10:9:40"
960,1,31,"21:5:6","10:23:21"
960,2,12,"21:35:5","14:45:24"
960,3,40,"5:25:40","13:23:54"
960,4,58,"12:17:3","7:2:52"
960,5,51,"17:31:1","21:57:2"
961,1,83,"13:12:41","12:29:17"
961,2,96,"23:27:51","18:8:25"
961,3,88,"14:20:48","6:25:40"
961,4,15,"13:31:42","7:17:25"
961,5,54,"6:56:7","11:57:50"
962,1,84,"14:43:30","5:57:58"
962,2,49,"7:5:31","18:8:32"
962,3,64,"13:38:41","23:25:59"
962,4,83,"12:6:48","8:56:53"
962,5,84,"21:45:46","23:33:4"
963,1,66,"21:49:57","9:34:20"
963,2,73,"13:4:1","18:8:11"
963,3,1,"16:48:12","8:15:2"
963,4,35,"19:0:21","5:21:41"
963,5,63,"22:37:25","19:24:50"
964,1,30,"9:36:23","10:53:22"
964,2,85,"8:15:27","19:41:48"
964,3,72,"19:19:4","23:12:37"
964,4,5,"6:46:28","13:14:14"
964,5,2,"5:36:15","12:15:30"
965,1,38,"10:11:27","6:44:23"
965,2,72,"11:20:16","12:10:32"
965,3,63,"17:57:51","22:32:30"
965,4,90,"21:38:58","19:49:41"
965,5,88,"18:9:37","13:17:6"
966,1,75,"20:12:7","22:8:38"
966,2,16,"17:47:44","17:52:57"
966,3,38,"9:0:13","16:44:21"
966,4,24,"19:25:59","18:47:45"
966,5,31,"20:36:47","17:38:50"
967,1,77,"20:17:40","21:15:20"
967,2,68,"17:58:58","10:58:22"
967,3,10,"12:5:42","20:27:43"
967,4,14,"5:46:14","22:22:27"
967,5,8,"18:49:55","7:49:26"
968,1,87,"16:22:9","21:9:1"
968,2,17,"10:40:17","9:35:38"
968,3,69,"11:4:35","17:48:59"
968,4,22,"8:41:49","8:26:55"
968,5,7,"19:33:3","7:45:41"
969,1,34,"5:4:54","16:43:50"
969,2,13,"20:13:3","15:52:24"
969,3,4,"5:25:21","21:30:49"
969,4,87,"11:16:44","22:51:31"
969,5,55,"6:46:10","16:37:49"
970,1,3,"23:13:0","21:59:5"
970,2,81,"14:8:47","15:26:6"
970,3,34,"15:3:24","8:21:7"
970,4,2,"8:2:22","13:44:56"
970,5,95,"5:21:30","19:56:38"
971,1,65,"22:0:48","8:56:7"
971,2,34,"21:46:52","14:2:30"
971,3,90,"14:31:50","15:10:3"
971,4,41,"15:23:48","21:44:22"
971,5,69,"17:49:1","12:34:45"
972,1,13,"20:37:17","10:26:49"
972,2,63,"13:4:49","10:49:5"
972,3,4,"19:2:5","10:30:46"
972,4,54,"11:19:20","15:19:55"
972,5,80,"6:35:14","5:1:49"
973,1,72,"15:47:19","5:26:52"
973,2,9,"14:17:52","13:57:59"
973,3,68,"23:34:47","6:29:33"
973,4,4,"6:26:25","16:45:33"
973,5,50,"11:5:54","14:21:27"
974,1,13,"6:6:2","10:0:24"
974,2,61,"7:24:30","21:58:50"
974,3,33,"14:47:53","23:38:0"
974,4,61,"13:1:27","21:30:53"
974,5,14,"11:58:15","23:43:53"
975,1,95,"19:28:26","22:2:16"
975,2,27,"11:11:21","6:22:33"
975,3,94,"11:40:36","20:18:7"
975,4,49,"5:47:18","9:17:12"
975,5,86,"6:35:24","23:40:8"
976,1,55,"16:0:24","12:3:3"
976,2,8,"13:0:40","22:8:20"
976,3,36,"14:16:13","20:34:13"
976,4,68,"8:17:9","17:10:10"
976,5,44,"9:18:52","6:32:28"
977,1,20,"13:12:3","14:28:16"
977,2,27,"12:41:29","19:59:35"
977,3,29,"12:46:5","18:14:41"
977,4,47,"22:42:57","19:59:20"
977,5,40,"14:54:24","14:54:21"
978,1,44,"18:49:20","21:59:39"
978,2,24,"17:4:43","14:46:1"
978,3,51,"6:10:31","20:3:57"
978,4,42,"13:49:38","9:7:50"
978,5,59,"19:41:4","10:36:54"
979,1,72,"6:28:56","12:49:16"
979,2,41,"20:20:46","8:10:17"
979,3,21,"15:0:36","8:35:38"
979,4,68,"20:0:50","9:58:18"
979,5,65,"23:53:42","7:57:20"
980,1,28,"12:14:4","11:9:37"
980,2,36,"17:55:56","10:0:28"
980,3,85,"6:49:40","17:23:1"
980,4,52,"19:24:8","13:22:31"
980,5,77,"11:36:59","18:8:29"
981,1,64,"8:11:30","12:45:31"
981,2,91,"6:34:24","23:13:48"
981,3,26,"20:21:47","14:25:52"
981,4,52,"23:26:59","22:51:19"
981,5,70,"6:4:26","20:26:30"
982,1,52,"18:15:24","6:55:7"
982,2,27,"8:44:44","20:26:38"
982,3,32,"7:37:49","9:25:17"
982,4,4,"8:15:6","5:35:29"
982,5,90,"9:3:28","7:22:58"
983,1,31,"21:4:33","19:13:50"
983,2,47,"16:48:3","12:1:50"
983,3,20,"15:33:42","17:34:47"
983,4,81,"8:1:52","5:7:8"
983,5,34,"16:51:39","20:33:17"
984,1,29,"12:43:42","12:12:8"
984,2,32,"11:49:6","22:52:44"
984,3,94,"15:13:44","11:7:8"
984,4,68,"21:49:33","23:43:14"
984,5,63,"21:56:21","19:14:50"
985,1,47,"10:12:35","6:24:6"
985,2,64,"23:30:53","23:53:19"
985,3,7,"19:18:13","14:9:21"
985,4,34,"8:53:54","9:39:43"
985,5,36,"8:0:42","20:38:55"
986,1,27,"21:19:16","14:48:46"
986,2,6,"18:27:1","6:55:9"
986,3,21,"6:27:25","19:47:26"
986,4,44,"7:17:57","7:52:17"
986,5,97,"21:56:0","6:52:29"
987,1,51,"17:30:41","6:28:11"
987,2,72,"18:31:3","13:40:23"
987,3,76,"21:10:22","6:8:46"
987,4,9,"11:1:51","13:30:50"
987,5,74,"16:24:38","20:7:26"
988,1,26,"6:40:23","7:20:43"
988,2,32,"6:31:56","14:19:56"
988,3,73,"17:33:21","9:20:22"
988,4,55,"17:23:22","12:29:43"
988,5,78,"19:50:43","5:34:18"
989,1,33,"21:34:59","9:39:2"
989,2,7,"15:14:53","15:16:40"
989,3,11,"7:19:51","21:31:0"
989,4,75,"16:55:33","13:35:27"
989,5,79,"20:6:8","22:57:42"
990,1,97,"12:51:34","6:49:24"
990,2,80,"11:38:47","12:23:26"
990,3,9,"19:7:17","6:27:7"
990,4,48,"20:34:52","10:46:58"
990,5,39,"15:28:27","7:55:26"
991,1,55,"6:16:36","14:59:23"
991,2,95,"21:12:19","12:44:25"
991,3,84,"16:25:9","5:57:30"
991,4,91,"19:11:2","12:44:37"
991,5,70,"10:54:50","22:32:21"
992,1,57,"7:32:53","6:54:36"
992,2,12,"16:34:44","21:28:16"
992,3,76,"12:19:6","23:58:2"
992,4,13,"16:44:50","21:31:38"
992,5,94,"11:47:59","14:28:43"
993,1,45,"18:53:3","17:36:30"
993,2,44,"17:16:5","5:25:45"
993,3,12,"22:14:3","7:41:9"
993,4,85,"22:8:12","22:35:53"
993,5,20,"23:12:22","20:37:29"
994,1,82,"20:42:7","6:51:54"
994,2,39,"5:6:24","10:18:43"
994,3,28,"21:42:15","14:12:34"
994,4,69,"18:13:44","22:46:55"
994,5,67,"8:13:15","9:36:32"
995,1,30,"7:39:28","11:23:7"
995,2,2,"16:49:23","19:43:12"
995,3,2,"16:57:2","23:22:21"
995,4,7,"19:18:55","5:39:4"
995,5,56,"19:3:54","11:14:56"
996,1,80,"13:46:28","10:26:29"
996,2,9,"16:54:47","15:38:47"
996,3,51,"11:37:38","6:12:22"
996,4,70,"20:2:31","18:12:54"
996,5,32,"21:47:22","10:49:8"
997,1,63,"16:42:40","21:35:49"
997,2,74,"8:23:23","19:36:4"
997,3,92,"11:29:11","9:43:21"
997,4,97,"21:32:4","16:4:30"
997,5,49,"17:55:8","6:46:34"
998,1,96,"12:51:8","9:31:37"
998,2,51,"10:50:25","13:57:35"
998,3,18,"10:5:59","15:49:12"
998,4,69,"16:3:47","21:1:36"
998,5,51,"22:38:15","23:23:5"
999,1,16,"8:29:22","12:7:25"
999,2,50,"6:1:56","12:7:20"
999,3,99,"9:40:6","6:28:38"
999,4,70,"15:10:40","19:15:50"
999,5,87,"18:46:47","14:40:41"
1000,1,71,"23:11:3","5:18:55"
1000,2,9,"5:20:56","22:12:33"
1000,3,90,"16:44:54","23:21:24"
1000,4,49,"21:48:46","22:30:43"
1000,5,1,"16:6:1","18:7:7"
