"trip_id","stop_sequence","stop_id","arrival_time","departure_time"
1,1,95,"12:52:57","15:36:42"
1,2,42,"20:18:38","23:40:17"
1,3,29,"6:20:1","16:42:15"
1,4,69,"22:25:5","14:37:27"
1,5,19,"22:41:40","21:28:44"
2,1,25,"17:51:33","8:34:2"
2,2,34,"18:0:54","13:47:1"
2,3,69,"21:54:6","9:57:24"
2,4,76,"12:57:26","10:4:58"
2,5,18,"5:0:15","9:28:43"
3,1,30,"5:4:48","10:13:40"
3,2,78,"7:35:28","12:54:2"
3,3,81,"17:50:8","12:21:19"
3,4,14,"12:16:40","14:1:48"
3,5,32,"23:31:26","14:39:10"
4,1,72,"19:44:44","21:46:11"
4,2,71,"14:39:9","11:52:27"
4,3,18,"13:40:24","9:57:38"
4,4,16,"20:59:52","12:50:59"
4,5,55,"22:40:4","17:15:37"
5,1,41,"22:4:6","20:19:47"
5,2,83,"13:54:1","20:46:25"
5,3,73,"15:22:4","19:46:3"
5,4,91,"20:47:20","8:20:36"
5,5,10,"10:43:53","14:35:4"
6,1,54,"6:50:27","18:45:57"
6,2,51,"10:19:23","6:17:19"
6,3,33,"15:8:42","18:36:1"
6,4,58,"19:7:46","16:11:16"
6,5,27,"15:46:33","13:22:13"
7,1,61,"22:18:36","13:4:30"
7,2,85,"19:9:29","12:12:44"
7,3,7,"5:27:12","14:46:9"
7,4,84,"8:15:58","23:57:23"
7,5,8,"20:55:48","17:50:8"
8,1,11,"21:23:10","5:36:22"
8,2,71,"17:39:27","13:18:12"
8,3,57,"14:22:32","22:25:35"
8,4,93,"10:53:24","15:54:30"
8,5,73,"21:31:53","13:19:46"
9,1,20,"23:2:56","21:45:53"
9,2,50,"6:9:5","10:58:28"
9,3,77,"6:6:31","5:21:56"
9,4,36,"13:52:35","6:3:26"
9,5,16,"5:38:12","18:16:54"
10,1,40,"5:5:44","13:27:59"
10,2,84,"7:3:26","22:1:55"
10,3,33,"17:53:56","21:22:16"
10,4,14,"18:19:29","8:51:5"
10,5,43,"10:47:39","10:9:33"
11,1,36,"18:3:8","23:13:6"
11,2,55,"19:27:42","7:45:33"
11,3,83,"17:1:46","23:21:50"
11,4,41,"14:38:46","19:20:28"
11,5,23,"18:15:48","6:5:27"
12,1,96,"21:6:34","10:11:53"
12,2,15,"16:38:53","15:51:33"
12,3,81,"17:57:12","18:57:56"
12,4,10,"17:18:50","14:34:39"
12,5,51,"8:52:34","10:24:32"
13,1,72,"14:21:22","17:18:19"
13,2,21,"19:32:5","22:14:7"
13,3,61,"14:26:52","13:32:10"
13,4,90,"10:19:33","21:47:28"
13,5,56,"17:38:52","8:54:38"
14,1,62,"17:27:17","10:46:34"
14,2,82,"20:20:50","23:3:13"
14,3,91,"18:46:26","14:10:8"
14,4,86,"14:14:49","13:54:33"
14,5,99,"15:13:49","22:18:32"
15,1,74,"22:21:29","6:30:1"
15,2,80,"23:37:59","23:46:27"
15,3,47,"9:49:3","18:27:51"
15,4,45,"12:35:14","14:55:36"
15,5,43,"8:45:32","14:0:52"
16,1,62,"14:45:15","10:14:17"
16,2,100,"5:1:49","13:55:16"
16,3,82,"15:6:55","13:0:57"
16,4,53,"20:26:32","7:36:45"
16,5,13,"9:46:6","9:41:42"
17,1,78,"20:6:5","15:17:26"
17,2,31,"18:27:5","23:1:59"
17,3,88,"21:32:21","17:59:48"
17,4,84,"20:24:44","16:16:46"
17,5,82,"18:10:44","19:12:44"
18,1,50,"6:33:26","16:38:14"
18,2,21,"10:58:46","20:51:20"
18,3,33,"15:56:13","16:9:44"
18,4,57,"18:41:54","21:19:14"
18,5,88,"22:53:17","8:47:32"
19,1,98,"8:40:24","17:39:1"
19,2,16,"23:12:24","16:41:47"
19,3,17,"15:59:44","22:9:4"
19,4,53,"13:6:13","6:6:37"
19,5,17,"6:28:21","15:53:15"
20,1,96,"19:46:6","8:45:24"
20,2,80,"22:40:30","16:30:44"
20,3,21,"11:31:31","8:17:9"
20,4,54,"18:16:58","16:24:37"
20,5,23,"7:52:36","13:12:13"
21,1,93,"9:6:21","11:50:15"
21,2,47,"15:39:31","13:37:21"
21,3,95,"17:3:29","12:17:49"
21,4,64,"12:58:24","23:8:16"
21,5,18,"16:10:56","7:33:49"
22,1,83,"14:40:39","14:58:8"
22,2,25,"6:57:42","17:48:3"
22,3,97,"13:47:32","16:42:20"
22,4,51,"20:23:44","16:11:43"
22,5,93,"8:50:19","7:15:58"
23,1,18,"8:28:14","22:27:57"
23,2,61,"12:23:29","15:58:46"
23,3,33,"22:24:30","16:57:58"
23,4,98,"22:53:7","12:7:48"
23,5,72,"5:23:8","18:6:11"
24,1,49,"22:46:21","14:32:1"
24,2,36,"18:13:10","11:30:15"
24,3,58,"23:23:44","18:55:31"
24,4,52,"15:59:55","7:28:39"
24,5,89,"12:14:8","17:21:6"
25,1,21,"5:53:57","18:45:10"
25,2,56,"21:56:40","9:22:43"
25,3,26,"16:37:11","11:50:26"
25,4,24,"22:20:27","8:9:53"
25,5,47,"8:31:38","5:30:23"
26,1,88,"15:13:1","16:25:24"
26,2,64,"9:50:39","7:45:2"
26,3,18,"23:43:30","23:58:19"
26,4,14,"17:48:2","12:15:5"
26,5,76,"6:29:3","16:37:59"
27,1,92,"12:47:19","20:42:48"
27,2,4,"9:41:42","20:22:11"
27,3,66,"7:27:20","5:29:27"
27,4,43,"17:36:38","21:23:24"
27,5,1,"15:2:4","12:11:15"
28,1,6,"5:55:41","20:19:55"
28,2,92,"7:16:36","6:28:28"
28,3,17,"23:9:10","18:19:10"
28,4,85,"8:28:40","16:41:30"
28,5,13,"15:14:1","8:39:35"
29,1,58,"5:45:15","11:22:34"
29,2,3,"5:36:51","10:57:57"
29,3,81,"9:18:49","15:43:36"
29,4,63,"18:59:34","11:59:29"
29,5,21,"22:51:8","18:6:27"
30,1,44,"12:34:40","9:15:3"
30,2,8,"11:44:46","23:48:53"
30,3,43,"11:0:25","23:0:8"
30,4,73,"16:36:52","22:45:53"
30,5,1,"17:55:48","6:55:12"
31,1,83,"9:53:51","6:14:8"
31,2,81,"15:26:44","8:18:11"
31,3,90,"7:15:14","22:35:1"
31,4,87,"6:14:0","19:24:28"
31,5,25,"15:18:21","12:27:47"
32,1,5,"8:40:0","17:39:53"
32,2,58,"7:47:40","19:16:59"
32,3,10,"11:50:47","23:40:42"
32,4,58,"5:19:44","6:0:10"
32,5,4,"17:9:35","21:36:44"
33,1,67,"9:9:49","18:34:18"
33,2,75,"9:7:51","20:53:22"
33,3,33,"12:50:1","20:8:51"
33,4,42,"22:59:40","20:10:20"
33,5,32,"17:41:48","7:12:42"
34,1,16,"15:50:52","21:58:50"
34,2,52,"19:45:22","5:59:56"
34,3,55,"20:46:10","21:53:7"
34,4,77,"16:15:14","12:23:23"
34,5,85,"21:48:49","12:9:22"
35,1,92,"19:32:9","16:5:48"
35,2,50,"8:33:27","13:10:13"
35,3,42,"13:32:50","21:19:42"
35,4,52,"17:5:19","15:7:13"
35,5,13,"15:21:14","11:22:20"
36,1,39,"13:58:35","17:0:34"
36,2,32,"22:4:40","19:32:14"
36,3,26,"6:26:57","7:34:8"
36,4,15,"14:31:34","22:6:17"
36,5,14,"18:37:40","23:45:16"
37,1,7,"16:54:33","21:29:31"
37,2,66,"19:21:28","16:46:18"
37,3,46,"9:45:0","11:26:2"
37,4,13,"13:18:20","21:34:50"
37,5,26,"12:39:21","18:33:59"
38,1,3,"11:42:59","6:30:8"
38,2,21,"10:53:13","18:24:39"
38,3,14,"15:20:49","22:56:17"
38,4,60,"15:30:44","16:54:10"
38,5,75,"14:17:33","15:1:11"
39,1,86,"18:37:42","22:12:54"
39,2,34,"18:3:27","14:57:53"
39,3,23,"9:37:4","18:16:32"
39,4,48,"23:48:20","8:37:36"
39,5,100,"8:7:17","12:37:42"
40,1,32,"9:19:20","5:54:2"
40,2,26,"20:54:12","16:27:3"
40,3,19,"9:4:51","6:51:10"
40,4,91,"19:7:40","7:6:45"
40,5,26,"16:49:54","5:4:5"
41,1,74,"22:37:50","9:10:8"
41,2,36,"12:32:49","19:28:54"
41,3,47,"19:16:9","13:49:48"
41,4,14,"23:3:9","22:12:4"
41,5,67,"8:36:25","15:7:50"
42,1,36,"17:0:27","21:24:15"
42,2,87,"8:0:8","15:46:59"
42,3,83,"13:10:37","8:19:13"
42,4,51,"19:19:44","21:33:50"
42,5,17,"6:59:17","14:16:55"
43,1,97,"13:23:27","14:38:50"
43,2,88,"22:4:22","22:12:47"
43,3,18,"9:44:27","11:54:5"
43,4,70,"10:30:16","15:48:45"
43,5,3,"17:51:28","15:39:41"
44,1,100,"19:12:11","18:49:29"
44,2,62,"17:47:48","8:38:36"
44,3,54,"11:42:32","10:28:30"
44,4,14,"6:22:40","19:9:17"
44,5,87,"11:19:3","11:13:10"
45,1,96,"16:33:14","16:0:28"
45,2,10,"9:27:18","10:50:0"
45,3,92,"16:40:59","16:57:35"
45,4,51,"20:45:10","15:57:41"
45,5,84,"13:57:10","8:9:36"
46,1,51,"11:38:39","12:27:48"
46,2,74,"11:50:17","11:31:24"
46,3,88,"16:53:2","6:19:42"
46,4,24,"15:6:57","19:32:12"
46,5,9,"14:12:35","15:23:39"
47,1,86,"11:29:49","7:10:35"
47,2,56,"7:59:25","20:25:55"
47,3,33,"13:58:3","7:11:20"
47,4,50,"14:29:15","7:52:1"
47,5,42,"10:50:57","11:48:42"
48,1,35,"19:15:54","19:51:2"
48,2,24,"18:39:16","23:30:21"
48,3,17,"20:46:23","7:32:22"
48,4,66,"17:20:42","12:35:43"
48,5,83,"18:28:11","10:7:38"
49,1,37,"18:32:46","8:4:44"
49,2,94,"23:44:36","12:51:6"
49,3,78,"23:4:4","11:36:37"
49,4,16,"16:16:32","8:0:13"
49,5,1,"6:44:43","20:18:4"
50,1,48,"14:34:45","13:17:24"
50,2,51,"11:7:48","7:45:46"
50,3,89,"7:54:58","7:56:52"
50,4,21,"10:0:44","23:35:36"
50,5,20,"21:30:21","13:9:42"
51,1,94,"7:19:46","16:12:4"
51,2,73,"18:20:25","8:14:23"
51,3,14,"12:58:14","7:10:48"
51,4,13,"13:30:12","18:17:56"
51,5,77,"13:24:18","16:19:53"
52,1,6,"21:2:22","7:1:48"
52,2,9,"8:17:17","5:52:16"
52,3,22,"11:54:9","22:19:39"
52,4,7,"15:28:51","17:1:23"
52,5,62,"19:26:55","6:52:17"
53,1,48,"15:15:33","9:17:44"
53,2,6,"20:1:5","20:0:42"
53,3,65,"9:1:15","22:39:35"
53,4,9,"12:8:28","16:40:11"
53,5,55,"21:13:25","22:52:46"
54,1,95,"13:22:39","7:53:57"
54,2,10,"23:3:38","23:56:5"
54,3,11,"23:31:5","18:49:3"
54,4,16,"16:32:44","22:38:16"
54,5,78,"5:20:14","15:28:47"
55,1,64,"16:5:43","12:57:33"
55,2,98,"8:58:52","11:54:53"
55,3,36,"19:54:8","15:8:43"
55,4,35,"17:52:47","15:32:13"
55,5,87,"5:9:29","14:38:6"
56,1,24,"22:57:6","15:22:32"
56,2,16,"11:45:21","6:10:19"
56,3,42,"7:4:11","10:39:2"
56,4,63,"5:44:28","13:49:2"
56,5,34,"19:20:29","8:57:35"
57,1,62,"11:35:56","11:14:4"
57,2,81,"7:1:1","11:10:42"
57,3,11,"7:4:11","8:7:50"
57,4,22,"22:26:24","10:27:0"
57,5,91,"10:54:27","13:48:58"
58,1,95,"9:57:25","8:49:33"
58,2,47,"12:44:30","22:59:3"
58,3,85,"5:46:33","18:3:16"
58,4,41,"21:5:18","22:16:9"
58,5,48,"17:0:55","11:41:1"
59,1,83,"10:56:50","12:46:46"
59,2,15,"10:36:45","12:0:6"
59,3,47,"13:13:31","15:4:25"
59,4,31,"20:36:42","7:51:19"
59,5,41,"9:41:47","5:20:53"
60,1,68,"18:36:56","7:11:35"
60,2,45,"20:51:50","12:29:11"
60,3,29,"14:58:0","18:47:0"
60,4,91,"13:23:23","6:55:12"
60,5,10,"12:38:9","23:19:37"
61,1,54,"15:16:57","14:48:0"
61,2,93,"5:51:22","17:3:54"
61,3,34,"15:31:42","11:7:23"
61,4,42,"15:25:51","9:43:25"
61,5,20,"5:35:10","8:18:5"
62,1,50,"17:25:47","8:2:50"
62,2,48,"20:20:39","16:14:40"
62,3,44,"9:24:24","7:24:19"
62,4,2,"5:33:57","21:55:44"
62,5,39,"9:36:13","8:5:25"
63,1,38,"23:42:59","6:30:41"
63,2,6,"13:35:8","18:35:42"
63,3,75,"16:40:16","10:55:48"
63,4,21,"15:18:33","22:59:30"
63,5,73,"13:22:36","6:29:54"
64,1,61,"7:47:12","12:2:8"
64,2,32,"21:1:5","20:15:10"
64,3,77,"13:30:48","21:42:21"
64,4,40,"19:8:6","12:30:24"
64,5,78,"12:19:47","16:38:47"
65,1,41,"23:11:3","11:7:26"
65,2,20,"16:11:48","18:5:27"
65,3,10,"6:4:44","20:44:57"
65,4,65,"15:55:26","14:55:35"
65,5,50,"14:44:8","17:21:49"
66,1,83,"20:5:15","6:22:38"
66,2,46,"10:29:48","13:35:7"
66,3,77,"11:55:47","20:30:3"
66,4,98,"10:50:13","23:7:7"
66,5,98,"17:21:53","15:38:53"
67,1,1,"10:51:31","14:17:28"
67,2,31,"15:48:55","14:47:48"
67,3,53,"17:56:43","20:18:8"
67,4,42,"20:48:3","18:43:31"
67,5,43,"8:35:21","11:27:27"
68,1,36,"15:22:5","11:11:36"
68,2,33,"14:12:33","15:53:11"
68,3,66,"22:30:22","9:15:6"
68,4,41,"15:2:10","11:14:1"
68,5,99,"16:47:46","17:11:15"
69,1,13,"14:56:49","15:7:26"
69,2,35,"8:38:42","21:35:36"
69,3,66,"14:19:40","23:45:55"
69,4,64,"23:47:21","23:19:9"
69,5,44,"14:43:19","6:46:38"
70,1,75,"22:47:43","8:34:31"
70,2,55,"22:44:59","17:21:19"
70,3,9,"18:52:50","10:38:42"
70,4,30,"18:52:45","14:49:51"
70,5,30,"21:5:50","14:56:6"
71,1,10,"11:23:5","11:19:13"
71,2,8,"22:46:0","10:48:58"
71,3,20,"5:58:25","12:31:4"
71,4,25,"20:13:28","21:40:7"
71,5,29,"5:50:8","20:27:16"
72,1,22,"17:1:54","17:47:21"
72,2,99,"9:6:32","19:15:32"
72,3,16,"7:41:40","5:29:44"
72,4,74,"6:45:23","13:50:12"
72,5,52,"18:23:13","10:16:37"
73,1,68,"9:11:51","18:8:23"
73,2,60,"19:31:38","13:20:38"
73,3,25,"9:37:53","6:31:10"
73,4,67,"10:52:49","13:12:48"
73,5,34,"23:19:45","8:7:31"
74,1,41,"22:40:29","5:6:44"
74,2,14,"19:32:58","9:10:54"
74,3,57,"21:28:6","7:55:54"
74,4,33,"10:34:41","10:5:28"
74,5,84,"11:14:14","18:40:36"
75,1,57,"23:7:45","20:15:35"
75,2,95,"19:35:8","16:42:19"
75,3,30,"15:24:20","17:31:52"
75,4,40,"15:37:27","21:14:50"
75,5,41,"22:7:12","22:54:44"
76,1,96,"6:27:46","9:7:6"
76,2,3,"12:31:35","6:37:40"
76,3,51,"14:49:18","7:43:23"
76,4,44,"13:29:34","12:1:55"
76,5,98,"12:54:0","14:53:47"
77,1,14,"23:13:46","12:24:5"
77,2,3,"11:12:53","21:30:49"
77,3,85,"7:31:12","18:39:1"
77,4,63,"20:35:32","14:40:18"
77,5,42,"14:31:6","16:54:45"
78,1,88,"9:50:56","17:26:9"
78,2,97,"15:13:26","23:39:6"
78,3,89,"8:14:49","12:12:30"
78,4,55,"7:51:49","20:58:15"
78,5,67,"21:39:25","23:39:3"
79,1,12,"14:10:58","9:23:41"
79,2,37,"18:50:27","10:13:15"
79,3,80,"19:49:45","19:29:50"
79,4,83,"9:42:50","16:57:16"
79,5,2,"23:57:7","18:18:51"
80,1,20,"12:43:9","20:58:16"
80,2,54,"15:39:3","19:25:13"
80,3,56,"22:7:9","11:19:40"
80,4,97,"23:40:14","11:13:18"
80,5,92,"17:36:46","10:31:22"
81,1,93,"15:38:56","23:18:24"
81,2,40,"7:22:33","17:59:31"
81,3,54,"10:33:7","22:56:48"
81,4,13,"9:54:0","5:45:40"
81,5,9,"22:20:26","19:10:26"
82,1,75,"23:28:4","17:4:39"
82,2,51,"9:4:4","23:23:36"
82,3,96,"7:37:15","8:44:16"
82,4,48,"9:15:58","13:36:6"
82,5,91,"7:38:7","15:14:39"
83,1,44,"23:29:6","5:21:59"
83,2,54,"8:46:34","22:55:38"
83,3,52,"5:52:56","20:18:27"
83,4,26,"22:32:43","8:0:56"
83,5,42,"6:44:48","18:28:7"
84,1,70,"16:14:46","15:22:2"
84,2,39,"15:41:20","9:40:34"
84,3,5,"8:31:0","15:21:3"
84,4,53,"15:53:53","13:45:13"
84,5,36,"14:9:41","12:42:41"
85,1,47,"5:21:56","17:40:55"
85,2,72,"20:29:24","17:56:13"
85,3,52,"13:32:2","17:27:36"
85,4,42,"22:27:37","10:5:4"
85,5,90,"21:35:21","20:40:55"
86,1,48,"17:17:51","15:44:4"
86,2,35,"11:33:50","13:8:6"
86,3,18,"7:1:28","18:51:19"
86,4,74,"11:4:45","14:44:40"
86,5,89,"14:2:34","20:11:29"
87,1,63,"16:45:5","5:24:46"
87,2,69,"22:58:36","9:39:32"
87,3,56,"22:36:56","23:53:43"
87,4,15,"14:20:6","12:58:0"
87,5,42,"9:33:8","9:3:26"
88,1,61,"8:13:8","23:21:39"
88,2,95,"6:48:5","18:57:16"
88,3,3,"23:49:54","23:32:15"
88,4,50,"17:49:4","9:35:23"
88,5,99,"5:14:41","12:59:0"
89,1,75,"5:50:37","7:51:7"
89,2,56,"20:43:51","9:17:46"
89,3,7,"22:5:27","6:32:13"
89,4,73,"21:55:35","10:39:5"
89,5,58,"18:12:28","22:44:43"
90,1,52,"11:3:59","23:26:41"
90,2,18,"13:45:51","17:26:32"
90,3,81,"19:14:9","21:36:45"
90,4,62,"9:16:50","9:22:42"
90,5,14,"19:15:49","15:19:51"
91,1,56,"23:24:15","17:50:10"
91,2,77,"17:3:43","21:16:17"
91,3,99,"8:24:15","13:34:32"
91,4,78,"9:34:17","21:34:19"
91,5,91,"6:29:0","17:47:53"
92,1,85,"14:39:5","23:18:55"
92,2,4,"8:5:50","14:55:16"
92,3,12,"11:51:52","10:25:49"
92,4,20,"15:37:17","19:51:17"
92,5,75,"8:27:18","20:54:0"
93,1,83,"9:42:26","17:32:20"
93,2,12,"6:7:23","19:48:34"
93,3,28,"16:30:51","22:35:58"
93,4,70,"9:58:47","18:29:39"
93,5,40,"21:27:26","21:37:19"
94,1,36,"18:44:48","17:45:4"
94,2,97,"22:23:19","13:46:42"
94,3,32,"14:39:21","22:55:43"
94,4,50,"19:20:9","20:57:22"
94,5,45,"15:34:40","22:25:31"
95,1,52,"20:47:54","10:21:9"
95,2,24,"11:50:18","9:6:18"
95,3,3,"16:54:2","20:26:28"
95,4,17,"8:40:28","15:48:14"
95,5,63,"14:33:52","17:50:49"
96,1,5,"9:15:53","12:14:32"
96,2,41,"19:11:56","7:17:22"
96,3,37,"7:33:5","17:33:19"
96,4,81,"11:0:44","18:31:27"
96,5,7,"22:20:1","10:18:32"
97,1,39,"10:9:29","19:48:37"
97,2,84,"12:28:30","12:40:30"
97,3,64,"9:19:20","9:37:53"
97,4,23,"12:2:29","17:1:39"
97,5,14,"20:11:13","5:9:1"
98,1,21,"19:45:15","15:29:45"
98,2,4,"14:13:11","23:59:22"
98,3,28,"22:32:17","10:28:49"
98,4,50,"12:30:4","14:32:59"
98,5,29,"17:59:27","17:28:16"
99,1,78,"14:47:5","6:43:50"
99,2,52,"15:57:7","13:19:10"
99,3,49,"23:42:14","10:12:38"
99,4,26,"17:43:16","10:52:52"
99,5,20,"10:35:20","18:0:51"
100,1,92,"20:50:15","11:58:37"
100,2,89,"9:2:7","8:31:24"
100,3,62,"21:15:28","20:23:10"
100,4,34,"7:49:45","14:1:41"
100,5,13,"7:34:6","14:3:49"
101,1,64,"5:53:39","7:46:36"
101,2,36,"9:0:58","6:19:0"
101,3,24,"11:14:31","16:41:48"
101,4,57,"9:57:12","10:8:26"
101,5,69,"18:4:53","17:12:53"
102,1,52,"9:3:0","13:19:59"
102,2,19,"18:51:31","20:43:36"
102,3,8,"17:19:39","20:53:38"
102,4,10,"5:38:6","22:3:14"
102,5,66,"14:31:25","13:20:3"
103,1,84,"8:9:4","9:48:5"
103,2,6,"18:38:0","20:28:57"
103,3,28,"18:53:52","11:1:1"
103,4,3,"21:37:42","18:4:37"
103,5,75,"11:25:58","13:4:40"
104,1,15,"5:14:48","17:22:51"
104,2,60,"22:55:23","11:14:22"
104,3,27,"23:47:5","10:19:40"
104,4,80,"13:12:52","20:42:23"
104,5,68,"21:40:19","8:0:42"
105,1,49,"7:24:32","17:11:36"
105,2,61,"22:4:59","6:24:54"
105,3,39,"22:55:25","12:22:49"
105,4,54,"16:41:29","13:31:21"
105,5,47,"9:35:24","8:8:18"
106,1,72,"9:21:43","18:56:33"
106,2,61,"20:56:59","19:3:43"
106,3,93,"8:32:27","13:25:17"
106,4,100,"17:32:26","11:40:43"
106,5,54,"9:59:41","14:56:47"
107,1,45,"19:34:50","15:20:17"
107,2,93,"22:9:43","6:34:9"
107,3,12,"8:21:31","17:48:54"
107,4,45,"22:2:9","21:54:4"
107,5,48,"20:27:16","21:41:39"
108,1,48,"12:52:54","16:28:33"
108,2,71,"18:17:11","16:10:38"
108,3,40,"8:16:25","13:31:1"
108,4,33,"18:42:54","15:8:49"
108,5,99,"19:26:44","7:36:48"
109,1,57,"16:3:22","5:6:9"
109,2,82,"7:11:22","13:1:48"
109,3,46,"17:51:51","13:23:55"
109,4,40,"21:35:30","16:49:6"
109,5,29,"17:41:5","23:24:55"
110,1,69,"10:47:39","5:47:40"
110,2,70,"8:34:36","17:18:28"
110,3,15,"21:40:50","22:36:46"
110,4,25,"5:18:13","17:7:43"
110,5,92,"10:36:17","16:14:46"
111,1,64,"7:15:29","6:24:8"
111,2,45,"22:50:39","16:40:4"
111,3,96,"9:36:47","18:8:44"
111,4,66,"17:17:31","12:45:6"
111,5,35,"7:59:27","9:45:48"
112,1,31,"18:36:4","10:4:37"
112,2,56,"8:15:48","20:37:1"
112,3,33,"11:44:4","15:49:58"
112,4,11,"17:48:33","14:32:6"
112,5,38,"12:8:15","14:25:12"
113,1,3,"14:38:12","13:58:26"
113,2,35,"15:47:44","20:35:13"
113,3,14,"6:36:8","6:13:11"
113,4,29,"13:48:14","13:25:40"
113,5,40,"13:20:40","16:3:23"
114,1,46,"22:32:38","10:7:2"
114,2,90,"18:23:55","13:40:38"
114,3,33,"10:40:5","11:34:57"
114,4,94,"17:46:5","20:24:11"
114,5,95,"13:53:10","22:48:21"
115,1,37,"14:3:54","8:14:53"
115,2,23,"9:56:24","23:57:36"
115,3,81,"15:9:9","10:5:12"
115,4,53,"8:48:16","9:27:44"
115,5,57,"23:11:22","16:15:47"
116,1,12,"8:37:29","7:52:50"
116,2,52,"10:39:7","20:29:45"
116,3,93,"7:54:11","7:2:40"
116,4,94,"10:30:32","6:30:1"
116,5,64,"8:7:51","23:41:42"
117,1,17,"23:58:6","13:44:48"
117,2,29,"11:1:44","12:44:50"
117,3,13,"21:34:0","7:49:45"
117,4,93,"7:59:0","21:58:28"
117,5,67,"13:47:39","10:37:13"
118,1,27,"22:28:59","22:58:16"
118,2,75,"22:14:57","6:58:33"
118,3,78,"8:21:13","16:2:38"
118,4,8,"10:44:26","15:50:59"
118,5,8,"11:31:29","13:41:37"
119,1,87,"13:47:30","18:55:43"
119,2,7,"17:22:24","15:25:40"
119,3,14,"14:24:25","6:37:46"
119,4,35,"10:41:57","10:22:25"
119,5,15,"10:31:10","18:9:16"
120,1,55,"9:32:42","17:18:31"
120,2,29,"15:34:53","14:35:53"
120,3,62,"19:40:51","9:28:2"
120,4,62,"16:12:38","17:32:10"
120,5,43,"17:22:32","6:40:45"
121,1,59,"10:41:45","18:8:11"
121,2,25,"6:58:21","14:38:21"
121,3,67,"16:35:19","15:32:44"
121,4,24,"13:27:14","7:25:32"
121,5,34,"13:5:57","16:23:18"
122,1,46,"13:31:24","13:13:43"
122,2,46,"12:53:5","6:31:14"
122,3,34,"21:15:1","19:15:54"
122,4,61,"16:34:57","19:3:5"
122,5,35,"16:37:4","23:51:41"
123,1,17,"23:39:26","10:30:38"
123,2,49,"10:58:7","16:16:41"
123,3,94,"9:22:55","9:34:28"
123,4,11,"17:25:19","18:9:23"
123,5,56,"7:55:11","18:56:36"
124,1,25,"8:4:2","18:43:50"
124,2,21,"17:11:44","17:57:57"
124,3,64,"20:33:14","9:45:7"
124,4,28,"8:27:32","14:48:35"
124,5,47,"7:56:46","11:45:47"
125,1,93,"5:23:38","21:51:12"
125,2,52,"7:20:55","18:59:37"
125,3,60,"19:44:32","23:5:23"
125,4,32,"22:42:1","15:21:24"
125,5,15,"22:35:23","12:2:12"
126,1,31,"12:30:31","9:37:40"
126,2,67,"14:37:6","12:21:59"
126,3,71,"16:27:42","14:31:49"
126,4,8,"9:49:31","6:23:21"
126,5,93,"16:11:29","9:15:22"
127,1,27,"9:35:11","15:52:40"
127,2,41,"19:7:51","14:4:18"
127,3,37,"19:16:3","10:47:1"
127,4,12,"8:55:52","16:22:29"
127,5,63,"10:51:59","9:41:45"
128,1,47,"13:42:46","21:56:51"
128,2,85,"20:57:15","15:25:34"
128,3,39,"8:43:19","23:5:18"
128,4,40,"21:27:9","10:46:13"
128,5,92,"19:35:48","19:10:44"
129,1,29,"15:20:57","14:41:33"
129,2,25,"7:50:23","11:26:59"
129,3,32,"17:24:35","21:52:6"
129,4,45,"17:32:57","12:50:43"
129,5,88,"19:23:54","17:46:21"
130,1,4,"6:35:4","13:54:51"
130,2,90,"17:39:39","17:30:20"
130,3,64,"16:32:43","16:3:44"
130,4,54,"19:3:57","7:53:11"
130,5,98,"21:6:58","10:2:5"
131,1,5,"16:8:13","20:36:38"
131,2,27,"21:3:7","16:17:44"
131,3,100,"20:3:22","18:6:3"
131,4,50,"21:42:24","22:18:46"
131,5,43,"9:52:7","10:24:32"
132,1,64,"14:59:55","10:45:20"
132,2,72,"19:0:3","14:43:29"
132,3,35,"8:50:27","19:13:35"
132,4,21,"20:33:29","14:34:5"
132,5,33,"7:50:14","17:53:29"
133,1,18,"5:27:8","13:8:4"
133,2,57,"21:59:52","12:19:38"
133,3,57,"18:23:3","19:7:10"
133,4,14,"16:58:45","13:53:19"
133,5,1,"17:30:59","10:39:20"
134,1,75,"6:19:43","20:27:52"
134,2,96,"5:12:23","5:28:10"
134,3,36,"14:30:33","6:35:2"
134,4,65,"12:30:37","10:47:9"
134,5,44,"18:44:34","17:30:7"
135,1,59,"7:53:3","12:10:25"
135,2,74,"19:22:22","10:5:18"
135,3,23,"14:59:43","20:57:48"
135,4,35,"17:57:36","23:50:23"
135,5,70,"19:43:15","13:2:59"
136,1,61,"16:33:50","11:59:0"
136,2,35,"8:8:36","12:30:34"
136,3,37,"16:39:43","22:13:43"
136,4,61,"6:4:21","19:35:49"
136,5,42,"20:15:28","15:41:35"
137,1,3,"13:17:19","21:8:4"
137,2,72,"15:20:24","14:23:1"
137,3,75,"21:17:59","7:30:21"
137,4,67,"21:21:28","11:3:29"
137,5,34,"18:4:1","8:16:22"
138,1,60,"15:54:54","11:31:18"
138,2,47,"13:0:22","12:58:14"
138,3,5,"12:39:0","12:44:56"
138,4,56,"5:52:25","23:57:14"
138,5,75,"18:40:33","12:31:26"
139,1,36,"20:46:42","10:21:54"
139,2,86,"13:17:55","7:50:16"
139,3,47,"7:5:49","13:46:19"
139,4,100,"8:33:59","11:50:10"
139,5,46,"19:15:42","7:39:58"
140,1,64,"14:21:42","20:5:23"
140,2,65,"23:22:12","19:35:46"
140,3,63,"13:8:18","6:22:48"
140,4,45,"20:43:45","23:7:36"
140,5,8,"21:6:36","21:49:54"
141,1,100,"11:26:33","13:28:30"
141,2,92,"18:59:22","20:13:43"
141,3,13,"12:44:17","20:52:10"
141,4,76,"21:10:6","16:5:19"
141,5,23,"15:9:58","5:4:3"
142,1,31,"22:8:47","9:27:35"
142,2,1,"23:32:54","17:40:53"
142,3,50,"9:14:14","20:27:13"
142,4,92,"19:1:28","8:57:52"
142,5,53,"23:9:2","10:15:44"
143,1,86,"19:22:47","19:23:52"
143,2,10,"15:9:36","11:38:2"
143,3,60,"18:28:21","12:8:58"
143,4,56,"13:40:58","14:47:4"
143,5,3,"11:29:55","15:31:23"
144,1,4,"21:28:22","11:26:47"
144,2,5,"6:18:54","9:17:37"
144,3,60,"8:52:43","14:13:50"
144,4,47,"9:15:52","5:40:43"
144,5,16,"6:21:49","19:24:56"
145,1,95,"5:4:56","9:10:51"
145,2,46,"8:33:7","10:27:12"
145,3,2,"19:49:32","6:43:47"
145,4,35,"19:12:28","5:17:5"
145,5,67,"16:25:9","5:19:14"
146,1,49,"21:5:22","17:33:59"
146,2,3,"23:19:29","13:22:15"
146,3,96,"9:44:29","13:27:7"
146,4,75,"6:55:12","20:42:31"
146,5,39,"23:4:10","9:57:20"
147,1,42,"17:19:1","9:22:33"
147,2,27,"13:30:17","8:31:38"
147,3,49,"17:16:8","14:15:59"
147,4,22,"17:54:50","19:36:50"
147,5,75,"6:13:18","17:21:56"
148,1,92,"14:6:24","11:44:17"
148,2,97,"5:21:17","5:19:6"
148,3,32,"5:12:43","13:1:58"
148,4,18,"10:34:33","15:10:24"
148,5,58,"9:8:8","6:17:42"
149,1,80,"6:2:35","20:2:2"
149,2,100,"14:51:41","11:13:54"
149,3,1,"20:35:30","6:23:52"
149,4,11,"22:17:33","13:25:27"
149,5,28,"13:9:59","10:0:5"
150,1,10,"9:15:1","20:16:12"
150,2,79,"14:19:0","19:35:33"
150,3,4,"6:17:1","9:18:41"
150,4,82,"10:4:21","23:9:29"
150,5,66,"14:25:27","9:9:37"
151,1,78,"15:45:58","9:8:22"
151,2,2,"22:31:25","17:58:40"
151,3,42,"16:40:4","23:49:40"
151,4,35,"23:28:37","18:18:26"
151,5,77,"12:24:34","8:26:50"
152,1,92,"7:58:15","17:55:47"
152,2,52,"20:50:39","23:15:8"
152,3,6,"19:43:18","8:45:15"
152,4,59,"19:7:3","21:7:53"
152,5,58,"6:2:39","8:13:4"
153,1,21,"11:12:16","23:9:14"
153,2,38,"7:44:16","16:16:20"
153,3,1,"12:22:17","6:39:13"
153,4,64,"16:13:20","18:57:9"
153,5,12,"12:28:43","9:47:35"
154,1,53,"11:14:4","7:48:7"
154,2,39,"17:9:40","17:3:3"
154,3,87,"18:47:21","13:11:13"
154,4,76,"8:9:22","6:42:46"
154,5,35,"10:18:14","18:38:20"
155,1,28,"6:50:54","23:52:59"
155,2,55,"21:11:33","7:32:27"
155,3,98,"10:38:58","20:41:38"
155,4,84,"15:51:21","10:54:24"
155,5,27,"15:35:47","12:41:45"
156,1,98,"10:49:5","10:39:49"
156,2,97,"23:26:43","15:44:51"
156,3,39,"17:11:13","22:5:32"
156,4,68,"20:6:55","9:36:42"
156,5,96,"13:3:32","5:57:16"
157,1,20,"20:34:9","9:21:9"
157,2,93,"18:32:33","10:17:12"
157,3,14,"12:59:38","8:39:55"
157,4,48,"14:5:33","5:51:54"
157,5,76,"22:8:30","8:48:13"
158,1,11,"18:20:41","16:38:53"
158,2,88,"22:55:56","9:15:17"
158,3,69,"9:0:2","22:40:32"
158,4,27,"15:26:59","23:31:37"
158,5,23,"12:30:37","8:8:30"
159,1,70,"21:52:16","6:21:53"
159,2,67,"21:39:36","18:24:51"
159,3,17,"7:38:34","21:48:14"
159,4,57,"23:50:55","16:5:17"
159,5,10,"5:34:27","6:24:26"
160,1,9,"13:22:8","5:40:56"
160,2,77,"21:9:1","14:53:20"
160,3,46,"12:12:31","16:34:33"
160,4,51,"8:4:42","15:30:48"
160,5,5,"20:58:45","20:1:22"
161,1,7,"11:32:52","6:59:43"
161,2,22,"19:41:46","22:52:2"
161,3,25,"23:4:16","16:50:45"
161,4,31,"21:30:53","8:36:49"
161,5,51,"16:29:24","15:48:43"
162,1,79,"10:15:7","21:31:0"
162,2,75,"23:35:2","20:39:30"
162,3,32,"19:7:47","7:21:0"
162,4,19,"21:27:42","22:4:47"
162,5,89,"19:35:2","15:11:36"
163,1,53,"19:40:52","17:14:9"
163,2,100,"12:44:45","12:35:57"
163,3,30,"7:18:44","9:58:14"
163,4,41,"14:59:1","21:21:26"
163,5,7,"15:54:4","23:33:38"
164,1,67,"18:52:15","11:15:37"
164,2,62,"21:43:22","19:7:34"
164,3,69,"16:19:47","17:39:6"
164,4,22,"5:30:7","18:35:24"
164,5,63,"8:50:53","12:8:8"
165,1,15,"11:12:59","12:56:56"
165,2,96,"18:53:7","22:53:51"
165,3,87,"5:39:31","15:16:58"
165,4,32,"8:35:37","20:19:10"
165,5,61,"17:7:54","20:6:18"
166,1,40,"8:58:41","10:40:34"
166,2,39,"12:41:53","21:33:14"
166,3,19,"20:36:46","17:5:50"
166,4,8,"17:0:56","15:59:6"
166,5,38,"21:56:24","7:54:42"
167,1,91,"11:56:11","9:53:24"
167,2,47,"12:19:52","15:34:20"
167,3,75,"12:18:2","8:46:27"
167,4,83,"14:55:10","10:57:57"
167,5,63,"11:58:8","5:26:8"
168,1,34,"22:43:23","12:30:33"
168,2,31,"7:21:29","9:55:56"
168,3,37,"13:36:33","11:52:43"
168,4,39,"8:1:50","12:9:7"
168,5,18,"12:28:0","12:43:55"
169,1,35,"7:39:50","20:5:39"
169,2,99,"10:51:34","22:10:2"
169,3,30,"15:11:9","18:29:41"
169,4,99,"11:36:26","13:44:24"
169,5,59,"17:14:7","21:17:36"
170,1,57,"12:36:4","22:7:19"
170,2,91,"5:14:41","12:12:37"
170,3,92,"11:30:5","23:8:46"
170,4,43,"8:10:45","23:6:15"
170,5,51,"13:39:0","8:56:44"
171,1,28,"12:3:30","8:56:49"
171,2,81,"11:20:24","23:24:39"
171,3,34,"11:7:17","21:39:11"
171,4,57,"20:25:30","22:21:19"
171,5,24,"5:13:2","10:40:53"
172,1,53,"8:15:46","18:13:10"
172,2,95,"14:33:44","11:19:48"
172,3,75,"20:38:50","9:2:23"
172,4,77,"12:41:58","23:2:28"
172,5,20,"8:41:34","10:44:40"
173,1,85,"17:6:49","5:42:36"
173,2,98,"9:2:3","5:19:4"
173,3,9,"15:12:19","10:27:6"
173,4,9,"10:18:19","19:18:17"
173,5,93,"15:48:41","13:37:38"
174,1,85,"7:4:45","20:39:30"
174,2,77,"20:24:38","13:57:14"
174,3,46,"19:53:56","16:42:13"
174,4,9,"17:48:16","10:50:57"
174,5,43,"19:42:57","21:50:6"
175,1,33,"9:21:10","20:36:8"
175,2,4,"5:22:24","20:27:19"
175,3,2,"21:23:16","21:47:24"
175,4,80,"11:19:33","22:9:46"
175,5,26,"20:0:29","8:24:48"
176,1,37,"5:3:38","17:8:52"
176,2,29,"14:55:4","18:1:30"
176,3,13,"21:34:33","8:38:22"
176,4,81,"8:2:18","9:41:58"
176,5,1,"12:57:25","22:16:9"
177,1,70,"22:11:44","7:30:23"
177,2,98,"23:3:10","11:13:26"
177,3,83,"5:48:46","16:21:53"
177,4,73,"19:24:31","23:39:56"
177,5,27,"8:34:40","21:41:56"
178,1,77,"15:25:43","18:13:46"
178,2,14,"9:1:51","22:20:40"
178,3,93,"20:16:3","21:56:58"
178,4,78,"19:51:30","18:6:44"
178,5,91,"6:55:57","20:35:20"
179,1,58,"11:52:17","14:8:35"
179,2,78,"14:17:49","5:9:34"
179,3,45,"16:42:4","10:17:52"
179,4,56,"19:15:55","23:19:42"
179,5,72,"20:13:3","22:18:47"
180,1,86,"7:18:43","19:19:6"
180,2,2,"13:31:22","7:4:23"
180,3,66,"15:16:33","8:26:24"
180,4,80,"8:9:24","22:16:16"
180,5,85,"9:0:6","20:38:4"
181,1,63,"9:8:55","11:35:0"
181,2,73,"13:12:16","12:59:13"
181,3,64,"13:46:40","11:40:29"
181,4,55,"8:43:46","23:1:46"
181,5,91,"5:57:8","22:42:41"
182,1,41,"5:22:49","11:4:35"
182,2,78,"14:57:32","20:0:12"
182,3,83,"18:10:12","10:10:46"
182,4,8,"20:49:0","5:35:30"
182,5,35,"23:17:27","8:24:48"
183,1,44,"13:35:44","9:43:51"
183,2,65,"6:10:42","19:2:17"
183,3,27,"23:46:55","9:59:53"
183,4,29,"8:8:14","21:54:16"
183,5,39,"18:17:0","11:28:20"
184,1,31,"14:40:27","10:47:13"
184,2,32,"20:38:32","9:37:30"
184,3,94,"23:34:14","22:48:14"
184,4,11,"9:1:14","10:19:15"
184,5,77,"6:55:28","13:47:7"
185,1,84,"11:57:58","17:30:21"
185,2,21,"23:55:57","14:27:23"
185,3,3,"10:19:40","10:42:5"
185,4,79,"7:20:44","12:43:39"
185,5,83,"21:36:51","18:7:58"
186,1,61,"10:41:53","18:24:12"
186,2,54,"10:47:48","22:8:53"
186,3,19,"16:32:38","12:37:38"
186,4,5,"14:58:51","5:42:2"
186,5,15,"11:58:44","12:5:35"
187,1,49,"17:50:56","15:23:27"
187,2,52,"15:43:10","22:18:54"
187,3,47,"9:17:3","22:54:43"
187,4,97,"17:3:33","13:11:53"
187,5,16,"16:1:18","10:55:10"
188,1,5,"7:39:45","23:31:30"
188,2,49,"12:9:39","14:56:20"
188,3,8,"20:26:40","13:41:54"
188,4,23,"20:36:2","7:25:2"
188,5,1,"17:35:0","6:34:13"
189,1,18,"22:16:22","13:17:8"
189,2,90,"9:1:42","11:45:53"
189,3,41,"23:28:6","18:40:30"
189,4,52,"20:33:15","16:43:47"
189,5,72,"8:6:17","22:46:41"
190,1,37,"12:40:22","8:29:52"
190,2,18,"20:58:21","22:38:16"
190,3,31,"11:57:11","14:34:20"
190,4,65,"19:56:41","8:31:49"
190,5,94,"16:3:41","12:40:38"
191,1,89,"13:38:54","9:29:34"
191,2,40,"18:10:39","5:43:51"
191,3,97,"8:53:10","10:2:5"
191,4,45,"19:37:49","18:39:38"
191,5,61,"9:0:8","8:55:17"
192,1,13,"7:56:48","9:44:22"
192,2,70,"12:21:31","22:36:19"
192,3,77,"18:9:49","6:18:54"
192,4,30,"5:29:44","17:30:24"
192,5,25,"17:31:25","6:56:10"
193,1,52,"17:58:11","15:10:55"
193,2,36,"21:11:35","8:36:24"
193,3,82,"22:30:30","7:23:30"
193,4,83,"12:42:22","11:36:18"
193,5,34,"10:35:57","8:0:43"
194,1,21,"10:25:56","15:0:30"
194,2,63,"10:34:16","15:37:59"
194,3,87,"7:44:44","22:32:11"
194,4,43,"7:8:1","18:38:53"
194,5,46,"11:9:44","13:9:50"
195,1,13,"23:57:25","12:24:34"
195,2,60,"19:15:35","8:9:49"
195,3,23,"12:11:23","17:15:55"
195,4,98,"9:44:41","12:22:16"
195,5,86,"12:57:11","5:49:36"
196,1,17,"23:56:25","13:1:56"
196,2,97,"5:40:0","16:53:1"
196,3,48,"14:33:53","20:5:55"
196,4,52,"10:29:49","11:9:24"
196,5,30,"7:48:51","23:35:18"
197,1,47,"22:34:24","21:22:31"
197,2,38,"20:21:26","21:6:40"
197,3,81,"7:51:32","5:32:37"
197,4,7,"7:36:30","13:16:25"
197,5,13,"19:7:50","9:36:15"
198,1,72,"20:56:12","14:49:21"
198,2,44,"13:6:12","16:30:9"
198,3,83,"23:11:49","10:48:4"
198,4,74,"15:42:19","12:9:31"
198,5,76,"16:5:12","13:14:4"
199,1,75,"12:26:33","23:57:49"
199,2,77,"6:9:16","19:34:43"
199,3,13,"17:33:8","5:9:21"
199,4,36,"10:42:34","15:6:54"
199,5,15,"17:51:28","21:9:45"
200,1,19,"23:17:41","18:45:50"
200,2,6,"17:5:19","7:53:48"
200,3,97,"5:43:39","15:34:11"
200,4,24,"12:40:56","14:26:2"
200,5,6,"14:9:24","22:49:16"
201,1,24,"22:10:13","5:14:36"
201,2,5,"20:27:56","23:43:45"
201,3,41,"16:55:14","13:8:40"
201,4,41,"8:43:40","18:3:50"
201,5,27,"11:4:56","16:59:12"
202,1,81,"10:17:27","21:51:43"
202,2,13,"12:35:39","9:58:6"
202,3,26,"20:59:25","15:19:7"
202,4,23,"8:44:46","15:5:50"
202,5,90,"23:29:56","20:55:26"
203,1,3,"11:59:46","11:9:12"
203,2,48,"22:28:17","20:38:29"
203,3,4,"11:38:34","6:58:27"
203,4,83,"6:26:2","11:32:5"
203,5,6,"20:38:50","22:47:40"
204,1,81,"6:29:25","6:43:46"
204,2,70,"20:38:27","15:25:35"
204,3,10,"23:0:31","9:37:52"
204,4,45,"23:49:37","7:23:25"
204,5,21,"17:49:53","17:14:2"
205,1,1,"8:23:19","19:44:48"
205,2,52,"7:10:20","22:46:48"
205,3,49,"21:40:5","13:7:30"
205,4,76,"14:9:31","7:35:51"
205,5,34,"9:33:22","7:35:6"
206,1,67,"11:8:8","16:1:28"
206,2,46,"13:48:32","13:54:25"
206,3,60,"12:57:50","21:48:52"
206,4,51,"17:13:24","6:42:21"
206,5,98,"19:45:34","22:29:1"
207,1,19,"9:19:59","19:8:28"
207,2,5,"10:3:16","21:29:50"
207,3,41,"20:16:59","10:8:21"
207,4,40,"14:16:21","14:26:20"
207,5,32,"12:38:23","11:40:23"
208,1,19,"10:33:58","5:54:56"
208,2,10,"14:6:32","15:19:56"
208,3,22,"7:20:37","8:28:13"
208,4,87,"5:4:42","6:1:6"
208,5,12,"9:33:39","9:4:57"
209,1,43,"20:20:7","11:27:58"
209,2,6,"8:27:32","6:30:5"
209,3,81,"17:50:56","14:19:35"
209,4,22,"21:32:48","22:57:35"
209,5,57,"23:2:50","19:15:42"
210,1,66,"22:53:6","13:57:36"
210,2,12,"19:51:57","10:33:32"
210,3,13,"7:25:47","5:0:56"
210,4,58,"16:34:24","18:5:5"
210,5,68,"23:38:27","5:36:41"
211,1,21,"23:38:45","10:30:0"
211,2,46,"15:45:26","22:19:17"
211,3,29,"12:23:48","9:33:14"
211,4,67,"9:35:16","11:53:21"
211,5,26,"9:7:56","17:13:22"
212,1,89,"20:25:23","18:58:0"
212,2,39,"18:7:59","21:22:34"
212,3,70,"8:49:3","10:37:43"
212,4,96,"6:5:58","16:35:47"
212,5,72,"7:27:14","17:17:59"
213,1,51,"15:45:34","7:0:48"
213,2,75,"13:16:47","18:12:15"
213,3,79,"8:59:18","20:57:10"
213,4,19,"16:53:33","6:33:50"
213,5,33,"9:1:29","15:16:41"
214,1,74,"18:35:26","22:34:6"
214,2,66,"22:40:25","16:40:31"
214,3,61,"19:31:47","17:57:41"
214,4,74,"9:56:58","7:59:1"
214,5,66,"18:54:30","8:6:59"
215,1,5,"23:31:45","12:39:20"
215,2,17,"15:21:26","13:0:24"
215,3,77,"14:16:10","14:55:38"
215,4,69,"15:50:13","11:3:28"
215,5,42,"10:23:10","23:58:22"
216,1,57,"20:28:33","11:34:17"
216,2,88,"19:53:12","13:25:50"
216,3,46,"5:22:30","10:52:11"
216,4,51,"14:1:38","7:52:6"
216,5,34,"10:21:49","10:15:49"
217,1,1,"6:12:36","20:19:8"
217,2,87,"19:35:22","18:29:13"
217,3,5,"19:5:36","10:32:11"
217,4,85,"15:40:36","23:27:56"
217,5,88,"9:54:18","12:4:11"
218,1,17,"23:54:30","15:57:15"
218,2,67,"17:35:30","6:45:23"
218,3,27,"6:45:59","14:31:17"
218,4,11,"23:35:22","19:4:6"
218,5,35,"16:36:36","15:47:40"
219,1,99,"16:43:5","9:30:49"
219,2,27,"22:15:48","15:55:28"
219,3,90,"21:27:24","15:58:26"
219,4,100,"7:30:11","18:41:19"
219,5,71,"7:49:48","23:12:23"
220,1,15,"12:10:44","23:2:0"
220,2,59,"20:54:53","6:33:47"
220,3,81,"18:46:24","22:38:12"
220,4,20,"9:23:32","12:24:34"
220,5,17,"21:48:4","17:5:44"
221,1,19,"23:21:35","21:24:2"
221,2,47,"14:3:20","11:51:55"
221,3,75,"22:1:42","17:28:44"
221,4,53,"16:34:15","6:3:56"
221,5,100,"16:37:16","22:16:39"
222,1,18,"10:58:37","5:23:53"
222,2,60,"18:30:5","13:35:15"
222,3,9,"20:19:25","21:40:48"
222,4,67,"6:27:6","16:31:44"
222,5,45,"17:2:17","10:14:0"
223,1,31,"18:38:27","6:5:28"
223,2,25,"13:36:23","10:15:13"
223,3,97,"22:30:41","19:23:38"
223,4,92,"18:20:24","7:40:41"
223,5,73,"9:37:6","15:31:49"
224,1,81,"18:32:29","15:33:15"
224,2,15,"14:26:44","17:17:55"
224,3,23,"16:47:31","21:47:41"
224,4,91,"12:31:39","14:38:8"
224,5,68,"23:52:10","21:41:21"
225,1,23,"14:38:53","18:12:58"
225,2,62,"16:27:33","19:32:28"
225,3,18,"18:44:24","15:7:11"
225,4,23,"6:58:13","19:59:44"
225,5,86,"21:26:17","16:34:32"
226,1,42,"5:40:49","17:2:58"
226,2,59,"13:45:53","19:38:47"
226,3,11,"10:11:50","8:20:29"
226,4,25,"9:41:27","15:44:22"
226,5,68,"14:15:53","16:13:44"
227,1,53,"21:2:6","10:0:57"
227,2,55,"5:5:53","18:8:36"
227,3,63,"10:35:5","22:22:19"
227,4,30,"11:5:37","12:26:33"
227,5,18,"20:7:5","6:59:14"
228,1,11,"7:19:55","11:26:6"
228,2,78,"5:9:42","22:40:59"
228,3,100,"21:39:21","8:36:35"
228,4,78,"8:9:1","15:37:19"
228,5,79,"7:6:54","23:17:17"
229,1,13,"20:21:57","23:15:38"
229,2,90,"23:14:40","8:53:51"
229,3,78,"16:46:21","17:25:1"
229,4,44,"10:3:6","18:13:0"
229,5,22,"6:34:17","9:24:22"
230,1,13,"19:44:32","6:18:25"
230,2,61,"14:38:57","21:5:46"
230,3,23,"11:40:15","10:27:36"
230,4,36,"12:41:30","19:15:58"
230,5,76,"22:1:59","16:54:48"
231,1,77,"5:4:22","14:39:47"
231,2,37,"12:37:1","19:30:33"
231,3,69,"7:47:15","5:16:1"
231,4,17,"10:26:35","7:52:54"
231,5,8,"11:57:27","14:0:30"
232,1,60,"19:3:30","13:48:23"
232,2,3,"22:49:15","6:42:40"
232,3,11,"10:41:22","15:26:12"
232,4,15,"5:52:57","10:47:27"
232,5,30,"14:4:44","17:20:26"
233,1,87,"14:57:18","10:35:55"
233,2,41,"7:51:12","8:19:42"
233,3,47,"9:14:41","18:45:7"
233,4,45,"7:26:53","13:15:11"
233,5,75,"10:31:31","12:38:48"
234,1,84,"11:10:51","5:3:0"
234,2,93,"5:14:45","8:34:28"
234,3,8,"19:3:21","22:18:13"
234,4,85,"14:53:26","13:57:46"
234,5,21,"6:35:9","23:7:25"
235,1,61,"17:41:10","5:15:13"
235,2,27,"20:46:3","16:19:18"
235,3,39,"20:38:26","7:18:26"
235,4,72,"10:39:16","11:12:58"
235,5,8,"20:49:27","8:1:25"
236,1,10,"16:51:24","17:13:14"
236,2,16,"19:58:41","20:2:15"
236,3,96,"21:44:21","18:59:24"
236,4,77,"20:24:7","14:20:30"
236,5,26,"16:3:48","15:40:54"
237,1,59,"20:43:0","12:33:38"
237,2,29,"14:39:20","10:6:14"
237,3,69,"5:36:11","18:16:53"
237,4,81,"9:6:13","21:54:13"
237,5,25,"13:32:55","14:21:39"
238,1,30,"22:55:36","17:13:17"
238,2,35,"22:37:8","18:41:18"
238,3,74,"23:31:29","18:37:41"
238,4,67,"12:5:36","6:32:2"
238,5,55,"10:17:59","22:56:59"
239,1,61,"23:37:46","5:24:50"
239,2,31,"12:14:31","18:34:29"
239,3,49,"16:13:39","18:32:28"
239,4,19,"23:37:52","16:57:20"
239,5,55,"10:8:46","5:1:53"
240,1,80,"21:53:38","19:29:17"
240,2,82,"18:38:18","11:38:55"
240,3,100,"17:7:36","10:49:42"
240,4,97,"7:39:46","22:40:4"
240,5,91,"11:4:34","6:4:44"
241,1,9,"19:23:25","13:4:22"
241,2,58,"21:52:10","18:26:7"
241,3,50,"18:16:13","11:32:21"
241,4,31,"8:49:9","18:8:57"
241,5,10,"19:5:9","15:56:2"
242,1,45,"8:48:36","6:57:1"
242,2,58,"12:17:3","14:1:27"
242,3,57,"13:8:28","12:9:20"
242,4,97,"20:26:34","23:20:31"
242,5,73,"12:12:50","11:39:49"
243,1,3,"16:17:18","5:54:2"
243,2,67,"11:58:14","13:3:57"
243,3,7,"9:49:52","7:38:1"
243,4,5,"16:34:30","21:8:51"
243,5,15,"13:41:24","21:14:58"
244,1,53,"22:52:58","9:27:56"
244,2,46,"12:48:54","8:50:10"
244,3,21,"13:57:26","18:44:21"
244,4,87,"7:49:46","13:30:36"
244,5,15,"19:31:19","14:46:30"
245,1,94,"10:3:14","11:18:48"
245,2,52,"14:29:7","12:39:58"
245,3,16,"23:33:2","18:11:9"
245,4,30,"19:43:28","19:14:21"
245,5,53,"11:47:12","16:7:38"
246,1,40,"21:47:29","22:25:46"
246,2,99,"8:42:35","22:4:35"
246,3,54,"21:50:56","19:34:8"
246,4,75,"22:26:35","11:45:53"
246,5,40,"15:56:25","14:29:11"
247,1,9,"17:52:33","22:28:18"
247,2,92,"16:21:9","14:37:45"
247,3,77,"23:36:48","23:49:59"
247,4,20,"5:53:50","13:19:26"
247,5,60,"19:56:17","7:18:22"
248,1,96,"16:58:10","23:2:36"
248,2,67,"15:54:52","19:21:24"
248,3,23,"8:10:43","18:18:38"
248,4,21,"9:43:52","19:40:22"
248,5,3,"21:24:54","21:33:48"
249,1,58,"15:2:44","12:49:12"
249,2,55,"13:7:56","18:25:30"
249,3,60,"16:15:27","15:40:44"
249,4,66,"5:4:28","12:23:14"
249,5,65,"18:4:6","15:50:4"
250,1,79,"12:44:29","21:54:36"
250,2,29,"11:4:17","17:1:52"
250,3,58,"19:3:16","22:51:35"
250,4,47,"18:51:14","10:55:33"
250,5,23,"22:20:54","6:28:50"
251,1,55,"18:58:36","6:32:40"
251,2,69,"12:23:27","16:44:35"
251,3,77,"7:39:27","23:44:20"
251,4,8,"5:55:27","21:6:6"
251,5,89,"11:49:35","14:3:59"
252,1,96,"19:7:29","7:3:13"
252,2,50,"13:25:1","16:33:56"
252,3,67,"12:14:49","11:54:32"
252,4,76,"21:56:22","7:18:19"
252,5,13,"19:54:38","6:7:13"
253,1,2,"5:48:41","9:11:4"
253,2,30,"7:32:11","13:26:43"
253,3,93,"10:13:11","23:19:24"
253,4,50,"16:44:11","6:10:54"
253,5,25,"21:13:25","23:2:1"
254,1,38,"12:4:1","9:8:55"
254,2,24,"19:59:2","12:42:51"
254,3,88,"9:55:8","12:55:26"
254,4,11,"7:24:40","12:35:17"
254,5,48,"23:48:35","20:50:44"
255,1,35,"9:27:31","21:32:47"
255,2,56,"8:0:36","21:2:49"
255,3,66,"19:7:34","21:10:45"
255,4,32,"5:44:34","12:22:11"
255,5,89,"23:19:2","20:38:57"
256,1,36,"9:3:59","11:44:31"
256,2,9,"14:22:23","21:6:8"
256,3,49,"8:55:45","12:33:56"
256,4,42,"6:45:47","15:50:10"
256,5,42,"20:27:2","22:10:12"
257,1,26,"13:13:57","16:25:50"
257,2,2,"11:10:48","23:9:49"
257,3,68,"12:33:14","18:40:30"
257,4,49,"16:13:34","16:30:36"
257,5,28,"8:15:15","14:17:9"
258,1,23,"19:10:10","12:1:52"
258,2,65,"8:2:41","22:54:42"
258,3,7,"12:1:59","6:40:5"
258,4,74,"14:32:29","18:27:2"
258,5,60,"7:15:14","20:45:50"
259,1,70,"16:10:46","18:40:37"
259,2,40,"19:23:52","20:7:38"
259,3,17,"18:18:9","10:22:12"
259,4,56,"18:40:28","14:13:50"
259,5,19,"10:52:6","14:45:47"
260,1,54,"10:0:28","19:0:32"
260,2,79,"11:4:34","13:10:19"
260,3,76,"19:10:14","9:5:40"
260,4,94,"9:34:56","11:39:26"
260,5,23,"18:26:17","6:53:48"
261,1,27,"21:9:13","16:8:26"
261,2,22,"15:40:54","17:38:13"
261,3,39,"20:13:53","11:45:48"
261,4,9,"18:52:19","5:54:37"
261,5,80,"23:17:29","11:49:13"
262,1,50,"13:31:0","18:8:4"
262,2,13,"19:28:53","10:48:9"
262,3,83,"11:13:46","23:20:54"
262,4,76,"13:5:18","7:45:48"
262,5,18,"18:21:48","19:21:58"
263,1,19,"17:53:9","14:53:35"
263,2,65,"14:41:49","5:20:6"
263,3,49,"6:21:43","13:9:16"
263,4,25,"8:8:12","8:13:50"
263,5,20,"9:32:20","6:41:49"
264,1,3,"15:34:48","21:3:22"
264,2,68,"14:17:0","10:17:41"
264,3,5,"23:16:47","7:6:14"
264,4,58,"18:5:19","23:57:31"
264,5,34,"9:33:38","17:48:45"
265,1,92,"18:10:56","13:10:18"
265,2,34,"18:24:14","23:14:57"
265,3,58,"10:43:42","8:16:26"
265,4,61,"18:24:23","22:49:57"
265,5,100,"16:21:1","12:35:43"
266,1,75,"11:8:21","18:50:44"
266,2,86,"11:40:13","22:57:34"
266,3,97,"15:36:6","20:23:23"
266,4,50,"16:15:29","8:34:22"
266,5,33,"21:55:59","11:6:9"
267,1,33,"20:34:58","9:30:20"
267,2,91,"5:58:39","17:35:0"
267,3,31,"11:42:7","5:55:41"
267,4,18,"13:21:18","9:13:23"
267,5,32,"7:34:52","12:51:43"
268,1,4,"6:41:9","17:24:51"
268,2,60,"8:47:16","11:55:10"
268,3,73,"9:42:58","9:28:46"
268,4,84,"23:3:38","20:39:3"
268,5,62,"19:4:50","12:37:24"
269,1,32,"16:59:26","16:26:34"
269,2,41,"19:16:27","9:52:23"
269,3,52,"17:42:5","13:3:21"
269,4,93,"14:8:25","20:43:19"
269,5,60,"22:15:55","16:39:47"
270,1,4,"6:8:40","6:55:27"
270,2,4,"20:34:53","9:11:20"
270,3,69,"22:42:15","5:31:19"
270,4,15,"20:36:34","19:50:22"
270,5,9,"23:40:27","6:41:55"
271,1,33,"7:29:59","8:6:11"
271,2,48,"21:1:42","14:56:59"
271,3,66,"17:30:46","5:58:44"
271,4,7,"21:43:47","11:1:6"
271,5,70,"5:6:57","10:31:54"
272,1,69,"22:35:30","7:30:2"
272,2,70,"18:11:39","21:55:37"
272,3,32,"21:59:30","20:37:49"
272,4,40,"6:4:47","8:14:37"
272,5,4,"8:16:28","22:58:27"
273,1,95,"20:58:29","18:32:20"
273,2,55,"6:48:17","9:27:35"
273,3,72,"7:11:41","9:29:7"
273,4,44,"23:35:27","12:7:42"
273,5,70,"6:10:31","16:11:53"
274,1,84,"10:41:50","12:42:49"
274,2,58,"21:41:17","16:5:2"
274,3,17,"13:21:10","20:11:26"
274,4,61,"22:46:11","13:24:26"
274,5,26,"10:0:14","7:9:52"
275,1,34,"13:6:46","16:19:23"
275,2,67,"17:5:47","8:22:37"
275,3,56,"17:19:35","5:48:22"
275,4,40,"5:58:31","16:53:52"
275,5,44,"19:1:27","9:33:50"
276,1,55,"6:4:23","16:18:22"
276,2,7,"16:49:53","19:18:57"
276,3,95,"19:18:20","20:59:10"
276,4,57,"22:1:12","17:40:12"
276,5,73,"12:14:17","9:31:50"
277,1,20,"6:52:41","17:1:12"
277,2,81,"18:19:42","15:27:47"
277,3,25,"12:28:41","9:18:0"
277,4,51,"11:54:6","7:52:4"
277,5,9,"9:30:6","14:16:1"
278,1,21,"15:21:36","16:55:38"
278,2,76,"21:33:10","22:40:31"
278,3,86,"21:30:20","7:35:19"
278,4,45,"5:51:49","16:45:29"
278,5,23,"14:1:44","12:38:38"
279,1,62,"18:6:15","9:35:29"
279,2,56,"13:25:20","5:25:4"
279,3,28,"18:6:50","21:34:42"
279,4,48,"22:29:37","19:54:32"
279,5,36,"7:28:20","7:33:47"
280,1,10,"13:30:18","14:32:22"
280,2,67,"6:46:37","18:14:47"
280,3,50,"22:23:14","18:57:1"
280,4,85,"14:33:14","12:26:57"
280,5,16,"9:28:13","9:36:4"
281,1,15,"8:1:1","5:40:34"
281,2,87,"7:21:22","13:29:6"
281,3,94,"11:32:50","20:34:23"
281,4,50,"13:57:24","18:38:23"
281,5,96,"14:11:47","10:43:52"
282,1,50,"21:27:50","21:37:26"
282,2,99,"19:24:16","6:31:58"
282,3,69,"10:20:0","23:53:5"
282,4,5,"8:3:1","10:13:9"
282,5,39,"15:29:42","15:21:22"
283,1,18,"13:18:56","18:14:47"
283,2,86,"19:39:34","7:2:18"
283,3,7,"22:21:23","8:7:59"
283,4,63,"13:34:29","19:46:46"
283,5,44,"15:24:59","18:4:1"
284,1,11,"16:5:4","12:53:17"
284,2,40,"17:2:16","21:26:20"
284,3,95,"20:29:4","6:53:40"
284,4,40,"13:4:6","10:15:33"
284,5,76,"17:17:15","15:37:0"
285,1,30,"23:16:2","17:11:46"
285,2,6,"19:23:29","17:7:33"
285,3,51,"17:6:11","17:53:43"
285,4,6,"20:59:59","5:2:58"
285,5,83,"5:45:31","7:51:57"
286,1,71,"6:44:26","10:23:9"
286,2,5,"16:56:9","21:47:26"
286,3,2,"23:21:25","13:46:50"
286,4,6,"20:39:26","13:58:11"
286,5,28,"20:46:21","14:9:0"
287,1,81,"14:6:52","6:13:54"
287,2,59,"20:24:18","22:2:45"
287,3,75,"12:4:24","22:2:23"
287,4,68,"21:22:1","10:56:59"
287,5,36,"11:3:40","5:48:43"
288,1,29,"14:50:50","8:35:57"
288,2,65,"15:43:2","9:10:22"
288,3,38,"17:55:22","18:46:2"
288,4,47,"17:11:8","17:24:43"
288,5,79,"11:17:28","13:39:58"
289,1,25,"8:35:48","17:47:23"
289,2,30,"6:21:36","16:58:11"
289,3,68,"9:11:43","10:9:13"
289,4,13,"22:26:32","22:46:54"
289,5,33,"21:36:36","22:9:55"
290,1,27,"9:22:57","6:53:36"
290,2,70,"9:38:56","20:26:0"
290,3,95,"12:41:51","10:19:37"
290,4,37,"7:46:54","12:21:9"
290,5,71,"21:9:9","6:24:40"
291,1,88,"19:17:59","10:15:52"
291,2,76,"16:6:50","9:43:37"
291,3,55,"13:22:21","23:5:40"
291,4,29,"9:57:38","22:31:55"
291,5,16,"17:13:11","17:54:2"
292,1,50,"16:3:20","20:18:44"
292,2,24,"9:29:44","14:41:30"
292,3,57,"15:48:10","18:17:13"
292,4,15,"7:1:35","20:9:58"
292,5,88,"22:58:0","16:1:2"
293,1,32,"11:4:21","16:39:10"
293,2,65,"7:12:44","11:14:44"
293,3,41,"9:6:11","9:44:28"
293,4,74,"17:13:27","8:12:19"
293,5,47,"21:50:21","16:13:43"
294,1,83,"20:17:40","8:40:35"
294,2,7,"6:56:50","14:16:2"
294,3,58,"6:0:57","19:46:18"
294,4,38,"15:35:49","9:56:44"
294,5,40,"14:40:22","14:19:45"
295,1,31,"9:38:12","17:30:10"
295,2,72,"7:40:33","14:5:12"
295,3,99,"21:14:48","11:22:34"
295,4,78,"7:2:47","23:42:31"
295,5,12,"22:51:2","16:53:0"
296,1,3,"17:28:27","13:33:55"
296,2,77,"10:56:34","18:54:53"
296,3,14,"15:16:49","19:19:48"
296,4,47,"17:59:28","15:7:30"
296,5,78,"23:35:58","8:21:16"
297,1,96,"15:11:38","11:49:38"
297,2,92,"20:14:36","18:15:52"
297,3,86,"8:22:29","6:0:6"
297,4,28,"23:55:10","19:31:58"
297,5,57,"22:19:1","23:1:21"
298,1,48,"22:3:35","15:39:13"
298,2,25,"18:45:15","14:43:14"
298,3,95,"12:23:27","19:37:53"
298,4,89,"14:51:45","16:3:42"
298,5,8,"18:40:44","17:21:59"
299,1,94,"15:36:52","10:41:30"
299,2,85,"10:30:20","17:25:46"
299,3,68,"23:10:28","17:3:10"
299,4,10,"20:32:4","12:2:31"
299,5,64,"13:2:11","23:1:23"
300,1,56,"17:27:27","14:59:7"
300,2,87,"6:17:32","7:55:7"
300,3,20,"16:7:23","22:46:43"
300,4,98,"21:32:36","9:57:12"
300,5,59,"7:19:56","17:55:13"
301,1,17,"5:31:5","8:48:24"
301,2,44,"22:5:36","16:6:37"
301,3,53,"17:24:15","10:42:21"
301,4,75,"12:54:54","22:10:49"
301,5,22,"5:35:53","14:56:4"
302,1,95,"14:37:16","10:27:45"
302,2,55,"6:5:16","15:51:47"
302,3,93,"16:12:16","9:46:7"
302,4,100,"14:29:23","16:17:22"
302,5,70,"9:6:33","9:6:8"
303,1,13,"8:42:30","11:57:37"
303,2,91,"19:4:22","13:47:57"
303,3,74,"21:16:51","10:26:49"
303,4,19,"12:24:15","17:40:15"
303,5,20,"21:18:20","17:3:59"
304,1,90,"15:54:46","8:16:2"
304,2,83,"6:52:30","19:24:25"
304,3,62,"9:57:49","19:9:27"
304,4,91,"9:12:32","12:30:9"
304,5,13,"15:13:48","5:1:47"
305,1,98,"12:5:22","7:9:10"
305,2,18,"9:21:12","15:52:10"
305,3,30,"20:15:24","18:15:30"
305,4,38,"22:26:22","8:42:58"
305,5,72,"17:51:20","15:43:11"
306,1,26,"7:21:51","19:32:7"
306,2,82,"11:48:28","12:36:28"
306,3,87,"13:15:22","23:42:30"
306,4,2,"8:19:43","8:48:12"
306,5,82,"5:8:40","8:7:13"
307,1,58,"21:43:42","11:27:24"
307,2,5,"17:10:53","16:1:57"
307,3,67,"5:44:25","14:52:17"
307,4,35,"8:31:27","11:26:1"
307,5,64,"12:29:3","7:17:17"
308,1,3,"23:23:40","11:15:48"
308,2,55,"16:25:25","9:3:41"
308,3,20,"23:52:39","20:13:3"
308,4,27,"5:0:37","21:19:32"
308,5,86,"20:49:43","17:36:56"
309,1,13,"23:21:19","16:44:33"
309,2,52,"19:15:14","8:11:28"
309,3,71,"20:21:59","8:40:3"
309,4,28,"8:4:45","19:56:28"
309,5,33,"9:57:49","9:54:10"
310,1,68,"19:1:54","22:32:24"
310,2,69,"12:12:11","19:3:31"
310,3,76,"14:35:43","10:11:10"
310,4,10,"7:5:11","16:34:8"
310,5,48,"20:5:12","10:32:58"
311,1,30,"20:48:34","19:26:58"
311,2,24,"15:36:21","23:14:31"
311,3,30,"9:49:47","15:58:12"
311,4,33,"13:59:7","6:33:31"
311,5,14,"5:2:27","23:35:15"
312,1,5,"7:53:2","23:49:3"
312,2,91,"12:5:39","17:21:33"
312,3,8,"6:41:42","21:44:16"
312,4,54,"14:12:45","17:29:46"
312,5,99,"16:5:43","8:39:46"
313,1,62,"5:48:18","5:2:21"
313,2,63,"18:39:30","8:46:40"
313,3,76,"21:24:18","12:19:57"
313,4,60,"16:18:15","20:59:51"
313,5,20,"9:20:35","7:47:51"
314,1,6,"22:38:25","20:53:7"
314,2,34,"10:14:30","9:6:31"
314,3,46,"9:51:47","22:13:41"
314,4,28,"6:23:45","18:49:18"
314,5,47,"19:29:33","17:54:46"
315,1,14,"16:25:38","10:6:45"
315,2,11,"20:52:38","14:40:3"
315,3,53,"18:16:59","5:36:26"
315,4,48,"8:30:34","7:51:45"
315,5,79,"19:22:27","13:17:1"
316,1,64,"14:32:52","18:54:21"
316,2,80,"11:10:49","9:54:21"
316,3,28,"12:35:8","7:52:36"
316,4,27,"12:12:55","9:26:40"
316,5,77,"6:53:22","5:35:11"
317,1,88,"12:8:34","20:3:1"
317,2,32,"6:29:53","6:37:7"
317,3,75,"13:18:48","17:16:28"
317,4,55,"23:17:46","10:16:12"
317,5,32,"16:21:26","5:44:4"
318,1,12,"6:26:10","16:56:14"
318,2,25,"15:35:25","7:11:40"
318,3,8,"9:39:47","12:29:2"
318,4,24,"14:45:24","15:54:48"
318,5,15,"9:59:57","21:2:37"
319,1,40,"21:10:50","10:12:51"
319,2,2,"17:33:6","22:39:4"
319,3,15,"11:10:45","11:1:55"
319,4,11,"19:26:16","23:24:38"
319,5,37,"11:36:25","13:28:2"
320,1,73,"21:8:35","6:32:42"
320,2,29,"8:26:27","14:33:26"
320,3,72,"19:50:55","12:4:6"
320,4,30,"11:38:44","18:50:54"
320,5,63,"21:8:40","12:8:3"
321,1,99,"21:37:37","18:21:28"
321,2,3,"18:35:25","23:8:24"
321,3,83,"18:2:52","7:47:38"
321,4,27,"14:56:49","6:44:39"
321,5,3,"17:57:21","14:15:2"
322,1,21,"7:35:38","23:57:25"
322,2,21,"9:7:45","16:50:41"
322,3,89,"9:5:45","7:6:11"
322,4,66,"6:30:36","11:13:55"
322,5,87,"11:56:4","11:26:2"
323,1,43,"14:15:21","9:29:19"
323,2,63,"20:21:38","7:48:32"
323,3,75,"23:53:56","11:52:45"
323,4,27,"9:10:27","19:29:3"
323,5,4,"13:47:25","22:21:14"
324,1,10,"6:52:3","6:47:49"
324,2,21,"14:23:23","22:51:12"
324,3,24,"13:48:12","7:23:58"
324,4,25,"8:20:5","23:14:12"
324,5,10,"22:50:11","14:28:58"
325,1,5,"16:10:59","19:55:58"
325,2,61,"13:47:34","6:12:20"
325,3,1,"18:6:13","22:43:0"
325,4,93,"8:19:18","16:0:47"
325,5,35,"16:27:30","23:54:32"
326,1,26,"5:1:11","6:56:3"
326,2,51,"8:27:6","18:55:8"
326,3,14,"9:8:53","9:42:14"
326,4,61,"15:58:10","12:13:8"
326,5,55,"14:17:9","9:29:2"
327,1,61,"14:18:24","22:23:26"
327,2,34,"21:42:43","14:44:6"
327,3,61,"10:32:36","9:18:28"
327,4,11,"14:40:59","6:2:53"
327,5,55,"12:40:38","12:22:26"
328,1,26,"21:12:4","7:37:46"
328,2,73,"12:8:0","17:32:46"
328,3,80,"15:15:37","15:3:12"
328,4,54,"21:18:22","21:46:55"
328,5,36,"22:36:21","10:17:21"
329,1,80,"18:11:13","6:3:58"
329,2,14,"19:3:55","17:7:59"
329,3,41,"15:48:41","21:24:51"
329,4,51,"19:8:49","23:34:56"
329,5,19,"23:7:34","21:38:59"
330,1,81,"18:12:54","19:20:31"
330,2,5,"21:28:17","23:15:1"
330,3,70,"16:18:23","22:57:18"
330,4,90,"22:59:23","12:57:12"
330,5,3,"17:31:36","15:50:7"
331,1,62,"16:37:44","14:4:24"
331,2,7,"8:14:5","22:55:41"
331,3,4,"14:50:28","8:27:38"
331,4,31,"9:57:32","14:24:6"
331,5,19,"7:32:47","8:34:14"
332,1,53,"5:54:20","5:18:48"
332,2,15,"18:38:11","13:31:30"
332,3,69,"12:8:13","22:17:12"
332,4,1,"20:13:6","6:32:55"
332,5,12,"16:48:35","18:13:57"
333,1,20,"16:36:28","18:39:4"
333,2,57,"8:8:24","20:58:26"
333,3,26,"23:20:27","23:0:29"
333,4,1,"16:28:50","14:43:23"
333,5,79,"7:24:18","16:48:52"
334,1,42,"15:27:42","10:57:53"
334,2,36,"11:58:45","20:12:12"
334,3,26,"11:24:27","14:1:18"
334,4,65,"7:8:18","15:8:50"
334,5,46,"23:20:15","11:11:25"
335,1,72,"18:34:22","21:9:30"
335,2,21,"6:49:26","5:59:10"
335,3,36,"11:12:43","9:25:22"
335,4,81,"10:27:52","10:35:48"
335,5,98,"6:33:58","22:7:11"
336,1,12,"12:32:55","9:41:39"
336,2,57,"6:42:59","7:34:37"
336,3,15,"16:15:4","20:50:57"
336,4,24,"13:7:25","18:47:51"
336,5,17,"23:34:52","23:6:33"
337,1,22,"13:52:29","22:10:5"
337,2,95,"19:24:59","7:59:23"
337,3,7,"17:38:39","6:56:48"
337,4,2,"12:56:20","19:33:48"
337,5,92,"12:8:4","23:54:11"
338,1,11,"10:31:21","12:42:58"
338,2,75,"13:23:52","11:14:57"
338,3,39,"13:27:48","20:23:7"
338,4,58,"13:13:49","9:22:25"
338,5,13,"7:37:44","21:43:25"
339,1,36,"18:48:26","19:8:47"
339,2,34,"14:21:38","19:7:37"
339,3,67,"12:17:0","10:48:53"
339,4,42,"18:29:39","15:59:44"
339,5,93,"17:45:49","15:26:47"
340,1,82,"15:2:49","22:28:47"
340,2,53,"5:29:24","7:53:4"
340,3,4,"16:28:57","10:49:55"
340,4,8,"23:36:2","22:24:39"
340,5,32,"20:47:36","16:9:52"
341,1,81,"22:24:20","10:9:8"
341,2,99,"19:8:36","19:32:28"
341,3,22,"13:57:20","21:41:10"
341,4,75,"13:9:26","11:10:58"
341,5,13,"8:15:47","23:59:37"
342,1,10,"15:22:36","15:12:35"
342,2,95,"5:41:51","22:33:46"
342,3,48,"7:9:26","14:38:45"
342,4,100,"10:54:10","6:23:27"
342,5,32,"7:19:18","5:28:10"
343,1,100,"20:47:4","14:28:0"
343,2,15,"23:44:0","8:25:59"
343,3,46,"20:9:31","19:23:47"
343,4,25,"7:37:56","14:31:37"
343,5,73,"9:50:37","23:1:38"
344,1,11,"20:30:39","18:19:18"
344,2,72,"15:8:35","8:51:5"
344,3,88,"9:17:40","5:17:53"
344,4,96,"19:30:35","9:29:38"
344,5,26,"17:16:44","23:42:25"
345,1,73,"10:9:46","8:3:56"
345,2,24,"17:52:30","21:6:57"
345,3,20,"6:21:0","16:53:51"
345,4,2,"14:12:0","8:45:30"
345,5,29,"15:26:7","19:46:36"
346,1,91,"18:49:57","7:40:5"
346,2,78,"23:46:44","19:10:14"
346,3,91,"22:46:56","14:8:53"
346,4,76,"6:48:22","17:46:14"
346,5,77,"11:31:26","5:9:57"
347,1,43,"18:46:46","18:47:46"
347,2,22,"9:15:16","10:24:39"
347,3,4,"15:50:20","17:15:57"
347,4,70,"11:47:22","9:58:26"
347,5,59,"8:47:38","7:55:46"
348,1,30,"9:48:33","6:27:53"
348,2,67,"18:45:20","6:10:27"
348,3,90,"20:27:8","13:36:4"
348,4,45,"18:34:25","18:42:46"
348,5,77,"11:16:11","16:58:41"
349,1,17,"23:36:27","23:24:46"
349,2,68,"12:43:49","19:25:12"
349,3,78,"10:59:29","18:18:36"
349,4,11,"13:28:10","20:8:2"
349,5,74,"12:38:19","5:45:3"
350,1,53,"19:51:48","13:22:48"
350,2,5,"22:54:29","22:49:1"
350,3,3,"13:6:43","11:5:39"
350,4,33,"18:29:52","19:0:41"
350,5,24,"17:18:56","12:15:49"
351,1,100,"12:48:6","15:33:9"
351,2,57,"6:57:23","23:20:41"
351,3,35,"12:27:34","6:28:35"
351,4,8,"7:23:19","16:6:5"
351,5,34,"19:29:30","13:51:58"
352,1,100,"21:12:1","15:16:50"
352,2,42,"22:38:47","18:19:51"
352,3,4,"21:32:30","16:32:30"
352,4,17,"11:12:59","21:40:35"
352,5,76,"10:29:55","19:18:33"
353,1,3,"7:42:38","14:21:30"
353,2,72,"11:14:17","9:22:41"
353,3,37,"17:51:29","10:41:8"
353,4,19,"17:21:29","18:53:1"
353,5,58,"22:35:6","21:40:53"
354,1,65,"21:41:41","15:36:47"
354,2,14,"23:14:32","20:7:30"
354,3,38,"10:15:39","20:21:16"
354,4,13,"6:15:4","19:5:35"
354,5,11,"21:26:24","9:58:2"
355,1,98,"12:8:2","6:0:46"
355,2,93,"17:23:53","16:32:53"
355,3,29,"16:12:11","21:50:28"
355,4,67,"18:18:36","16:28:55"
355,5,20,"11:2:25","7:57:4"
356,1,73,"20:17:4","11:44:58"
356,2,18,"22:3:44","17:23:10"
356,3,22,"14:25:29","6:8:37"
356,4,5,"17:49:54","14:49:52"
356,5,21,"15:19:16","20:43:15"
357,1,71,"9:31:56","16:41:37"
357,2,61,"19:47:0","10:22:42"
357,3,77,"7:0:40","22:43:30"
357,4,91,"17:56:55","13:1:8"
357,5,40,"6:13:15","21:56:6"
358,1,60,"12:51:1","12:42:52"
358,2,47,"8:36:55","22:25:26"
358,3,6,"17:1:55","21:30:4"
358,4,7,"21:20:27","5:38:30"
358,5,15,"17:32:5","5:9:34"
359,1,73,"5:39:56","17:44:40"
359,2,79,"20:16:43","15:50:21"
359,3,39,"12:42:10","8:15:55"
359,4,74,"18:31:59","12:34:41"
359,5,69,"10:58:46","7:41:34"
360,1,60,"16:17:40","12:47:35"
360,2,24,"22:11:6","7:4:26"
360,3,66,"17:32:21","12:12:2"
360,4,74,"17:39:23","5:25:0"
360,5,43,"23:14:26","23:18:20"
361,1,46,"15:42:39","16:36:54"
361,2,77,"17:17:58","18:55:5"
361,3,24,"12:26:54","6:43:56"
361,4,36,"8:8:6","21:10:32"
361,5,53,"18:43:56","9:33:15"
362,1,70,"20:41:15","15:6:20"
362,2,6,"6:57:30","16:36:22"
362,3,7,"17:28:46","20:41:1"
362,4,8,"12:19:26","14:15:50"
362,5,37,"17:8:2","19:7:47"
363,1,8,"17:47:20","21:34:1"
363,2,48,"19:28:18","5:46:40"
363,3,22,"17:46:40","15:34:10"
363,4,83,"13:47:29","10:1:41"
363,5,6,"15:6:29","20:56:34"
364,1,65,"21:38:49","15:55:46"
364,2,64,"19:32:45","16:12:27"
364,3,92,"9:26:6","13:1:49"
364,4,65,"9:54:58","21:39:28"
364,5,98,"22:25:11","8:27:7"
365,1,86,"12:0:7","17:2:10"
365,2,91,"22:12:20","10:37:41"
365,3,63,"14:36:15","11:57:43"
365,4,75,"20:5:9","20:47:43"
365,5,50,"10:22:21","22:28:54"
366,1,89,"19:1:32","20:7:47"
366,2,40,"18:35:53","12:44:58"
366,3,88,"21:2:12","15:0:39"
366,4,54,"15:31:30","23:10:46"
366,5,11,"17:52:25","12:7:52"
367,1,28,"15:10:31","11:46:8"
367,2,100,"11:46:29","7:46:42"
367,3,55,"17:18:0","8:11:19"
367,4,92,"17:29:32","23:14:32"
367,5,37,"11:13:22","12:2:12"
368,1,3,"13:2:43","13:36:21"
368,2,17,"6:22:14","5:32:21"
368,3,66,"16:40:24","9:58:38"
368,4,75,"19:24:6","10:22:19"
368,5,19,"23:37:26","10:22:56"
369,1,72,"18:38:51","12:20:48"
369,2,44,"10:18:34","10:30:54"
369,3,3,"9:25:52","23:40:5"
369,4,69,"5:33:28","21:1:13"
369,5,4,"7:1:54","18:57:45"
370,1,79,"22:37:58","22:11:31"
370,2,29,"15:24:28","17:52:25"
370,3,38,"13:3:12","12:29:6"
370,4,36,"5:39:58","21:39:23"
370,5,12,"17:53:34","15:46:42"
371,1,62,"16:42:2","6:23:21"
371,2,75,"19:52:45","6:23:10"
371,3,65,"15:1:46","5:53:43"
371,4,42,"5:8:57","11:22:47"
371,5,78,"20:33:50","9:11:12"
372,1,88,"14:15:30","21:55:3"
372,2,81,"21:39:32","16:58:44"
372,3,65,"8:31:9","18:37:2"
372,4,83,"13:58:27","7:52:34"
372,5,19,"18:30:11","23:5:32"
373,1,78,"7:46:20","16:42:59"
373,2,26,"7:36:31","9:27:53"
373,3,30,"11:53:10","20:16:18"
373,4,30,"17:23:44","16:25:12"
373,5,76,"23:10:36","11:17:28"
374,1,24,"5:16:14","23:53:17"
374,2,28,"21:22:13","23:26:26"
374,3,54,"10:47:12","15:16:54"
374,4,19,"17:53:2","22:39:14"
374,5,3,"12:57:5","10:24:16"
375,1,7,"6:32:41","7:16:52"
375,2,65,"8:15:36","19:43:27"
375,3,71,"7:17:48","12:12:58"
375,4,83,"23:34:39","22:50:30"
375,5,78,"8:47:21","8:47:55"
376,1,77,"9:25:54","16:24:10"
376,2,17,"10:11:43","10:22:19"
376,3,46,"11:25:29","9:46:39"
376,4,84,"11:37:25","6:34:22"
376,5,29,"11:55:10","16:11:10"
377,1,39,"21:12:11","14:27:15"
377,2,4,"8:31:50","7:0:25"
377,3,93,"5:14:24","10:15:55"
377,4,59,"19:11:22","13:20:4"
377,5,48,"22:5:45","7:25:7"
378,1,87,"17:35:11","8:47:19"
378,2,57,"12:29:33","17:32:2"
378,3,31,"22:14:40","7:8:47"
378,4,79,"23:50:24","18:44:24"
378,5,84,"11:10:58","16:58:23"
379,1,44,"18:47:24","15:6:43"
379,2,98,"10:34:36","6:11:16"
379,3,72,"22:34:41","21:30:51"
379,4,68,"15:19:19","11:28:13"
379,5,92,"6:39:2","5:24:49"
380,1,84,"20:38:6","13:26:16"
380,2,31,"10:37:32","17:44:16"
380,3,18,"12:40:21","22:31:35"
380,4,66,"8:6:34","17:25:48"
380,5,46,"19:25:35","9:37:22"
381,1,74,"17:20:44","14:0:27"
381,2,46,"10:10:10","5:26:53"
381,3,100,"15:41:7","8:27:6"
381,4,3,"13:32:22","20:40:45"
381,5,13,"11:21:54","21:59:10"
382,1,63,"14:40:51","10:6:43"
382,2,47,"5:1:9","13:50:58"
382,3,58,"10:13:0","18:58:27"
382,4,71,"15:51:27","11:46:33"
382,5,56,"18:20:23","23:21:56"
383,1,59,"8:10:6","22:8:6"
383,2,47,"11:54:58","15:35:1"
383,3,2,"19:20:47","22:17:34"
383,4,26,"8:32:33","6:50:16"
383,5,63,"12:52:20","18:55:56"
384,1,99,"15:58:15","18:34:14"
384,2,96,"23:10:42","9:57:35"
384,3,86,"8:13:25","14:41:37"
384,4,96,"17:21:51","13:53:45"
384,5,53,"16:26:4","5:15:59"
385,1,30,"16:7:36","6:14:37"
385,2,16,"9:19:57","15:46:22"
385,3,69,"16:59:32","15:16:44"
385,4,68,"11:39:15","19:55:4"
385,5,74,"18:42:41","12:33:54"
386,1,96,"16:50:50","14:25:4"
386,2,3,"7:46:8","6:55:15"
386,3,100,"21:57:37","18:33:50"
386,4,87,"23:3:3","13:58:14"
386,5,54,"18:25:59","13:19:2"
387,1,57,"7:0:0","16:7:52"
387,2,57,"12:32:19","12:20:10"
387,3,32,"7:18:56","21:36:55"
387,4,3,"8:21:7","20:30:4"
387,5,54,"7:30:14","23:33:26"
388,1,11,"18:26:8","8:34:17"
388,2,34,"5:11:35","6:35:36"
388,3,65,"20:40:36","16:13:42"
388,4,7,"17:17:37","7:36:12"
388,5,30,"8:56:23","9:2:7"
389,1,5,"9:15:44","19:33:39"
389,2,37,"15:4:13","14:54:22"
389,3,83,"17:8:21","22:40:5"
389,4,89,"22:40:43","20:33:29"
389,5,11,"9:19:43","12:48:11"
390,1,67,"22:57:34","23:10:42"
390,2,36,"14:21:35","19:50:57"
390,3,30,"13:32:35","13:53:4"
390,4,69,"10:18:49","17:51:47"
390,5,13,"7:11:12","23:38:39"
391,1,6,"13:48:8","22:44:41"
391,2,84,"5:7:39","7:12:0"
391,3,14,"8:46:29","23:17:35"
391,4,76,"11:51:32","5:43:27"
391,5,73,"7:57:43","11:20:2"
392,1,77,"10:33:29","17:22:6"
392,2,39,"16:50:23","16:50:20"
392,3,66,"17:43:45","12:26:32"
392,4,55,"5:47:41","11:49:50"
392,5,92,"8:30:43","14:7:47"
393,1,59,"10:46:9","11:14:36"
393,2,20,"10:3:3","16:0:58"
393,3,95,"20:40:43","7:10:11"
393,4,35,"18:24:23","21:37:9"
393,5,84,"6:33:13","23:46:41"
394,1,35,"20:22:27","5:44:55"
394,2,83,"13:26:0","9:15:45"
394,3,31,"12:20:38","8:43:32"
394,4,84,"11:47:21","17:50:21"
394,5,37,"7:2:27","23:19:36"
395,1,1,"11:30:13","13:57:45"
395,2,96,"14:28:26","20:22:59"
395,3,28,"5:59:49","18:28:43"
395,4,14,"22:4:6","17:32:9"
395,5,76,"12:9:15","11:15:1"
396,1,80,"14:15:51","7:26:8"
396,2,19,"7:38:35","15:19:55"
396,3,68,"21:28:23","10:54:9"
396,4,28,"16:8:28","7:15:29"
396,5,19,"15:14:34","5:54:0"
397,1,15,"14:53:18","12:44:48"
397,2,41,"10:21:18","9:5:24"
397,3,45,"12:13:53","17:45:50"
397,4,99,"17:26:38","23:23:4"
397,5,11,"7:57:59","10:46:47"
398,1,48,"23:29:36","6:38:36"
398,2,40,"19:45:57","7:1:53"
398,3,8,"15:39:56","12:58:55"
398,4,91,"11:24:24","11:56:49"
398,5,56,"7:38:32","8:22:31"
399,1,58,"22:26:47","12:8:3"
399,2,71,"20:59:14","15:54:48"
399,3,55,"21:51:52","10:51:22"
399,4,27,"11:0:42","13:20:0"
399,5,39,"14:33:45","5:16:31"
400,1,75,"14:7:52","16:15:54"
400,2,12,"9:51:40","16:20:54"
400,3,68,"5:27:9","5:33:21"
400,4,65,"8:24:27","7:12:33"
400,5,82,"15:33:5","23:41:58"
401,1,100,"12:38:23","18:52:59"
401,2,12,"13:46:25","13:25:9"
401,3,21,"5:30:26","19:20:3"
401,4,96,"8:31:12","13:20:41"
401,5,18,"12:16:0","12:6:31"
402,1,41,"16:28:54","12:32:8"
402,2,14,"14:34:31","7:26:55"
402,3,6,"13:17:51","7:33:40"
402,4,40,"16:39:55","10:24:16"
402,5,28,"8:30:1","23:14:3"
403,1,40,"15:52:4","20:54:31"
403,2,99,"7:54:51","21:19:57"
403,3,30,"23:52:4","8:52:6"
403,4,6,"16:51:59","8:4:24"
403,5,50,"22:4:36","18:11:56"
404,1,54,"18:39:10","8:20:32"
404,2,30,"20:51:31","11:5:11"
404,3,89,"11:57:14","19:9:8"
404,4,55,"16:21:42","18:37:0"
404,5,21,"13:14:20","18:41:31"
405,1,39,"19:1:34","17:19:3"
405,2,42,"12:56:35","18:16:8"
405,3,61,"22:4:39","22:59:14"
405,4,81,"23:23:13","23:8:55"
405,5,90,"9:20:34","18:28:27"
406,1,99,"22:35:42","15:24:6"
406,2,34,"11:9:42","21:29:58"
406,3,49,"13:19:4","23:18:57"
406,4,100,"8:32:13","18:3:51"
406,5,56,"22:5:27","13:1:50"
407,1,49,"17:29:41","16:54:5"
407,2,46,"22:29:41","13:12:29"
407,3,27,"10:38:57","13:12:56"
407,4,11,"19:49:49","16:48:53"
407,5,78,"23:9:23","11:27:27"
408,1,4,"12:53:11","23:16:2"
408,2,30,"16:36:55","15:41:31"
408,3,24,"19:12:11","9:46:4"
408,4,51,"13:59:54","15:50:3"
408,5,21,"6:8:51","7:27:29"
409,1,82,"10:14:37","11:25:15"
409,2,54,"12:27:13","13:50:20"
409,3,87,"12:33:17","10:22:25"
409,4,64,"7:1:50","11:48:37"
409,5,62,"6:44:56","10:51:50"
410,1,48,"23:53:0","18:58:44"
410,2,1,"5:42:13","10:55:38"
410,3,44,"15:54:4","22:4:39"
410,4,56,"7:0:0","12:12:9"
410,5,37,"20:35:50","22:51:6"
411,1,46,"22:20:27","5:54:57"
411,2,25,"14:35:34","10:53:59"
411,3,18,"17:34:15","14:30:44"
411,4,88,"20:33:5","8:19:8"
411,5,64,"9:6:20","23:57:11"
412,1,67,"11:19:39","17:10:9"
412,2,10,"5:59:9","8:3:53"
412,3,43,"22:50:30","18:53:8"
412,4,97,"22:52:8","6:6:12"
412,5,34,"14:39:34","20:53:51"
413,1,64,"21:2:25","11:25:0"
413,2,52,"23:42:38","22:50:46"
413,3,62,"8:43:1","16:48:13"
413,4,51,"9:16:21","22:59:54"
413,5,20,"18:59:29","11:6:21"
414,1,16,"10:15:4","16:34:13"
414,2,46,"13:16:7","14:30:35"
414,3,1,"13:10:59","5:16:57"
414,4,90,"6:32:32","5:20:3"
414,5,71,"11:3:23","22:13:7"
415,1,41,"14:54:20","7:9:49"
415,2,10,"23:12:53","17:40:21"
415,3,4,"6:58:57","20:25:13"
415,4,72,"5:15:2","17:54:49"
415,5,3,"23:53:32","12:34:39"
416,1,89,"22:12:1","10:11:20"
416,2,1,"10:3:58","8:15:18"
416,3,39,"6:18:26","18:16:54"
416,4,84,"23:1:56","9:9:44"
416,5,48,"22:42:29","18:15:43"
417,1,86,"8:52:35","13:31:14"
417,2,19,"17:38:13","11:57:4"
417,3,97,"11:5:32","6:53:4"
417,4,10,"15:36:57","22:32:28"
417,5,27,"13:40:31","19:0:58"
418,1,57,"19:14:9","7:30:10"
418,2,73,"20:17:9","6:34:31"
418,3,58,"8:57:46","17:12:5"
418,4,71,"14:41:37","23:26:18"
418,5,57,"15:9:54","7:11:33"
419,1,89,"9:1:55","22:12:28"
419,2,48,"6:12:8","23:35:31"
419,3,58,"8:28:47","13:36:44"
419,4,49,"21:50:19","6:31:8"
419,5,100,"9:4:46","22:45:37"
420,1,10,"9:33:53","17:27:15"
420,2,36,"6:12:47","16:11:36"
420,3,74,"15:8:46","20:55:3"
420,4,16,"12:17:15","22:3:12"
420,5,13,"20:39:20","22:45:53"
421,1,65,"21:57:56","9:32:3"
421,2,53,"10:45:41","12:45:42"
421,3,60,"22:58:15","10:11:44"
421,4,94,"19:0:42","21:56:36"
421,5,96,"16:46:50","19:23:45"
422,1,16,"12:32:18","10:12:30"
422,2,20,"10:37:24","22:58:38"
422,3,59,"17:14:19","10:3:20"
422,4,69,"17:33:47","16:54:37"
422,5,46,"13:10:6","16:6:10"
423,1,25,"16:37:37","13:57:14"
423,2,85,"9:6:50","17:14:50"
423,3,67,"11:49:15","12:14:0"
423,4,43,"10:13:41","21:57:30"
423,5,88,"11:27:29","19:45:45"
424,1,18,"9:37:35","12:16:31"
424,2,30,"15:34:45","19:21:0"
424,3,57,"19:18:39","10:45:40"
424,4,44,"18:22:16","19:35:20"
424,5,63,"23:20:36","16:47:13"
425,1,79,"5:46:24","5:52:19"
425,2,7,"21:15:8","9:22:39"
425,3,24,"10:49:15","19:33:13"
425,4,55,"8:35:12","12:56:24"
425,5,50,"18:52:5","21:28:54"
426,1,29,"15:9:26","15:0:21"
426,2,65,"23:54:0","12:27:38"
426,3,99,"14:29:23","19:57:0"
426,4,96,"19:54:38","13:11:31"
426,5,12,"18:33:20","7:38:51"
427,1,51,"6:20:36","12:19:47"
427,2,7,"16:9:30","20:28:32"
427,3,88,"21:17:40","13:43:42"
427,4,97,"14:4:59","15:26:48"
427,5,34,"11:45:29","9:55:12"
428,1,50,"16:53:10","10:31:39"
428,2,11,"11:8:37","23:16:22"
428,3,49,"21:20:57","10:23:36"
428,4,5,"19:22:24","10:48:59"
428,5,82,"5:28:26","9:26:44"
429,1,61,"6:50:43","13:14:1"
429,2,24,"16:23:55","22:14:20"
429,3,44,"7:40:33","16:17:49"
429,4,54,"17:4:48","8:42:30"
429,5,2,"22:3:10","18:33:13"
430,1,79,"17:46:28","10:28:51"
430,2,58,"17:41:5","21:2:5"
430,3,90,"18:52:10","21:36:51"
430,4,62,"11:19:51","10:7:59"
430,5,95,"15:8:10","12:36:51"
431,1,31,"12:3:2","11:18:56"
431,2,67,"17:14:21","21:5:9"
431,3,11,"7:14:59","16:55:26"
431,4,15,"6:22:43","21:35:12"
431,5,84,"15:24:6","20:49:52"
432,1,86,"7:23:41","14:59:0"
432,2,2,"15:45:31","13:33:52"
432,3,89,"14:32:36","11:52:25"
432,4,78,"9:10:2","11:3:26"
432,5,15,"8:52:42","19:20:50"
433,1,9,"6:8:40","8:1:56"
433,2,41,"14:31:13","9:17:15"
433,3,70,"21:42:39","14:10:3"
433,4,6,"19:4:9","18:19:55"
433,5,36,"23:34:22","10:31:20"
434,1,17,"13:12:32","17:19:7"
434,2,80,"8:18:22","18:31:13"
434,3,29,"21:21:13","19:33:40"
434,4,13,"20:31:52","8:8:18"
434,5,45,"9:44:20","13:41:16"
435,1,47,"10:24:49","14:50:13"
435,2,34,"13:32:47","17:53:48"
435,3,59,"15:7:52","18:39:29"
435,4,90,"15:53:16","14:21:13"
435,5,51,"19:39:19","22:16:4"
436,1,14,"9:48:18","9:38:33"
436,2,74,"19:13:9","15:32:3"
436,3,35,"19:19:21","18:12:1"
436,4,50,"15:8:11","13:44:14"
436,5,18,"9:49:2","23:18:8"
437,1,99,"18:0:38","7:42:32"
437,2,47,"8:16:2","10:43:24"
437,3,1,"12:20:15","23:33:0"
437,4,46,"13:26:32","5:29:22"
437,5,3,"14:27:44","20:5:35"
438,1,72,"14:24:55","23:4:20"
438,2,10,"11:8:10","7:30:15"
438,3,40,"19:3:18","13:26:8"
438,4,51,"7:43:28","12:43:21"
438,5,28,"9:39:7","13:11:48"
439,1,66,"15:33:46","18:31:10"
439,2,21,"22:27:51","13:14:0"
439,3,26,"15:56:19","12:1:3"
439,4,63,"17:28:12","23:52:50"
439,5,67,"8:47:26","17:23:18"
440,1,76,"21:52:46","23:55:42"
440,2,79,"18:10:42","23:11:56"
440,3,98,"7:41:11","16:13:12"
440,4,83,"12:47:7","10:32:32"
440,5,25,"7:48:36","14:53:2"
441,1,32,"23:8:54","16:16:7"
441,2,56,"5:44:55","7:9:11"
441,3,71,"17:57:44","5:10:3"
441,4,1,"15:6:29","17:50:8"
441,5,70,"10:23:10","19:0:45"
442,1,30,"16:32:53","12:4:43"
442,2,95,"12:47:17","12:10:42"
442,3,60,"15:42:4","8:56:1"
442,4,46,"13:17:40","13:43:27"
442,5,60,"10:13:22","6:11:34"
443,1,93,"17:27:58","19:57:18"
443,2,87,"6:20:26","20:41:6"
443,3,46,"18:38:50","5:7:32"
443,4,49,"10:9:20","5:21:33"
443,5,66,"11:52:52","19:56:46"
444,1,9,"5:40:41","18:49:14"
444,2,93,"10:5:42","9:10:27"
444,3,58,"9:44:26","19:52:16"
444,4,95,"17:51:3","9:9:44"
444,5,61,"17:12:28","5:43:9"
445,1,98,"20:2:11","16:45:14"
445,2,90,"21:41:34","13:11:43"
445,3,6,"16:11:3","19:28:25"
445,4,75,"15:13:6","18:25:42"
445,5,13,"15:26:29","10:32:50"
446,1,14,"20:43:20","7:22:18"
446,2,86,"5:31:10","8:31:49"
446,3,33,"21:51:45","7:40:37"
446,4,3,"10:38:51","8:47:46"
446,5,91,"8:23:31","5:7:49"
447,1,30,"21:42:41","14:57:18"
447,2,27,"17:59:10","23:43:52"
447,3,64,"21:8:50","14:18:24"
447,4,56,"13:17:35","19:41:46"
447,5,48,"8:55:15","19:1:39"
448,1,17,"22:29:15","15:0:27"
448,2,24,"17:51:9","14:23:41"
448,3,62,"18:39:24","16:7:15"
448,4,72,"14:36:50","19:45:33"
448,5,54,"20:28:12","10:6:0"
449,1,72,"17:53:29","8:53:52"
449,2,45,"11:32:3","8:56:57"
449,3,27,"7:31:13","21:38:59"
449,4,81,"9:4:9","7:40:10"
449,5,28,"13:6:25","20:3:54"
450,1,14,"10:1:30","12:1:5"
450,2,75,"14:0:53","22:15:55"
450,3,68,"16:48:7","7:26:36"
450,4,30,"10:25:43","14:19:33"
450,5,57,"17:19:55","12:33:37"
451,1,79,"21:59:1","5:32:42"
451,2,26,"16:21:38","6:40:5"
451,3,11,"8:20:1","23:52:19"
451,4,65,"17:1:18","17:20:36"
451,5,25,"17:10:37","19:56:48"
452,1,36,"9:34:32","20:21:43"
452,2,21,"11:57:5","12:46:35"
452,3,64,"23:19:23","15:35:35"
452,4,94,"13:56:46","21:15:12"
452,5,100,"14:59:32","21:46:20"
453,1,15,"22:22:28","17:8:57"
453,2,31,"8:41:57","10:45:7"
453,3,75,"16:47:25","11:56:26"
453,4,73,"15:5:53","12:25:46"
453,5,14,"17:33:44","22:55:20"
454,1,1,"7:33:59","6:5:19"
454,2,86,"6:3:57","17:59:25"
454,3,88,"20:14:34","5:15:16"
454,4,33,"18:21:55","19:54:29"
454,5,76,"9:58:54","18:54:42"
455,1,72,"13:17:57","5:15:35"
455,2,45,"9:58:58","21:21:57"
455,3,66,"12:52:0","14:20:55"
455,4,32,"23:8:2","10:19:29"
455,5,74,"21:15:12","17:0:56"
456,1,27,"16:43:50","18:58:26"
456,2,28,"20:31:14","5:52:17"
456,3,98,"7:50:53","6:42:42"
456,4,89,"12:21:19","20:27:47"
456,5,48,"12:14:50","23:47:19"
457,1,21,"12:31:3","5:22:47"
457,2,2,"12:44:46","7:1:33"
457,3,36,"14:52:55","17:24:27"
457,4,61,"12:34:44","19:0:30"
457,5,32,"14:44:50","11:37:54"
458,1,24,"9:15:34","9:8:32"
458,2,43,"6:35:4","15:21:1"
458,3,88,"16:7:16","11:40:13"
458,4,97,"17:14:6","19:39:57"
458,5,83,"21:22:0","20:11:33"
459,1,31,"6:58:34","22:57:15"
459,2,12,"22:9:20","12:6:29"
459,3,34,"16:33:21","5:23:10"
459,4,48,"14:30:46","18:1:57"
459,5,58,"7:52:58","13:21:57"
460,1,70,"19:4:55","5:55:48"
460,2,38,"16:59:36","11:51:56"
460,3,18,"12:35:28","8:21:51"
460,4,91,"16:43:13","17:34:47"
460,5,87,"18:1:5","20:44:12"
461,1,78,"17:30:7","7:31:7"
461,2,66,"9:13:26","13:12:49"
461,3,12,"15:28:57","6:16:33"
461,4,84,"22:21:38","12:6:38"
461,5,91,"7:52:41","20:25:48"
462,1,36,"23:47:0","18:21:54"
462,2,25,"12:59:5","23:0:41"
462,3,5,"23:52:10","8:46:31"
462,4,29,"10:13:9","13:17:4"
462,5,50,"8:13:51","22:47:53"
463,1,32,"14:30:12","9:39:33"
463,2,64,"6:40:26","12:31:1"
463,3,45,"22:37:2","10:14:52"
463,4,31,"9:18:22","18:59:29"
463,5,13,"16:48:53","16:26:45"
464,1,14,"22:7:34","8:24:5"
464,2,84,"23:58:57","5:55:29"
464,3,96,"14:41:55","11:16:17"
464,4,46,"21:53:19","14:59:54"
464,5,14,"7:35:15","6:33:1"
465,1,92,"19:50:44","22:3:53"
465,2,94,"14:19:18","11:58:21"
465,3,78,"6:28:33","5:2:5"
465,4,53,"21:5:28","5:25:53"
465,5,57,"10:17:6","14:59:55"
466,1,75,"14:10:14","21:45:54"
466,2,32,"15:16:38","20:59:47"
466,3,58,"18:47:17","17:31:21"
466,4,71,"7:56:50","8:50:29"
466,5,44,"7:20:4","10:15:36"
467,1,29,"22:12:58","18:34:55"
467,2,12,"17:15:46","5:19:14"
467,3,18,"21:23:6","6:55:10"
467,4,96,"8:56:47","17:34:46"
467,5,2,"14:42:5","6:21:34"
468,1,68,"18:20:42","17:6:5"
468,2,67,"8:29:11","16:17:35"
468,3,6,"10:58:47","16:41:15"
468,4,85,"9:57:16","12:44:21"
468,5,93,"8:26:51","16:31:39"
469,1,59,"14:38:47","23:2:39"
469,2,75,"21:59:13","13:37:33"
469,3,25,"7:41:46","16:12:28"
469,4,54,"10:22:28","18:45:23"
469,5,61,"18:8:40","8:16:54"
470,1,51,"12:38:28","23:50:48"
470,2,29,"13:40:18","22:40:44"
470,3,43,"22:4:24","22:9:20"
470,4,60,"12:47:49","19:3:3"
470,5,7,"14:59:1","18:47:22"
471,1,72,"20:54:43","14:38:3"
471,2,57,"9:18:10","5:30:41"
471,3,72,"21:32:32","7:18:21"
471,4,70,"17:25:51","9:1:46"
471,5,10,"20:53:6","6:59:22"
472,1,54,"20:10:47","15:59:46"
472,2,93,"15:39:14","15:8:32"
472,3,77,"11:58:50","23:39:57"
472,4,52,"22:44:23","9:33:55"
472,5,84,"11:33:28","14:19:10"
473,1,63,"12:18:41","17:29:21"
473,2,21,"17:41:8","11:10:44"
473,3,1,"20:54:29","7:14:3"
473,4,46,"8:9:42","20:53:2"
473,5,72,"19:47:22","21:12:16"
474,1,62,"16:26:18","13:55:25"
474,2,84,"12:43:29","21:37:27"
474,3,79,"14:5:5","21:37:4"
474,4,35,"11:58:10","6:57:6"
474,5,82,"6:1:28","13:13:10"
475,1,18,"20:39:20","9:46:22"
475,2,48,"16:17:29","11:42:56"
475,3,64,"12:21:13","11:31:40"
475,4,27,"7:14:34","12:43:10"
475,5,23,"12:11:22","22:10:42"
476,1,9,"20:41:40","14:39:27"
476,2,60,"15:48:10","7:9:27"
476,3,50,"12:2:38","19:28:39"
476,4,80,"6:14:28","16:29:13"
476,5,11,"13:45:26","23:14:8"
477,1,97,"10:50:36","9:15:8"
477,2,19,"17:56:32","5:44:29"
477,3,32,"12:33:57","15:27:40"
477,4,6,"20:15:9","6:0:23"
477,5,96,"18:50:56","18:55:57"
478,1,76,"20:27:36","19:54:27"
478,2,60,"15:33:56","9:41:55"
478,3,92,"18:42:3","19:6:59"
478,4,58,"16:15:38","13:5:29"
478,5,85,"17:28:50","19:42:47"
479,1,16,"18:23:55","10:11:54"
479,2,67,"15:41:56","8:51:8"
479,3,84,"11:16:25","5:25:12"
479,4,49,"22:3:24","8:23:2"
479,5,51,"15:57:49","10:6:15"
480,1,90,"22:59:13","7:47:18"
480,2,53,"17:3:19","14:46:1"
480,3,98,"16:24:49","18:42:37"
480,4,80,"12:56:55","23:10:23"
480,5,17,"14:17:34","7:50:38"
481,1,27,"22:18:51","14:26:15"
481,2,10,"17:8:35","9:40:1"
481,3,89,"21:29:34","13:17:9"
481,4,7,"20:41:58","23:36:39"
481,5,86,"23:53:51","18:54:32"
482,1,42,"12:35:40","9:24:24"
482,2,93,"22:40:1","8:58:5"
482,3,8,"18:30:53","15:23:48"
482,4,73,"15:45:15","10:29:54"
482,5,54,"20:20:32","18:53:42"
483,1,84,"10:46:16","14:56:52"
483,2,92,"11:23:1","13:50:45"
483,3,86,"17:20:40","7:1:24"
483,4,64,"17:8:0","20:46:4"
483,5,100,"10:5:50","20:44:53"
484,1,59,"19:8:15","9:7:17"
484,2,27,"5:36:36","21:30:49"
484,3,13,"10:48:48","21:20:22"
484,4,53,"14:27:41","11:0:1"
484,5,87,"12:31:56","9:41:36"
485,1,18,"18:42:12","14:40:12"
485,2,12,"12:45:23","17:51:8"
485,3,53,"6:23:45","8:38:12"
485,4,75,"14:55:39","6:28:4"
485,5,1,"17:24:45","11:58:14"
486,1,12,"15:43:30","11:31:46"
486,2,97,"13:1:20","8:25:58"
486,3,63,"19:47:27","14:36:27"
486,4,51,"8:41:30","9:50:4"
486,5,6,"11:13:52","11:24:55"
487,1,53,"6:21:38","5:49:9"
487,2,73,"9:46:42","19:42:7"
487,3,4,"8:35:22","17:27:11"
487,4,87,"8:34:59","13:59:18"
487,5,66,"16:15:23","5:20:14"
488,1,72,"8:0:36","18:13:45"
488,2,25,"18:36:2","14:17:44"
488,3,26,"12:56:35","8:49:14"
488,4,55,"15:20:57","5:19:10"
488,5,92,"17:53:8","19:45:56"
489,1,80,"23:20:10","14:17:48"
489,2,98,"6:38:22","15:8:38"
489,3,93,"14:8:57","6:59:2"
489,4,73,"18:1:49","10:39:22"
489,5,4,"16:11:24","12:36:35"
490,1,51,"23:14:29","12:29:7"
490,2,91,"8:7:24","22:48:30"
490,3,98,"18:22:42","16:32:37"
490,4,56,"20:44:39","15:19:54"
490,5,9,"20:29:11","8:8:30"
491,1,65,"11:17:29","20:13:46"
491,2,48,"18:15:39","21:35:9"
491,3,16,"7:12:16","12:0:13"
491,4,79,"13:8:0","11:23:33"
491,5,95,"6:21:36","23:27:47"
492,1,21,"23:5:41","16:51:54"
492,2,44,"6:9:45","13:25:20"
492,3,67,"12:4:55","6:31:5"
492,4,66,"5:54:58","19:49:23"
492,5,55,"16:59:19","13:20:32"
493,1,65,"7:17:36","8:35:17"
493,2,67,"23:48:23","5:38:24"
493,3,73,"12:11:47","8:52:7"
493,4,15,"9:19:39","12:39:12"
493,5,57,"13:15:53","15:23:45"
494,1,2,"6:52:8","19:32:46"
494,2,35,"19:5:54","12:43:50"
494,3,93,"11:13:55","21:36:24"
494,4,11,"18:24:2","22:53:15"
494,5,37,"19:47:58","12:16:24"
495,1,87,"10:23:18","14:55:22"
495,2,31,"5:57:26","23:23:9"
495,3,11,"17:37:18","22:19:7"
495,4,32,"14:42:21","20:40:27"
495,5,85,"10:18:6","12:41:0"
496,1,79,"15:36:2","23:17:51"
496,2,16,"22:43:49","17:23:8"
496,3,71,"20:18:51","19:16:53"
496,4,97,"8:19:59","15:30:24"
496,5,24,"6:6:33","17:5:18"
497,1,70,"15:42:56","7:20:36"
497,2,11,"17:50:48","7:1:22"
497,3,45,"18:14:49","8:23:1"
497,4,75,"16:21:10","6:25:24"
497,5,68,"15:42:4","11:50:6"
498,1,34,"18:44:58","10:12:30"
498,2,19,"11:40:19","12:33:37"
498,3,26,"22:11:4","23:36:0"
498,4,68,"5:41:18","21:57:55"
498,5,23,"23:36:26","15:3:16"
499,1,34,"14:11:41","17:36:10"
499,2,28,"21:57:4","10:29:0"
499,3,96,"20:24:22","6:19:46"
499,4,48,"18:36:35","12:56:32"
499,5,52,"7:7:53","16:40:9"
500,1,97,"19:2:1","14:22:54"
500,2,18,"23:24:49","14:49:7"
500,3,59,"23:36:11","16:47:58"
500,4,42,"11:37:41","23:4:4"
500,5,11,"19:27:52","14:30:48"
501,1,40,"5:28:57","19:59:0"
501,2,99,"13:51:13","8:31:15"
501,3,86,"8:36:1","11:36:1"
501,4,40,"21:32:57","17:30:41"
501,5,85,"15:26:52","13:54:38"
502,1,23,"18:38:8","21:42:28"
502,2,27,"7:56:55","13:13:38"
502,3,34,"18:40:44","22:38:49"
502,4,23,"19:2:59","22:52:55"
502,5,64,"16:21:6","11:57:45"
503,1,55,"5:23:29","15:53:39"
503,2,56,"17:52:8","19:19:55"
503,3,32,"21:27:8","12:23:44"
503,4,13,"20:56:44","11:27:37"
503,5,47,"16:50:50","21:41:33"
504,1,2,"8:9:3","7:27:22"
504,2,52,"19:21:36","12:51:36"
504,3,26,"9:33:47","19:15:2"
504,4,66,"11:32:7","17:25:26"
504,5,26,"15:20:41","8:23:0"
505,1,47,"8:43:5","5:1:42"
505,2,67,"7:20:56","5:39:2"
505,3,8,"13:5:28","22:39:23"
505,4,75,"11:18:31","21:2:31"
505,5,41,"20:35:55","9:31:47"
506,1,64,"21:10:24","18:32:14"
506,2,53,"6:1:54","15:59:46"
506,3,15,"17:44:58","21:43:54"
506,4,73,"23:38:44","9:20:15"
506,5,4,"13:23:50","15:48:26"
507,1,47,"9:56:24","16:3:32"
507,2,53,"18:21:47","14:51:44"
507,3,39,"5:47:53","22:41:10"
507,4,29,"9:13:28","5:16:38"
507,5,19,"7:49:59","6:7:48"
508,1,86,"6:18:15","18:30:52"
508,2,82,"12:45:18","21:37:59"
508,3,72,"12:24:35","8:55:55"
508,4,73,"7:45:39","23:18:5"
508,5,22,"13:38:23","11:9:41"
509,1,71,"16:49:13","14:8:23"
509,2,13,"10:44:47","7:42:13"
509,3,16,"7:32:26","10:0:43"
509,4,90,"19:19:29","14:33:33"
509,5,98,"18:6:45","23:54:7"
510,1,31,"5:15:16","11:33:24"
510,2,23,"11:36:29","5:29:34"
510,3,69,"17:34:42","20:34:35"
510,4,50,"15:54:59","11:3:55"
510,5,82,"5:22:7","20:50:14"
511,1,6,"5:27:31","23:57:3"
511,2,82,"9:20:36","7:21:47"
511,3,24,"15:54:18","5:30:6"
511,4,31,"15:15:52","14:42:59"
511,5,8,"6:9:12","8:14:31"
512,1,25,"23:15:54","14:37:30"
512,2,27,"23:22:37","19:17:0"
512,3,63,"23:17:18","16:1:58"
512,4,36,"14:43:49","12:12:22"
512,5,78,"18:39:19","18:17:42"
513,1,86,"13:33:9","9:11:38"
513,2,63,"17:14:0","8:46:6"
513,3,54,"16:39:55","16:34:53"
513,4,87,"12:19:51","10:53:21"
513,5,76,"20:29:17","10:10:51"
514,1,54,"22:30:53","12:53:28"
514,2,95,"6:52:56","22:49:53"
514,3,2,"12:4:41","5:23:19"
514,4,15,"10:15:51","22:15:30"
514,5,43,"12:26:48","16:5:27"
515,1,90,"19:45:53","11:44:42"
515,2,78,"9:35:29","11:8:37"
515,3,61,"6:16:38","21:11:48"
515,4,3,"7:57:48","12:11:42"
515,5,64,"6:22:53","15:4:40"
516,1,73,"14:19:7","12:2:31"
516,2,40,"18:48:25","20:5:20"
516,3,54,"9:58:46","20:31:32"
516,4,20,"9:46:35","8:18:17"
516,5,60,"12:16:19","7:9:18"
517,1,52,"6:42:34","8:6:1"
517,2,56,"12:50:1","21:7:59"
517,3,77,"12:8:31","19:10:24"
517,4,5,"8:57:47","12:42:40"
517,5,25,"10:14:18","15:56:32"
518,1,90,"7:20:42","11:6:44"
518,2,11,"20:23:22","9:32:5"
518,3,42,"21:35:23","16:20:42"
518,4,95,"10:23:0","5:10:14"
518,5,34,"16:49:12","7:50:12"
519,1,50,"12:44:57","7:55:53"
519,2,86,"21:6:58","21:38:56"
519,3,51,"19:16:15","12:45:43"
519,4,74,"19:37:39","8:41:1"
519,5,40,"22:9:16","17:38:29"
520,1,9,"10:7:5","7:51:30"
520,2,40,"10:22:18","20:36:51"
520,3,5,"17:15:0","10:3:37"
520,4,34,"5:34:40","5:0:5"
520,5,26,"18:1:30","21:40:34"
521,1,54,"12:54:50","23:3:37"
521,2,59,"20:24:41","12:47:2"
521,3,45,"21:8:58","11:33:44"
521,4,69,"23:19:25","12:6:21"
521,5,69,"5:53:5","18:2:10"
522,1,97,"23:37:17","16:28:7"
522,2,71,"14:15:4","20:55:26"
522,3,93,"23:22:41","17:0:58"
522,4,35,"17:20:27","20:16:11"
522,5,65,"20:37:56","11:22:33"
523,1,99,"22:3:0","16:56:26"
523,2,74,"19:56:45","19:45:5"
523,3,27,"8:21:51","13:30:33"
523,4,85,"10:3:26","21:27:37"
523,5,98,"22:37:19","8:47:39"
524,1,82,"20:8:13","12:51:54"
524,2,89,"6:16:58","14:7:50"
524,3,36,"22:22:39","12:48:6"
524,4,80,"13:17:19","12:28:33"
524,5,45,"8:1:30","13:28:43"
525,1,70,"16:55:6","22:17:58"
525,2,70,"5:57:21","9:48:2"
525,3,5,"20:13:12","13:30:45"
525,4,78,"12:0:35","23:58:32"
525,5,76,"8:39:48","12:48:17"
526,1,76,"17:14:0","15:18:58"
526,2,72,"12:14:8","20:13:0"
526,3,23,"19:1:56","15:23:46"
526,4,66,"22:52:49","8:9:57"
526,5,45,"6:23:6","14:41:4"
527,1,42,"22:8:20","9:9:9"
527,2,85,"7:43:51","18:52:31"
527,3,43,"19:46:26","9:44:47"
527,4,57,"5:17:29","14:7:13"
527,5,80,"22:47:59","13:39:39"
528,1,2,"15:38:22","21:0:41"
528,2,38,"10:36:8","20:9:19"
528,3,92,"5:1:3","16:47:41"
528,4,56,"7:16:50","14:6:21"
528,5,25,"6:2:58","14:59:30"
529,1,54,"12:12:44","20:11:27"
529,2,41,"14:36:43","17:38:16"
529,3,13,"20:35:41","16:55:24"
529,4,18,"16:53:29","23:33:53"
529,5,18,"7:48:27","8:9:36"
530,1,9,"5:4:44","9:35:51"
530,2,29,"10:23:29","18:46:46"
530,3,47,"16:5:22","9:40:37"
530,4,51,"23:22:48","7:43:41"
530,5,90,"10:26:50","11:13:52"
531,1,82,"8:24:21","13:25:30"
531,2,58,"20:54:36","22:23:53"
531,3,40,"18:35:53","8:10:48"
531,4,21,"10:48:44","13:21:50"
531,5,98,"19:46:14","20:36:38"
532,1,44,"22:26:21","5:5:32"
532,2,8,"5:26:12","13:16:23"
532,3,17,"23:46:48","15:17:27"
532,4,42,"13:2:9","19:16:28"
532,5,1,"22:37:21","16:54:57"
533,1,88,"16:36:24","8:57:54"
533,2,58,"14:28:28","13:12:23"
533,3,9,"22:47:58","12:19:56"
533,4,7,"6:59:21","17:40:21"
533,5,11,"13:24:37","11:37:0"
534,1,33,"21:38:18","13:27:1"
534,2,79,"12:17:31","13:58:55"
534,3,23,"19:22:23","23:50:0"
534,4,41,"19:46:59","6:38:28"
534,5,26,"15:15:14","11:46:34"
535,1,54,"16:14:57","18:39:25"
535,2,17,"5:46:13","12:8:14"
535,3,88,"23:54:59","5:17:53"
535,4,50,"12:27:19","11:49:55"
535,5,84,"14:20:43","17:59:21"
536,1,9,"23:32:23","6:4:11"
536,2,52,"14:3:16","18:55:3"
536,3,78,"20:35:41","19:24:57"
536,4,66,"5:23:42","12:21:48"
536,5,81,"23:34:33","7:25:16"
537,1,12,"17:13:49","20:11:30"
537,2,37,"22:47:51","20:5:5"
537,3,100,"16:52:4","8:57:56"
537,4,83,"14:32:38","18:28:17"
537,5,73,"11:14:40","22:47:3"
538,1,87,"10:23:39","5:13:56"
538,2,33,"6:44:8","15:1:12"
538,3,35,"17:33:45","12:31:51"
538,4,73,"17:13:49","12:31:42"
538,5,71,"13:20:39","20:36:9"
539,1,22,"15:8:23","22:41:39"
539,2,22,"11:47:48","14:27:51"
539,3,81,"18:39:41","5:48:22"
539,4,32,"11:42:59","19:54:56"
539,5,59,"11:11:23","12:23:24"
540,1,82,"11:2:43","20:19:55"
540,2,63,"7:52:38","22:47:47"
540,3,42,"9:57:22","19:56:31"
540,4,17,"19:16:24","22:20:34"
540,5,38,"17:28:37","18:14:32"
541,1,93,"22:25:14","13:15:14"
541,2,46,"6:17:18","15:38:50"
541,3,31,"15:25:30","23:57:6"
541,4,78,"5:30:3","19:57:39"
541,5,41,"10:50:0","23:50:44"
542,1,43,"22:37:19","23:39:23"
542,2,96,"23:31:54","21:4:20"
542,3,38,"10:39:10","15:11:51"
542,4,84,"8:53:9","23:53:16"
542,5,20,"19:11:12","22:29:39"
543,1,57,"22:22:8","16:9:39"
543,2,90,"19:27:47","6:20:30"
543,3,31,"7:31:36","17:39:44"
543,4,82,"16:17:57","6:39:22"
543,5,26,"20:39:17","21:48:14"
544,1,12,"19:43:0","17:43:3"
544,2,69,"18:34:45","12:58:43"
544,3,81,"15:28:8","15:16:9"
544,4,63,"11:47:43","22:21:6"
544,5,61,"14:47:55","13:41:46"
545,1,54,"6:32:51","23:20:46"
545,2,93,"20:32:15","6:7:16"
545,3,25,"23:58:50","16:47:39"
545,4,84,"22:5:8","10:41:59"
545,5,57,"18:56:53","23:10:8"
546,1,23,"5:21:53","18:37:54"
546,2,48,"18:32:46","12:20:51"
546,3,9,"9:0:19","20:59:55"
546,4,79,"14:13:55","23:28:29"
546,5,54,"9:57:10","11:40:39"
547,1,86,"12:22:21","16:21:27"
547,2,67,"19:14:36","5:32:40"
547,3,89,"7:58:1","6:54:58"
547,4,24,"18:38:1","16:7:19"
547,5,60,"10:2:6","14:37:44"
548,1,5,"21:20:26","15:23:47"
548,2,72,"5:29:18","17:45:23"
548,3,16,"9:38:47","5:43:53"
548,4,35,"18:53:27","6:10:15"
548,5,3,"15:11:25","11:14:50"
549,1,22,"13:6:17","18:7:22"
549,2,1,"14:43:6","23:54:31"
549,3,59,"8:3:50","21:32:46"
549,4,55,"16:17:5","12:45:13"
549,5,16,"21:51:8","14:14:41"
550,1,42,"20:27:44","16:35:28"
550,2,68,"18:4:4","19:55:43"
550,3,82,"20:44:35","12:0:50"
550,4,61,"13:6:45","14:11:38"
550,5,23,"7:59:11","12:40:55"
551,1,90,"12:53:52","21:33:3"
551,2,91,"13:39:2","7:46:30"
551,3,68,"11:1:29","21:38:4"
551,4,12,"6:34:35","9:59:27"
551,5,16,"11:25:58","14:23:33"
552,1,21,"5:48:50","15:23:35"
552,2,63,"9:36:32","11:0:2"
552,3,86,"9:47:48","13:58:50"
552,4,80,"7:10:2","17:23:41"
552,5,1,"6:8:13","18:45:15"
553,1,10,"16:49:48","18:46:20"
553,2,8,"8:42:24","20:16:30"
553,3,51,"16:57:35","18:54:53"
553,4,86,"17:45:9","16:9:6"
553,5,11,"21:26:9","8:48:20"
554,1,48,"20:58:54","13:40:15"
554,2,33,"15:6:2","14:5:3"
554,3,24,"5:48:10","5:11:30"
554,4,76,"23:25:49","12:53:2"
554,5,19,"5:1:54","13:52:3"
555,1,2,"18:54:23","11:3:25"
555,2,3,"14:10:51","14:58:53"
555,3,11,"6:47:35","13:12:15"
555,4,51,"14:31:1","14:33:31"
555,5,50,"18:2:59","8:39:1"
556,1,85,"18:9:51","10:20:2"
556,2,34,"6:13:35","21:57:17"
556,3,30,"15:31:52","11:29:16"
556,4,37,"6:41:55","23:25:33"
556,5,36,"13:24:12","23:23:13"
557,1,35,"17:57:31","10:48:41"
557,2,18,"21:2:5","11:13:17"
557,3,9,"14:31:43","14:31:15"
557,4,83,"20:23:39","22:21:39"
557,5,31,"9:17:26","6:26:38"
558,1,83,"19:0:17","10:7:2"
558,2,97,"6:40:24","22:42:34"
558,3,55,"19:34:42","9:17:36"
558,4,37,"15:31:10","7:21:19"
558,5,99,"10:5:19","9:45:54"
559,1,67,"10:16:20","19:26:32"
559,2,61,"12:39:56","18:20:28"
559,3,45,"22:26:44","5:45:24"
559,4,43,"15:13:16","23:57:18"
559,5,44,"9:37:32","10:42:59"
560,1,43,"14:6:11","16:48:46"
560,2,31,"14:27:51","13:18:32"
560,3,49,"6:53:53","9:46:54"
560,4,89,"23:8:48","15:59:23"
560,5,63,"13:29:45","21:25:58"
561,1,18,"15:41:12","22:11:5"
561,2,65,"19:23:8","13:19:33"
561,3,61,"9:22:7","15:56:48"
561,4,70,"19:59:8","7:17:19"
561,5,50,"15:22:16","22:54:24"
562,1,39,"17:28:1","19:5:41"
562,2,16,"13:27:36","13:49:39"
562,3,43,"6:25:0","9:5:58"
562,4,51,"7:7:14","10:59:53"
562,5,42,"15:36:25","23:20:56"
563,1,22,"5:19:45","14:17:24"
563,2,77,"12:51:28","19:27:25"
563,3,27,"16:54:32","17:34:1"
563,4,78,"10:2:39","15:43:47"
563,5,83,"9:18:22","5:6:8"
564,1,44,"21:27:2","18:33:26"
564,2,87,"15:15:42","5:22:12"
564,3,72,"5:51:2","23:37:29"
564,4,94,"20:53:42","5:0:23"
564,5,6,"10:37:33","9:25:30"
565,1,44,"23:9:33","14:10:49"
565,2,4,"8:29:59","17:58:10"
565,3,3,"15:43:4","21:5:55"
565,4,72,"6:15:12","23:32:29"
565,5,5,"17:31:54","10:44:47"
566,1,9,"13:13:8","21:15:20"
566,2,60,"11:22:56","9:35:32"
566,3,34,"5:52:41","5:22:32"
566,4,51,"12:20:46","19:28:13"
566,5,35,"13:55:7","19:33:52"
567,1,91,"19:18:47","7:23:45"
567,2,47,"8:48:40","18:8:52"
567,3,20,"8:52:7","10:10:50"
567,4,48,"7:17:21","6:59:11"
567,5,53,"6:52:9","6:33:24"
568,1,10,"14:1:16","6:4:58"
568,2,1,"9:15:58","21:59:53"
568,3,17,"6:33:46","17:23:6"
568,4,56,"16:31:49","7:2:21"
568,5,29,"14:11:39","16:22:56"
569,1,65,"12:33:4","18:51:32"
569,2,70,"18:44:25","22:35:14"
569,3,5,"14:51:51","19:41:44"
569,4,38,"22:20:51","18:55:38"
569,5,99,"20:38:26","10:50:8"
570,1,92,"21:33:19","9:8:12"
570,2,61,"21:12:41","14:38:21"
570,3,69,"15:35:7","9:7:6"
570,4,77,"7:27:44","17:30:49"
570,5,77,"23:33:22","9:50:2"
571,1,89,"5:19:34","18:43:25"
571,2,17,"22:5:18","8:56:51"
571,3,74,"17:13:19","17:25:23"
571,4,87,"13:56:56","8:8:31"
571,5,38,"23:1:25","13:20:5"
572,1,88,"7:19:18","17:1:18"
572,2,73,"14:47:23","12:50:40"
572,3,13,"13:12:26","18:29:10"
572,4,10,"15:9:13","13:51:6"
572,5,30,"16:10:59","22:0:15"
573,1,53,"7:14:17","5:49:54"
573,2,10,"18:19:32","15:28:2"
573,3,29,"19:42:19","15:39:57"
573,4,23,"17:52:12","9:52:0"
573,5,15,"9:5:26","23:36:10"
574,1,34,"16:7:27","9:26:57"
574,2,38,"18:54:28","8:50:18"
574,3,47,"23:29:27","18:37:53"
574,4,88,"21:45:0","10:3:5"
574,5,92,"19:44:46","7:37:58"
575,1,2,"14:43:56","17:56:6"
575,2,10,"8:26:12","9:32:6"
575,3,41,"16:30:12","16:17:6"
575,4,5,"13:57:26","22:37:23"
575,5,15,"18:53:21","7:9:40"
576,1,3,"22:41:20","6:52:32"
576,2,4,"11:32:59","22:58:35"
576,3,79,"15:48:36","19:11:52"
576,4,22,"14:9:51","20:57:18"
576,5,56,"22:22:57","14:2:26"
577,1,16,"23:50:3","22:11:15"
577,2,90,"9:12:51","12:13:35"
577,3,2,"9:27:41","13:13:50"
577,4,96,"14:10:22","23:17:37"
577,5,40,"14:40:18","23:21:46"
578,1,46,"11:54:12","20:44:4"
578,2,45,"16:20:58","14:6:15"
578,3,81,"17:46:9","21:26:23"
578,4,52,"19:38:31","20:46:50"
578,5,20,"20:57:10","18:26:36"
579,1,100,"6:14:27","10:18:19"
579,2,41,"23:16:43","16:44:40"
579,3,73,"21:57:48","23:38:7"
579,4,72,"17:58:28","12:29:54"
579,5,24,"11:37:25","7:42:5"
580,1,57,"22:35:23","16:21:46"
580,2,96,"10:10:32","5:48:13"
580,3,52,"11:35:13","13:51:45"
580,4,18,"12:28:33","6:41:55"
580,5,26,"17:35:15","13:54:43"
581,1,68,"9:58:35","11:16:40"
581,2,76,"19:46:49","15:5:40"
581,3,29,"10:54:42","5:59:15"
581,4,68,"13:43:38","5:10:52"
581,5,92,"14:24:29","22:7:36"
582,1,73,"13:42:22","16:20:58"
582,2,93,"11:57:49","17:24:34"
582,3,58,"9:41:24","19:24:47"
582,4,26,"20:57:0","8:20:10"
582,5,51,"7:21:3","11:56:5"
583,1,20,"17:47:8","23:55:25"
583,2,47,"22:53:29","17:4:42"
583,3,51,"15:46:51","21:22:18"
583,4,67,"14:36:48","7:14:39"
583,5,78,"20:27:5","22:53:9"
584,1,22,"22:26:52","12:58:59"
584,2,92,"20:43:2","11:23:41"
584,3,73,"13:7:15","21:51:19"
584,4,72,"17:24:48","12:2:21"
584,5,42,"21:25:14","14:19:57"
585,1,85,"21:50:9","21:25:54"
585,2,2,"20:34:59","17:38:31"
585,3,7,"21:33:38","12:44:20"
585,4,84,"17:15:15","7:17:23"
585,5,84,"22:35:10","23:39:20"
586,1,54,"14:40:12","23:53:56"
586,2,13,"14:52:14","15:16:37"
586,3,25,"18:8:6","7:21:42"
586,4,26,"13:31:28","10:59:54"
586,5,17,"23:59:23","11:22:33"
587,1,90,"10:42:59","18:38:9"
587,2,56,"15:56:52","11:36:1"
587,3,61,"5:9:19","19:10:40"
587,4,36,"18:46:40","9:35:25"
587,5,54,"6:10:3","23:39:8"
588,1,78,"16:39:5","9:44:23"
588,2,53,"13:32:46","22:43:28"
588,3,6,"17:33:17","10:46:32"
588,4,45,"16:2:47","14:41:45"
588,5,28,"17:13:16","20:45:2"
589,1,12,"8:16:2","20:22:36"
589,2,66,"14:10:22","8:8:43"
589,3,24,"5:0:50","19:50:12"
589,4,4,"9:39:7","14:30:55"
589,5,51,"13:13:7","7:8:18"
590,1,53,"22:35:12","11:0:12"
590,2,45,"6:7:17","11:21:32"
590,3,81,"8:10:57","14:7:51"
590,4,26,"12:27:6","9:8:7"
590,5,27,"18:16:34","20:44:9"
591,1,68,"15:42:55","21:27:11"
591,2,21,"21:52:17","10:13:41"
591,3,49,"8:37:29","16:24:29"
591,4,88,"12:17:51","13:22:0"
591,5,31,"6:26:1","20:41:5"
592,1,25,"19:41:44","5:55:33"
592,2,61,"20:15:12","7:52:0"
592,3,25,"10:23:4","9:23:0"
592,4,41,"14:7:26","12:36:15"
592,5,83,"18:8:12","17:26:14"
593,1,90,"17:7:21","15:20:36"
593,2,86,"15:4:0","13:40:42"
593,3,91,"5:3:14","20:1:49"
593,4,65,"8:55:11","15:46:54"
593,5,73,"17:44:56","6:54:47"
594,1,79,"11:13:36","19:38:58"
594,2,69,"20:11:7","23:41:49"
594,3,62,"12:26:54","14:26:57"
594,4,27,"21:38:28","22:28:38"
594,5,30,"13:41:10","16:40:2"
595,1,92,"12:49:53","12:54:26"
595,2,86,"21:44:55","12:30:22"
595,3,23,"16:27:36","18:21:45"
595,4,56,"7:28:13","11:24:24"
595,5,98,"13:58:13","8:58:37"
596,1,68,"18:26:21","22:27:10"
596,2,37,"12:52:10","20:51:58"
596,3,9,"13:12:47","8:35:42"
596,4,64,"21:3:17","6:12:4"
596,5,35,"15:52:58","15:14:38"
597,1,47,"17:25:14","22:12:38"
597,2,32,"15:38:22","17:38:34"
597,3,16,"11:19:11","19:6:42"
597,4,52,"15:4:58","13:20:30"
597,5,16,"10:6:50","13:38:29"
598,1,83,"21:43:24","6:14:40"
598,2,45,"16:32:49","17:17:48"
598,3,43,"6:21:39","22:27:55"
598,4,35,"15:55:50","8:14:32"
598,5,12,"22:38:53","5:46:14"
599,1,88,"5:17:8","5:6:13"
599,2,80,"18:7:54","23:15:43"
599,3,86,"21:34:20","18:55:58"
599,4,61,"15:29:17","19:48:0"
599,5,24,"16:8:33","9:31:15"
600,1,44,"21:30:31","14:43:15"
600,2,19,"18:33:59","20:29:40"
600,3,54,"15:19:35","5:42:1"
600,4,68,"15:40:9","13:19:43"
600,5,3,"18:13:39","7:30:31"
601,1,23,"15:40:4","7:54:1"
601,2,91,"16:24:17","10:38:15"
601,3,57,"14:50:43","23:22:40"
601,4,3,"16:7:59","5:45:43"
601,5,37,"22:33:44","7:15:32"
602,1,87,"17:22:4","23:47:13"
602,2,43,"21:27:55","19:39:31"
602,3,78,"5:29:15","19:21:39"
602,4,67,"10:23:56","19:52:1"
602,5,78,"15:58:1","5:51:52"
603,1,31,"19:17:20","20:56:28"
603,2,51,"10:7:59","22:12:34"
603,3,7,"21:18:14","12:15:57"
603,4,46,"10:22:34","15:9:14"
603,5,32,"21:3:13","10:12:25"
604,1,62,"13:15:52","10:48:11"
604,2,1,"15:40:23","17:22:32"
604,3,47,"9:47:22","22:29:36"
604,4,32,"12:46:2","7:30:40"
604,5,25,"8:42:37","9:13:26"
605,1,4,"13:37:44","8:12:57"
605,2,91,"16:35:21","8:1:19"
605,3,25,"11:40:20","7:7:35"
605,4,17,"20:52:1","10:53:41"
605,5,18,"5:21:44","23:54:23"
606,1,17,"13:0:52","17:6:34"
606,2,41,"7:40:45","23:14:9"
606,3,10,"23:44:43","8:0:59"
606,4,20,"7:47:44","17:8:24"
606,5,97,"10:6:48","10:28:48"
607,1,41,"7:14:58","16:24:36"
607,2,14,"23:13:24","7:12:8"
607,3,75,"20:22:52","21:26:56"
607,4,80,"6:41:5","7:54:44"
607,5,5,"20:28:55","5:23:52"
608,1,20,"8:39:24","20:39:29"
608,2,74,"16:54:40","16:33:45"
608,3,76,"11:10:41","21:18:16"
608,4,16,"8:55:0","16:3:38"
608,5,34,"14:57:24","13:44:50"
609,1,26,"10:42:49","6:48:52"
609,2,77,"23:42:23","18:44:2"
609,3,10,"8:21:17","15:44:21"
609,4,2,"22:47:9","20:13:9"
609,5,8,"23:59:55","7:54:54"
610,1,10,"15:49:19","15:16:30"
610,2,34,"19:23:10","9:8:34"
610,3,18,"14:38:23","11:39:36"
610,4,40,"5:9:5","12:18:4"
610,5,55,"8:35:33","9:12:6"
611,1,20,"19:31:29","16:55:50"
611,2,34,"11:16:37","19:31:4"
611,3,2,"19:26:13","6:27:28"
611,4,74,"17:27:14","15:1:25"
611,5,84,"23:17:3","11:16:3"
612,1,68,"21:4:42","11:0:31"
612,2,32,"5:31:51","22:47:9"
612,3,85,"21:37:20","15:54:33"
612,4,91,"14:12:32","22:26:44"
612,5,92,"17:45:59","22:33:36"
613,1,25,"9:52:43","22:43:48"
613,2,7,"8:54:49","9:37:45"
613,3,76,"12:32:31","18:16:59"
613,4,13,"6:50:0","12:22:57"
613,5,79,"20:42:44","22:38:40"
614,1,68,"9:15:53","6:5:46"
614,2,84,"5:26:0","12:46:57"
614,3,74,"18:56:28","11:0:57"
614,4,8,"5:46:14","23:9:51"
614,5,84,"9:1:17","23:30:4"
615,1,14,"13:51:16","15:1:45"
615,2,19,"5:10:33","10:4:17"
615,3,95,"13:43:40","10:3:23"
615,4,82,"5:48:24","15:10:40"
615,5,11,"11:39:21","7:7:22"
616,1,82,"21:3:39","10:7:2"
616,2,89,"5:33:55","12:54:48"
616,3,31,"14:10:31","14:1:16"
616,4,85,"9:30:31","5:2:22"
616,5,38,"21:25:40","22:29:15"
617,1,35,"18:1:42","14:57:32"
617,2,49,"6:44:8","9:56:45"
617,3,89,"6:15:48","12:57:30"
617,4,9,"13:33:23","15:9:6"
617,5,36,"8:56:53","23:22:48"
618,1,82,"21:37:32","14:40:38"
618,2,42,"13:31:18","14:35:21"
618,3,10,"17:29:51","8:14:31"
618,4,17,"6:50:26","9:36:20"
618,5,90,"21:45:44","6:33:6"
619,1,33,"5:44:36","11:22:20"
619,2,73,"20:18:18","20:41:38"
619,3,75,"14:14:31","15:39:18"
619,4,32,"7:48:41","13:46:25"
619,5,49,"7:10:58","9:33:9"
620,1,2,"17:53:59","21:3:26"
620,2,27,"11:39:22","10:22:2"
620,3,100,"16:6:11","6:27:51"
620,4,53,"9:42:2","20:17:26"
620,5,22,"14:14:16","22:53:27"
621,1,99,"15:35:8","16:11:51"
621,2,81,"21:20:19","11:25:11"
621,3,100,"14:28:46","17:36:26"
621,4,4,"8:54:1","7:31:6"
621,5,23,"23:37:14","20:28:13"
622,1,9,"16:42:4","13:43:1"
622,2,58,"20:30:32","15:3:41"
622,3,18,"13:7:7","8:38:59"
622,4,94,"22:34:18","21:20:12"
622,5,2,"8:37:22","8:5:37"
623,1,72,"22:5:36","18:43:13"
623,2,63,"14:29:40","14:52:40"
623,3,63,"12:0:52","20:31:17"
623,4,51,"5:50:44","9:2:17"
623,5,30,"5:18:15","23:59:29"
624,1,23,"15:11:39","9:23:50"
624,2,66,"9:54:2","10:33:39"
624,3,44,"12:41:33","8:20:4"
624,4,39,"16:48:17","11:28:23"
624,5,20,"21:14:28","17:59:57"
625,1,68,"22:22:34","10:54:22"
625,2,21,"22:45:32","23:31:1"
625,3,82,"18:23:25","17:26:27"
625,4,79,"10:39:58","23:55:44"
625,5,95,"7:8:5","16:45:37"
626,1,7,"8:33:50","20:56:22"
626,2,70,"18:31:32","15:32:12"
626,3,78,"19:52:46","6:36:18"
626,4,38,"15:53:37","8:26:25"
626,5,88,"9:8:31","12:46:6"
627,1,62,"8:59:54","22:7:25"
627,2,80,"8:20:56","17:57:22"
627,3,27,"6:29:6","20:3:10"
627,4,7,"8:6:49","12:6:44"
627,5,96,"19:42:8","19:31:20"
628,1,53,"21:23:54","23:48:19"
628,2,61,"16:8:22","8:3:59"
628,3,35,"21:46:24","21:11:40"
628,4,26,"21:25:12","6:28:50"
628,5,6,"23:58:21","21:28:57"
629,1,83,"10:24:10","6:8:37"
629,2,84,"9:30:1","7:9:39"
629,3,25,"16:5:9","21:43:41"
629,4,44,"7:11:8","10:29:59"
629,5,68,"13:41:45","10:47:30"
630,1,10,"5:45:0","22:27:49"
630,2,28,"14:46:49","11:52:9"
630,3,44,"9:44:5","13:19:26"
630,4,7,"14:41:29","12:22:54"
630,5,57,"6:10:30","7:28:3"
631,1,36,"15:30:20","21:7:31"
631,2,95,"16:53:10","7:15:58"
631,3,26,"19:11:52","19:5:31"
631,4,68,"10:0:46","6:24:26"
631,5,53,"6:13:48","11:43:43"
632,1,21,"17:10:50","12:34:9"
632,2,43,"9:14:31","8:48:32"
632,3,57,"6:8:37","12:48:58"
632,4,81,"21:48:41","20:38:30"
632,5,86,"7:29:38","7:28:53"
633,1,58,"23:35:20","9:19:22"
633,2,99,"11:39:9","19:41:28"
633,3,27,"13:16:49","10:41:41"
633,4,12,"7:34:48","8:21:28"
633,5,47,"13:15:42","20:17:8"
634,1,52,"22:55:5","15:12:40"
634,2,34,"23:3:37","19:26:43"
634,3,7,"13:19:58","5:31:7"
634,4,26,"21:44:48","22:53:16"
634,5,90,"6:11:22","9:24:38"
635,1,11,"22:2:27","10:40:40"
635,2,42,"21:48:5","16:40:32"
635,3,78,"16:49:19","8:30:45"
635,4,5,"20:46:52","23:23:24"
635,5,42,"16:17:48","18:8:46"
636,1,87,"9:19:51","18:41:38"
636,2,33,"5:28:52","8:34:0"
636,3,71,"15:34:44","10:13:41"
636,4,47,"12:7:39","14:33:21"
636,5,8,"19:15:31","22:21:4"
637,1,100,"16:12:25","18:13:36"
637,2,36,"10:38:27","6:57:23"
637,3,58,"19:54:4","13:27:31"
637,4,95,"11:32:34","12:13:16"
637,5,38,"12:19:21","23:41:25"
638,1,65,"17:56:16","14:48:56"
638,2,44,"14:38:32","9:31:38"
638,3,18,"20:16:3","16:8:47"
638,4,5,"7:58:2","9:10:43"
638,5,99,"15:56:17","22:6:0"
639,1,36,"5:29:13","14:6:13"
639,2,56,"5:30:24","13:1:59"
639,3,71,"21:10:17","12:26:47"
639,4,49,"8:35:33","16:15:47"
639,5,48,"12:56:57","20:1:15"
640,1,45,"16:28:33","23:49:58"
640,2,91,"6:56:31","22:33:32"
640,3,7,"9:24:8","22:11:18"
640,4,11,"8:40:7","5:9:28"
640,5,52,"20:38:0","14:44:16"
641,1,39,"7:49:1","19:12:50"
641,2,96,"8:45:47","19:2:3"
641,3,10,"14:34:51","17:40:12"
641,4,76,"18:16:53","11:58:50"
641,5,51,"23:7:19","5:31:6"
642,1,88,"15:26:8","5:23:17"
642,2,61,"17:6:53","21:57:11"
642,3,59,"18:35:39","8:19:42"
642,4,54,"5:27:7","21:40:55"
642,5,74,"5:27:13","11:33:3"
643,1,17,"9:21:12","21:11:11"
643,2,13,"17:47:14","13:14:50"
643,3,99,"19:34:51","19:45:59"
643,4,24,"16:46:12","14:49:55"
643,5,69,"19:36:48","5:37:49"
644,1,49,"7:46:15","11:9:39"
644,2,17,"7:28:28","12:24:39"
644,3,45,"10:3:8","6:5:32"
644,4,94,"18:42:19","13:50:17"
644,5,76,"22:52:45","13:47:16"
645,1,77,"23:4:40","19:5:22"
645,2,9,"22:26:30","17:46:49"
645,3,4,"12:2:38","12:1:23"
645,4,2,"13:31:4","20:26:12"
645,5,34,"23:18:37","11:59:21"
646,1,75,"13:50:28","16:1:44"
646,2,75,"15:59:48","10:15:25"
646,3,34,"7:51:32","8:6:15"
646,4,18,"5:12:22","5:37:8"
646,5,67,"14:45:2","10:0:21"
647,1,64,"12:52:53","15:17:24"
647,2,23,"13:6:38","8:1:55"
647,3,14,"10:32:25","13:29:18"
647,4,12,"10:42:10","15:28:17"
647,5,24,"5:58:54","6:45:15"
648,1,59,"12:3:10","6:19:56"
648,2,37,"23:29:8","22:50:18"
648,3,100,"7:43:36","5:18:25"
648,4,79,"12:12:58","19:53:34"
648,5,69,"22:23:45","8:40:12"
649,1,41,"21:5:12","5:57:19"
649,2,18,"22:7:30","11:37:57"
649,3,83,"22:23:4","17:41:56"
649,4,41,"20:1:33","22:11:7"
649,5,43,"8:58:39","12:6:43"
650,1,9,"5:14:19","23:38:49"
650,2,68,"15:19:31","13:8:27"
650,3,97,"19:30:19","16:40:10"
650,4,81,"14:11:22","5:35:12"
650,5,17,"11:24:35","8:43:36"
651,1,34,"8:24:8","18:34:8"
651,2,1,"23:33:39","21:18:48"
651,3,34,"18:12:32","11:21:29"
651,4,83,"23:8:52","16:3:13"
651,5,32,"6:33:58","12:21:7"
652,1,22,"15:16:33","13:17:23"
652,2,81,"17:22:2","8:18:25"
652,3,18,"20:46:26","9:8:3"
652,4,52,"7:12:21","16:50:5"
652,5,52,"17:45:56","23:24:53"
653,1,61,"9:23:58","19:24:39"
653,2,21,"19:36:4","6:17:26"
653,3,34,"16:11:45","19:38:10"
653,4,12,"18:44:27","22:11:35"
653,5,89,"22:28:48","12:28:49"
654,1,16,"5:17:42","14:27:54"
654,2,7,"16:42:35","17:41:11"
654,3,77,"10:37:45","6:8:38"
654,4,39,"21:44:22","15:0:50"
654,5,49,"12:49:16","7:32:52"
655,1,51,"15:50:40","10:41:37"
655,2,15,"21:17:56","7:26:40"
655,3,92,"13:57:43","17:49:43"
655,4,36,"7:3:9","21:47:50"
655,5,28,"8:27:43","8:12:13"
656,1,1,"7:2:44","14:2:4"
656,2,70,"6:52:20","5:17:45"
656,3,96,"10:19:36","21:3:17"
656,4,82,"18:17:44","6:49:21"
656,5,59,"13:35:14","10:15:54"
657,1,98,"12:48:12","22:46:53"
657,2,55,"5:36:31","10:53:24"
657,3,37,"5:14:41","22:23:34"
657,4,13,"23:10:53","22:8:26"
657,5,52,"12:8:16","6:16:8"
658,1,11,"7:54:7","11:27:51"
658,2,35,"23:9:42","12:26:41"
658,3,66,"16:12:41","18:36:59"
658,4,84,"6:29:4","19:11:4"
658,5,98,"12:39:44","20:51:7"
659,1,74,"19:9:48","7:44:31"
659,2,15,"5:30:49","16:40:40"
659,3,50,"13:22:16","22:54:59"
659,4,40,"13:26:32","22:46:52"
659,5,41,"10:42:4","6:54:40"
660,1,25,"11:39:57","10:32:31"
660,2,80,"5:44:14","18:44:45"
660,3,75,"7:53:10","20:9:36"
660,4,45,"17:57:57","11:31:35"
660,5,45,"5:9:0","6:48:12"
661,1,76,"6:25:11","13:5:44"
661,2,37,"11:15:32","7:45:36"
661,3,50,"19:21:0","22:36:44"
661,4,76,"19:54:22","15:53:41"
661,5,29,"15:12:10","16:28:39"
662,1,2,"8:32:0","22:1:14"
662,2,40,"11:58:49","11:30:50"
662,3,41,"11:54:41","23:57:8"
662,4,39,"5:23:49","16:37:17"
662,5,32,"18:24:41","23:11:57"
663,1,100,"7:31:24","5:2:42"
663,2,1,"14:59:5","7:53:29"
663,3,55,"10:45:28","18:1:53"
663,4,23,"8:9:48","8:33:36"
663,5,77,"14:50:0","11:28:51"
664,1,85,"11:5:14","16:44:16"
664,2,76,"10:27:22","12:54:21"
664,3,34,"13:20:15","7:42:0"
664,4,53,"9:35:26","16:5:39"
664,5,37,"19:3:3","8:56:39"
665,1,1,"22:22:54","11:38:34"
665,2,59,"21:17:3","6:39:9"
665,3,7,"13:45:17","13:22:53"
665,4,39,"18:36:48","11:58:1"
665,5,28,"20:50:57","9:50:3"
666,1,24,"16:14:35","20:8:33"
666,2,6,"11:33:46","6:8:8"
666,3,78,"21:41:11","14:47:58"
666,4,76,"19:32:45","5:27:18"
666,5,51,"14:5:36","22:21:36"
667,1,72,"7:55:14","21:26:47"
667,2,50,"13:27:36","16:19:11"
667,3,33,"15:11:5","16:50:27"
667,4,14,"7:14:23","9:23:21"
667,5,58,"23:30:24","21:21:52"
668,1,67,"5:15:45","11:53:29"
668,2,41,"13:44:14","21:55:47"
668,3,79,"15:58:1","22:33:8"
668,4,51,"12:52:24","15:50:23"
668,5,84,"8:30:8","12:17:21"
669,1,70,"21:53:33","21:58:31"
669,2,38,"21:33:3","11:38:13"
669,3,16,"9:45:58","11:35:37"
669,4,81,"12:3:36","8:10:15"
669,5,63,"21:40:16","16:10:10"
670,1,68,"20:17:43","22:8:6"
670,2,2,"23:49:42","20:58:12"
670,3,51,"8:19:0","12:55:4"
670,4,8,"18:34:35","9:48:4"
670,5,48,"10:31:38","16:22:12"
671,1,90,"12:31:10","13:29:57"
671,2,52,"5:42:38","17:7:54"
671,3,71,"14:1:12","20:9:59"
671,4,66,"13:36:5","9:44:44"
671,5,11,"18:31:15","17:46:9"
672,1,73,"7:4:21","22:8:22"
672,2,49,"23:18:44","15:34:33"
672,3,100,"12:25:44","16:42:50"
672,4,58,"7:49:0","11:59:21"
672,5,1,"7:11:59","9:34:17"
673,1,72,"16:22:46","18:59:9"
673,2,90,"12:29:12","11:12:7"
673,3,65,"19:10:42","19:21:52"
673,4,40,"15:26:46","10:45:39"
673,5,43,"18:34:56","10:24:54"
674,1,75,"16:24:9","12:45:48"
674,2,66,"12:50:21","9:52:12"
674,3,39,"11:41:19","18:52:54"
674,4,93,"14:17:56","18:53:14"
674,5,38,"15:15:28","12:17:43"
675,1,19,"7:3:28","14:56:30"
675,2,22,"12:33:44","20:57:33"
675,3,3,"22:14:24","17:3:37"
675,4,4,"21:38:52","19:23:27"
675,5,3,"8:49:40","7:13:17"
676,1,18,"16:34:26","22:7:3"
676,2,66,"7:45:56","19:57:50"
676,3,74,"9:37:7","12:55:39"
676,4,10,"15:39:44","12:38:21"
676,5,42,"11:54:0","5:50:32"
677,1,66,"11:53:34","23:40:48"
677,2,40,"8:16:14","23:49:34"
677,3,80,"16:35:0","8:29:25"
677,4,83,"7:54:3","5:44:50"
677,5,38,"5:36:47","12:54:1"
678,1,22,"22:33:0","16:45:28"
678,2,46,"13:56:22","7:20:43"
678,3,71,"9:23:30","11:19:5"
678,4,87,"12:40:27","7:1:19"
678,5,51,"10:49:2","11:59:2"
679,1,77,"11:5:10","10:20:59"
679,2,58,"8:37:4","6:19:26"
679,3,34,"13:32:45","17:5:21"
679,4,51,"23:13:59","5:0:0"
679,5,73,"7:34:47","11:3:47"
680,1,82,"17:4:56","6:31:19"
680,2,61,"18:0:31","8:43:5"
680,3,31,"6:57:45","21:6:41"
680,4,58,"17:17:30","19:28:18"
680,5,90,"12:44:1","23:10:8"
681,1,1,"14:27:1","8:52:33"
681,2,79,"23:29:53","7:33:34"
681,3,57,"18:18:58","23:31:14"
681,4,98,"12:12:56","16:20:13"
681,5,94,"14:1:46","9:9:29"
682,1,17,"22:41:26","19:32:29"
682,2,71,"20:50:7","12:37:20"
682,3,82,"19:31:58","21:43:16"
682,4,92,"23:8:37","17:14:37"
682,5,79,"12:30:48","10:16:4"
683,1,96,"23:51:25","8:45:13"
683,2,52,"12:48:55","5:35:41"
683,3,61,"21:53:57","6:58:27"
683,4,12,"20:22:31","14:14:42"
683,5,45,"16:55:38","6:8:3"
684,1,29,"15:35:2","18:16:12"
684,2,21,"22:47:53","15:53:44"
684,3,58,"19:35:3","7:42:14"
684,4,81,"15:9:53","21:14:0"
684,5,78,"9:25:15","10:41:32"
685,1,32,"12:9:42","10:17:45"
685,2,94,"5:58:23","15:30:48"
685,3,62,"11:29:32","19:37:50"
685,4,31,"8:42:9","17:27:38"
685,5,81,"5:15:39","18:30:13"
686,1,49,"7:31:14","21:58:22"
686,2,64,"21:41:19","22:11:56"
686,3,74,"6:33:19","21:24:58"
686,4,12,"18:46:24","16:48:30"
686,5,70,"13:18:54","9:11:23"
687,1,70,"13:48:0","21:32:54"
687,2,25,"6:24:35","11:18:57"
687,3,45,"12:20:0","13:53:28"
687,4,87,"10:49:24","19:0:55"
687,5,41,"8:23:17","12:1:9"
688,1,45,"18:10:32","9:35:12"
688,2,98,"20:58:48","22:8:27"
688,3,92,"22:26:15","9:24:13"
688,4,14,"23:43:35","12:34:53"
688,5,78,"18:19:41","20:44:58"
689,1,56,"22:6:55","11:33:35"
689,2,15,"20:59:44","7:44:27"
689,3,12,"12:49:41","11:4:45"
689,4,23,"10:27:6","15:8:23"
689,5,45,"7:55:10","21:43:23"
690,1,54,"15:13:47","17:47:6"
690,2,32,"18:54:51","13:22:18"
690,3,55,"8:43:20","10:44:40"
690,4,61,"9:8:37","20:56:32"
690,5,90,"22:20:11","22:46:39"
691,1,58,"12:41:27","11:24:14"
691,2,24,"18:55:31","21:15:13"
691,3,77,"18:36:53","14:2:5"
691,4,45,"9:41:8","21:2:36"
691,5,33,"22:29:16","9:58:48"
692,1,77,"8:15:12","12:39:3"
692,2,13,"20:57:16","22:59:23"
692,3,97,"19:1:18","18:15:17"
692,4,30,"8:58:5","14:34:11"
692,5,92,"11:22:21","16:35:42"
693,1,68,"17:41:40","7:53:2"
693,2,10,"11:23:13","23:37:51"
693,3,92,"8:0:13","14:33:27"
693,4,67,"10:4:56","13:47:48"
693,5,60,"15:1:43","5:3:37"
694,1,85,"22:15:4","15:37:2"
694,2,74,"10:34:18","15:39:8"
694,3,3,"21:44:44","14:6:37"
694,4,3,"19:1:25","13:35:6"
694,5,34,"19:39:37","9:37:30"
695,1,39,"13:12:37","19:52:35"
695,2,65,"19:52:31","15:1:8"
695,3,86,"22:39:38","11:59:14"
695,4,6,"23:47:52","20:36:9"
695,5,24,"7:55:12","17:15:48"
696,1,81,"9:51:20","11:14:57"
696,2,14,"20:30:20","18:31:12"
696,3,35,"8:12:23","5:5:26"
696,4,23,"17:44:46","11:35:50"
696,5,18,"5:33:24","20:50:51"
697,1,64,"22:3:46","15:19:24"
697,2,13,"11:34:6","10:15:25"
697,3,65,"18:9:1","7:7:4"
697,4,24,"18:32:42","17:1:36"
697,5,44,"6:13:17","6:50:15"
698,1,22,"19:31:49","7:0:59"
698,2,82,"12:56:21","9:34:21"
698,3,78,"12:34:4","7:22:55"
698,4,41,"17:7:47","18:59:2"
698,5,87,"13:54:26","20:21:9"
699,1,89,"9:17:57","6:30:44"
699,2,68,"10:57:24","16:37:43"
699,3,80,"23:3:10","6:9:1"
699,4,27,"5:33:55","13:21:36"
699,5,41,"6:1:19","22:4:30"
700,1,100,"22:42:33","5:28:33"
700,2,67,"16:24:25","8:34:46"
700,3,82,"11:1:34","22:50:13"
700,4,8,"6:18:42","14:43:52"
700,5,42,"12:54:58","5:30:36"
701,1,42,"21:55:14","15:25:14"
701,2,10,"17:30:1","13:52:12"
701,3,49,"11:46:50","11:16:17"
701,4,24,"23:42:46","5:15:5"
701,5,52,"11:52:43","12:58:56"
702,1,22,"17:39:41","10:16:54"
702,2,20,"7:50:41","10:13:55"
702,3,19,"19:44:4","14:49:37"
702,4,45,"15:54:8","21:17:46"
702,5,97,"5:9:40","5:58:19"
703,1,51,"15:22:21","16:14:53"
703,2,41,"9:53:15","7:55:23"
703,3,64,"17:13:18","6:57:41"
703,4,100,"18:36:19","6:28:53"
703,5,32,"13:26:6","12:38:45"
704,1,54,"15:7:46","13:8:34"
704,2,93,"13:41:44","5:55:37"
704,3,41,"14:34:22","6:44:40"
704,4,74,"9:5:38","21:24:46"
704,5,85,"10:47:25","9:50:45"
705,1,49,"18:22:42","13:54:27"
705,2,96,"22:9:58","18:19:0"
705,3,91,"16:54:46","6:17:2"
705,4,97,"16:24:17","20:53:52"
705,5,4,"5:42:14","22:55:16"
706,1,49,"9:51:30","9:31:36"
706,2,13,"18:43:44","6:22:29"
706,3,45,"22:3:46","7:5:4"
706,4,36,"23:40:3","7:10:28"
706,5,39,"20:30:0","12:21:6"
707,1,56,"16:2:58","21:27:13"
707,2,51,"21:34:1","8:49:7"
707,3,78,"13:52:36","20:14:1"
707,4,22,"11:41:3","20:27:29"
707,5,39,"21:35:48","20:29:33"
708,1,76,"19:34:57","16:18:27"
708,2,27,"16:23:22","20:1:6"
708,3,6,"17:56:57","7:57:8"
708,4,40,"14:48:53","12:59:13"
708,5,98,"17:11:24","10:7:57"
709,1,45,"16:44:19","15:35:16"
709,2,4,"18:30:13","10:4:32"
709,3,67,"11:55:17","13:58:41"
709,4,64,"19:42:4","17:30:41"
709,5,69,"23:6:3","9:33:26"
710,1,17,"18:56:17","8:55:51"
710,2,37,"5:52:30","14:43:8"
710,3,10,"15:46:1","5:33:5"
710,4,5,"21:24:59","23:52:16"
710,5,59,"14:6:55","6:14:36"
711,1,43,"20:26:45","10:38:0"
711,2,4,"6:26:2","20:36:17"
711,3,60,"13:57:4","19:30:53"
711,4,48,"18:27:56","12:5:21"
711,5,58,"7:5:20","20:39:13"
712,1,72,"12:58:39","14:39:48"
712,2,96,"14:17:7","7:29:42"
712,3,89,"5:42:33","6:14:32"
712,4,64,"15:22:47","15:10:7"
712,5,12,"5:35:16","8:49:10"
713,1,16,"18:21:32","13:29:5"
713,2,5,"13:55:12","13:6:42"
713,3,56,"20:45:14","12:32:19"
713,4,94,"11:2:16","13:5:0"
713,5,55,"17:16:8","12:44:41"
714,1,67,"7:20:11","6:19:43"
714,2,70,"21:9:28","23:32:2"
714,3,84,"5:35:17","22:28:39"
714,4,64,"7:21:22","8:51:57"
714,5,45,"12:36:11","13:42:20"
715,1,48,"19:47:22","10:59:58"
715,2,9,"13:14:46","15:52:50"
715,3,20,"5:3:15","6:5:57"
715,4,22,"8:51:51","7:21:35"
715,5,35,"15:35:43","23:46:44"
716,1,83,"8:13:37","10:19:1"
716,2,74,"9:25:43","5:35:14"
716,3,31,"21:29:2","6:0:53"
716,4,90,"10:58:16","11:39:48"
716,5,83,"9:53:3","12:1:21"
717,1,78,"18:42:50","22:17:36"
717,2,58,"8:46:41","22:5:8"
717,3,24,"7:57:46","21:35:21"
717,4,54,"16:11:15","13:16:51"
717,5,38,"21:26:10","19:54:7"
718,1,17,"22:36:46","10:49:14"
718,2,66,"5:47:16","18:0:14"
718,3,23,"15:10:21","17:51:47"
718,4,69,"15:6:14","16:1:47"
718,5,83,"19:27:30","7:11:54"
719,1,33,"19:2:43","7:24:34"
719,2,54,"21:4:57","10:54:8"
719,3,13,"14:57:49","22:15:59"
719,4,4,"21:15:9","17:26:30"
719,5,32,"13:15:50","21:53:45"
720,1,76,"20:22:14","19:9:56"
720,2,65,"22:51:44","18:49:2"
720,3,40,"6:57:9","11:1:16"
720,4,13,"7:42:52","22:42:30"
720,5,95,"19:20:5","14:47:57"
721,1,66,"9:48:16","12:48:2"
721,2,25,"11:26:56","17:41:55"
721,3,20,"9:48:49","20:55:54"
721,4,43,"14:57:44","23:41:16"
721,5,50,"23:14:19","8:58:8"
722,1,80,"14:31:16","17:42:29"
722,2,53,"16:38:46","7:19:41"
722,3,60,"20:3:42","14:31:6"
722,4,5,"9:22:7","7:1:21"
722,5,19,"11:41:28","19:47:53"
723,1,64,"11:7:43","8:10:50"
723,2,2,"19:21:10","16:27:50"
723,3,47,"16:21:14","19:24:55"
723,4,89,"21:12:18","11:18:9"
723,5,48,"16:7:56","14:4:1"
724,1,48,"18:51:0","9:29:15"
724,2,55,"9:54:21","6:20:14"
724,3,64,"17:3:18","23:15:4"
724,4,84,"8:26:49","22:6:57"
724,5,48,"11:49:58","20:56:40"
725,1,73,"17:52:3","8:44:59"
725,2,39,"18:25:42","6:59:24"
725,3,60,"23:56:58","10:22:23"
725,4,71,"13:44:16","15:42:9"
725,5,87,"17:53:1","22:50:48"
726,1,18,"16:5:42","21:6:27"
726,2,92,"14:48:31","9:44:19"
726,3,62,"20:56:46","22:14:1"
726,4,91,"21:44:37","23:27:31"
726,5,46,"9:36:36","11:13:55"
727,1,84,"16:55:39","19:20:26"
727,2,71,"14:43:50","22:12:31"
727,3,62,"19:1:46","23:8:29"
727,4,74,"18:36:56","7:59:34"
727,5,45,"9:41:39","21:54:33"
728,1,30,"9:41:30","8:4:41"
728,2,19,"10:26:27","13:5:28"
728,3,17,"10:15:39","22:20:25"
728,4,29,"15:7:19","15:46:19"
728,5,4,"22:40:31","19:14:53"
729,1,31,"20:37:13","20:24:15"
729,2,27,"23:7:4","13:56:56"
729,3,95,"23:11:37","19:18:5"
729,4,10,"9:59:55","11:20:20"
729,5,18,"16:55:38","13:54:9"
730,1,62,"5:29:43","17:56:53"
730,2,86,"13:46:0","5:18:52"
730,3,5,"12:25:17","22:12:34"
730,4,84,"15:22:13","15:0:37"
730,5,12,"7:24:21","16:57:33"
731,1,49,"15:48:24","16:33:32"
731,2,73,"15:22:50","23:41:49"
731,3,49,"20:35:42","11:3:23"
731,4,65,"12:18:59","6:47:44"
731,5,33,"5:8:21","15:20:35"
732,1,7,"5:42:52","7:23:14"
732,2,92,"11:49:21","19:53:59"
732,3,48,"17:25:31","15:6:58"
732,4,97,"7:47:58","8:16:58"
732,5,38,"16:28:46","16:54:19"
733,1,14,"10:56:30","20:57:3"
733,2,15,"17:51:20","21:5:14"
733,3,25,"20:46:14","18:17:23"
733,4,67,"23:12:8","15:53:33"
733,5,16,"23:20:55","5:51:35"
734,1,87,"17:7:27","14:1:47"
734,2,70,"9:36:16","9:50:32"
734,3,54,"15:1:50","17:56:42"
734,4,47,"6:29:29","5:2:6"
734,5,69,"15:33:46","5:56:58"
735,1,61,"5:44:32","9:55:44"
735,2,2,"9:42:22","17:22:24"
735,3,20,"8:54:29","6:30:31"
735,4,23,"13:26:33","11:18:21"
735,5,62,"22:56:44","8:39:57"
736,1,10,"23:0:54","19:42:49"
736,2,93,"16:13:54","5:13:13"
736,3,39,"8:20:57","20:25:6"
736,4,93,"19:16:19","17:20:42"
736,5,32,"16:18:18","16:17:14"
737,1,45,"5:39:48","19:26:8"
737,2,3,"7:40:19","5:4:30"
737,3,31,"22:32:23","12:19:43"
737,4,61,"13:5:4","23:35:34"
737,5,14,"18:27:13","12:53:20"
738,1,57,"6:59:18","23:20:27"
738,2,73,"21:33:37","15:25:2"
738,3,47,"23:56:36","9:8:8"
738,4,67,"19:28:58","20:12:51"
738,5,91,"17:54:14","6:23:18"
739,1,59,"5:8:47","20:29:34"
739,2,88,"9:6:52","16:41:6"
739,3,16,"5:46:44","10:56:3"
739,4,97,"12:37:59","6:16:35"
739,5,4,"21:54:42","22:29:53"
740,1,98,"23:29:58","15:14:25"
740,2,17,"21:20:59","6:7:10"
740,3,77,"7:14:24","10:51:22"
740,4,95,"18:18:46","17:48:30"
740,5,6,"10:35:35","15:5:2"
741,1,84,"10:41:32","5:21:52"
741,2,34,"7:18:23","17:2:30"
741,3,81,"9:56:20","12:57:33"
741,4,89,"23:45:25","15:55:13"
741,5,47,"8:46:39","15:59:45"
742,1,79,"20:27:48","15:34:58"
742,2,50,"17:38:31","8:17:31"
742,3,94,"11:27:8","13:38:20"
742,4,70,"14:52:58","13:16:27"
742,5,74,"20:23:49","11:41:56"
743,1,18,"20:24:31","18:41:31"
743,2,13,"9:57:46","23:23:57"
743,3,65,"22:44:14","5:47:54"
743,4,3,"5:12:57","19:57:5"
743,5,19,"8:47:10","13:23:56"
744,1,87,"5:25:13","6:33:5"
744,2,17,"20:52:22","17:21:2"
744,3,17,"20:28:12","17:47:3"
744,4,80,"11:12:53","10:7:34"
744,5,46,"21:48:54","13:34:48"
745,1,15,"9:42:49","7:32:52"
745,2,51,"7:5:32","11:33:19"
745,3,1,"7:45:12","16:42:42"
745,4,77,"5:56:46","19:0:5"
745,5,32,"20:57:23","16:37:41"
746,1,95,"17:38:34","13:3:19"
746,2,33,"16:49:36","17:34:25"
746,3,62,"10:18:59","20:58:45"
746,4,64,"6:38:2","15:10:11"
746,5,59,"15:19:32","19:48:4"
747,1,35,"20:49:53","15:22:29"
747,2,18,"14:55:52","23:34:20"
747,3,18,"11:18:31","22:6:54"
747,4,28,"10:15:26","8:58:18"
747,5,80,"13:37:37","21:11:17"
748,1,37,"5:5:9","23:56:14"
748,2,52,"7:14:34","9:10:10"
748,3,97,"17:56:26","9:46:37"
748,4,59,"17:28:35","13:59:47"
748,5,80,"9:15:22","11:7:9"
749,1,46,"20:29:26","16:45:39"
749,2,81,"5:59:38","13:59:42"
749,3,23,"18:34:38","10:47:8"
749,4,2,"19:31:17","15:56:28"
749,5,63,"16:23:48","21:15:30"
750,1,13,"11:16:45","8:6:47"
750,2,51,"8:24:8","17:46:57"
750,3,78,"5:41:45","14:45:5"
750,4,47,"22:19:18","14:18:50"
750,5,47,"7:31:26","7:4:40"
751,1,12,"20:16:6","9:54:28"
751,2,67,"16:36:15","12:24:24"
751,3,15,"22:37:13","21:55:35"
751,4,61,"6:35:14","17:35:0"
751,5,23,"10:52:17","10:5:4"
752,1,53,"16:58:19","17:50:4"
752,2,52,"6:25:11","21:51:33"
752,3,61,"12:20:49","11:0:42"
752,4,15,"22:15:16","19:14:24"
752,5,81,"17:36:36","18:48:32"
753,1,42,"7:45:46","13:15:3"
753,2,40,"7:28:37","18:35:21"
753,3,49,"23:27:33","23:10:16"
753,4,61,"6:4:13","22:57:44"
753,5,57,"10:55:45","19:12:51"
754,1,4,"18:19:53","23:30:11"
754,2,55,"17:56:58","22:45:48"
754,3,74,"8:29:56","21:29:20"
754,4,33,"21:29:5","19:27:30"
754,5,92,"8:19:1","23:17:28"
755,1,89,"6:5:17","7:58:13"
755,2,23,"16:9:46","17:50:14"
755,3,28,"14:51:43","23:32:2"
755,4,33,"13:49:43","14:9:44"
755,5,63,"21:40:21","6:4:31"
756,1,70,"17:28:29","11:34:29"
756,2,60,"5:52:35","9:27:36"
756,3,51,"8:0:46","12:44:46"
756,4,81,"18:58:30","6:8:30"
756,5,54,"21:49:52","10:54:9"
757,1,68,"8:44:33","20:24:7"
757,2,38,"5:39:40","7:15:0"
757,3,78,"16:58:49","14:28:57"
757,4,9,"23:12:27","8:45:35"
757,5,8,"13:13:7","23:38:11"
758,1,15,"14:54:30","17:28:37"
758,2,97,"5:11:16","12:13:52"
758,3,67,"14:58:10","12:34:31"
758,4,42,"8:2:43","18:31:31"
758,5,98,"14:0:28","21:34:7"
759,1,6,"17:35:35","18:13:14"
759,2,80,"21:36:22","12:25:39"
759,3,90,"16:51:25","17:12:58"
759,4,52,"21:52:32","14:22:25"
759,5,43,"6:5:37","10:13:50"
760,1,10,"17:25:22","18:7:6"
760,2,68,"10:19:28","22:29:44"
760,3,96,"12:17:50","15:3:46"
760,4,32,"14:16:30","17:22:2"
760,5,80,"18:36:55","16:28:21"
761,1,5,"5:48:1","19:32:36"
761,2,16,"10:8:2","15:30:52"
761,3,73,"13:42:17","14:30:28"
761,4,89,"12:47:4","23:47:32"
761,5,36,"22:55:46","9:10:11"
762,1,74,"8:10:10","17:8:58"
762,2,2,"18:2:30","6:58:56"
762,3,37,"17:18:35","14:43:18"
762,4,28,"20:56:46","16:14:55"
762,5,18,"21:7:55","6:29:32"
763,1,90,"15:24:45","5:48:40"
763,2,86,"8:40:10","5:17:39"
763,3,70,"5:39:9","7:7:0"
763,4,12,"10:35:59","17:47:16"
763,5,96,"19:52:1","15:56:4"
764,1,97,"20:35:26","5:15:49"
764,2,43,"9:23:57","11:48:54"
764,3,84,"5:29:55","5:39:19"
764,4,47,"11:34:43","21:34:39"
764,5,58,"6:3:18","11:10:8"
765,1,92,"8:59:59","19:31:27"
765,2,49,"15:8:46","9:50:10"
765,3,22,"8:59:16","5:57:48"
765,4,82,"20:31:5","17:13:32"
765,5,52,"23:33:46","12:2:13"
766,1,27,"6:6:6","16:9:57"
766,2,10,"22:2:22","20:13:1"
766,3,4,"6:46:40","8:56:41"
766,4,29,"5:46:23","9:28:38"
766,5,13,"16:52:5","8:31:18"
767,1,4,"22:45:0","18:17:8"
767,2,27,"23:18:15","16:3:49"
767,3,95,"21:58:33","20:50:54"
767,4,58,"7:14:54","14:39:48"
767,5,93,"19:52:45","22:5:32"
768,1,13,"15:33:36","5:22:49"
768,2,42,"18:4:56","13:0:54"
768,3,38,"10:42:41","18:17:4"
768,4,20,"23:24:14","12:48:8"
768,5,71,"17:32:23","10:26:34"
769,1,10,"22:39:59","9:51:54"
769,2,59,"13:57:31","7:19:12"
769,3,7,"22:11:37","12:41:35"
769,4,88,"21:50:12","7:1:21"
769,5,88,"14:50:31","21:13:38"
770,1,16,"20:37:53","22:38:32"
770,2,17,"18:27:24","16:52:26"
770,3,38,"6:16:6","15:5:46"
770,4,27,"22:44:26","7:52:31"
770,5,62,"10:42:21","19:16:55"
771,1,15,"16:37:5","10:52:2"
771,2,71,"7:40:47","12:25:32"
771,3,11,"10:7:9","16:55:55"
771,4,63,"18:31:59","14:55:51"
771,5,5,"23:39:1","11:57:54"
772,1,36,"23:57:45","11:5:31"
772,2,59,"22:5:57","17:55:11"
772,3,24,"12:7:26","5:53:2"
772,4,71,"9:11:6","21:59:17"
772,5,60,"18:25:31","23:53:12"
773,1,59,"15:24:1","5:42:31"
773,2,58,"22:37:43","8:13:52"
773,3,15,"8:7:30","22:58:52"
773,4,12,"11:54:9","15:46:55"
773,5,52,"9:46:34","11:10:32"
774,1,92,"11:17:2","12:30:23"
774,2,83,"8:13:21","19:36:18"
774,3,59,"11:10:7","6:4:24"
774,4,75,"21:5:14","19:20:4"
774,5,37,"18:25:11","15:27:11"
775,1,11,"10:18:27","13:20:46"
775,2,3,"5:10:43","23:18:16"
775,3,39,"8:6:43","17:37:18"
775,4,23,"8:38:6","16:41:1"
775,5,85,"17:38:36","16:48:17"
776,1,85,"14:43:18","5:56:43"
776,2,35,"13:48:6","17:33:26"
776,3,34,"13:55:36","20:1:36"
776,4,45,"7:53:0","14:3:46"
776,5,29,"16:25:7","16:34:50"
777,1,21,"6:14:53","14:40:30"
777,2,77,"22:56:11","21:33:11"
777,3,6,"20:15:47","19:38:7"
777,4,62,"22:39:10","7:23:29"
777,5,51,"20:5:9","11:27:22"
778,1,9,"12:17:39","14:28:6"
778,2,35,"19:45:38","16:55:14"
778,3,75,"12:4:37","12:58:20"
778,4,93,"15:26:25","19:40:37"
778,5,96,"21:23:51","15:18:40"
779,1,6,"7:35:18","10:48:30"
779,2,53,"9:35:36","16:34:37"
779,3,92,"5:17:20","12:7:34"
779,4,60,"23:29:36","19:45:56"
779,5,94,"19:6:43","6:47:37"
780,1,54,"12:40:6","16:44:57"
780,2,22,"22:36:9","5:17:20"
780,3,62,"11:50:42","19:12:55"
780,4,19,"19:59:37","6:30:7"
780,5,76,"6:48:48","15:32:13"
781,1,83,"7:6:5","7:29:41"
781,2,73,"6:23:35","16:43:14"
781,3,98,"7:1:6","6:17:49"
781,4,39,"19:52:2","20:14:9"
781,5,88,"12:44:49","8:26:46"
782,1,10,"19:4:17","22:0:28"
782,2,58,"13:21:26","19:56:58"
782,3,74,"16:20:56","19:35:15"
782,4,87,"10:0:59","5:4:53"
782,5,7,"11:37:37","11:18:25"
783,1,64,"17:29:9","15:2:43"
783,2,35,"22:11:44","23:13:36"
783,3,40,"12:1:0","19:25:47"
783,4,77,"12:53:10","15:22:9"
783,5,45,"7:55:33","5:38:13"
784,1,73,"10:37:0","10:58:46"
784,2,29,"20:20:23","14:6:8"
784,3,78,"13:18:7","7:25:58"
784,4,84,"5:23:28","8:19:34"
784,5,89,"7:32:20","14:34:55"
785,1,86,"5:50:36","7:34:32"
785,2,37,"20:24:15","10:19:46"
785,3,37,"9:40:31","12:48:39"
785,4,81,"10:14:10","13:3:19"
785,5,80,"9:31:45","5:23:15"
786,1,85,"11:17:25","18:11:33"
786,2,32,"11:34:58","9:1:5"
786,3,73,"7:10:29","16:23:55"
786,4,44,"7:9:47","19:22:21"
786,5,52,"7:59:27","16:0:57"
787,1,13,"23:57:9","9:22:33"
787,2,54,"7:10:23","8:44:58"
787,3,58,"13:51:46","19:47:23"
787,4,94,"21:5:38","15:7:58"
787,5,99,"22:32:9","6:30:12"
788,1,42,"19:12:13","12:16:5"
788,2,87,"10:58:11","9:15:21"
788,3,43,"8:45:25","8:43:24"
788,4,11,"22:39:56","18:32:58"
788,5,34,"11:30:33","6:45:15"
789,1,13,"5:11:50","21:15:52"
789,2,43,"13:55:20","19:17:28"
789,3,94,"23:45:19","16:35:25"
789,4,30,"14:58:29","20:38:40"
789,5,32,"12:5:29","19:54:4"
790,1,95,"16:8:37","13:52:53"
790,2,37,"18:3:13","5:15:9"
790,3,44,"9:28:3","6:34:9"
790,4,28,"14:8:15","6:52:23"
790,5,9,"13:34:47","21:51:58"
791,1,21,"8:51:49","12:56:45"
791,2,28,"14:8:20","7:32:53"
791,3,51,"8:45:58","5:2:27"
791,4,29,"14:52:28","12:21:25"
791,5,72,"6:18:51","15:31:5"
792,1,29,"12:36:0","21:19:1"
792,2,48,"6:17:21","7:42:20"
792,3,87,"13:56:40","11:4:15"
792,4,82,"20:38:55","13:44:10"
792,5,48,"9:47:52","15:22:9"
793,1,18,"14:12:53","17:46:31"
793,2,49,"9:26:44","10:4:46"
793,3,11,"5:54:14","13:17:52"
793,4,83,"8:7:23","11:58:19"
793,5,3,"16:27:2","5:42:14"
794,1,30,"16:6:46","12:50:50"
794,2,12,"9:56:26","10:54:39"
794,3,1,"23:4:23","17:18:27"
794,4,10,"7:58:3","20:45:36"
794,5,28,"6:55:40","19:35:1"
795,1,27,"20:9:45","9:34:14"
795,2,65,"22:54:6","14:37:20"
795,3,56,"21:42:20","18:33:53"
795,4,17,"15:59:44","8:7:39"
795,5,58,"9:21:13","10:30:15"
796,1,15,"18:36:39","23:6:19"
796,2,53,"18:5:50","6:29:57"
796,3,25,"22:54:40","16:20:47"
796,4,23,"19:19:5","7:32:40"
796,5,30,"7:8:51","22:15:10"
797,1,12,"14:31:43","13:23:4"
797,2,91,"15:32:53","15:48:36"
797,3,62,"7:45:35","9:40:4"
797,4,59,"16:31:57","13:22:35"
797,5,75,"15:58:14","7:3:7"
798,1,35,"13:50:53","17:52:4"
798,2,10,"16:21:19","17:57:0"
798,3,99,"18:52:53","8:40:58"
798,4,29,"6:15:43","10:1:45"
798,5,57,"9:0:59","10:45:23"
799,1,4,"9:21:27","16:34:11"
799,2,84,"21:29:22","5:4:11"
799,3,68,"7:35:26","5:27:5"
799,4,50,"12:5:3","11:58:30"
799,5,64,"19:18:49","23:32:46"
800,1,76,"18:42:12","11:14:55"
800,2,52,"23:13:12","21:10:7"
800,3,5,"9:32:18","13:25:17"
800,4,25,"13:45:28","5:27:5"
800,5,29,"20:3:48","14:40:4"
801,1,44,"6:15:54","23:59:15"
801,2,95,"15:40:12","9:32:6"
801,3,9,"10:17:30","23:18:32"
801,4,98,"16:5:8","12:6:2"
801,5,87,"19:38:42","5:54:54"
802,1,13,"10:55:51","13:54:1"
802,2,28,"7:7:52","8:13:13"
802,3,67,"9:44:40","16:28:8"
802,4,45,"9:38:47","8:27:33"
802,5,95,"11:31:41","23:9:37"
803,1,14,"11:22:51","7:46:20"
803,2,68,"20:16:49","18:50:58"
803,3,83,"17:45:45","18:44:39"
803,4,79,"7:12:43","13:0:36"
803,5,88,"16:35:29","15:6:29"
804,1,60,"13:42:55","6:55:0"
804,2,74,"15:8:42","16:20:36"
804,3,95,"23:59:51","19:55:20"
804,4,35,"8:51:4","18:0:28"
804,5,48,"18:23:35","10:50:23"
805,1,88,"18:37:28","6:56:20"
805,2,12,"14:5:31","19:43:54"
805,3,88,"19:16:0","8:57:27"
805,4,33,"9:54:25","16:25:17"
805,5,17,"21:16:4","17:37:27"
806,1,59,"7:59:32","6:57:29"
806,2,66,"7:33:32","17:46:48"
806,3,6,"22:6:33","23:35:31"
806,4,78,"23:24:31","8:20:26"
806,5,96,"10:59:17","21:5:11"
807,1,5,"7:4:59","16:52:4"
807,2,62,"13:32:29","14:44:57"
807,3,86,"12:26:24","9:34:31"
807,4,71,"15:10:45","14:46:34"
807,5,29,"21:49:26","21:24:30"
808,1,15,"7:4:29","21:11:55"
808,2,65,"8:28:6","9:53:9"
808,3,45,"19:32:3","16:18:47"
808,4,58,"7:50:4","6:19:55"
808,5,88,"11:15:10","8:41:36"
809,1,72,"12:6:34","18:58:31"
809,2,90,"20:37:10","12:29:3"
809,3,77,"11:32:3","21:59:32"
809,4,28,"17:48:40","10:53:24"
809,5,39,"22:6:11","11:18:44"
810,1,89,"5:13:17","19:34:54"
810,2,87,"16:32:19","22:12:13"
810,3,49,"8:28:5","20:0:52"
810,4,85,"5:4:35","9:21:52"
810,5,51,"11:30:25","13:36:3"
811,1,46,"9:12:56","10:17:24"
811,2,13,"15:55:33","11:10:56"
811,3,54,"8:29:31","19:54:54"
811,4,29,"9:17:9","13:29:43"
811,5,90,"20:46:53","9:41:55"
812,1,69,"8:1:49","23:51:0"
812,2,100,"8:44:15","5:15:24"
812,3,69,"9:20:58","12:46:17"
812,4,81,"21:27:37","23:16:19"
812,5,93,"8:43:29","9:32:29"
813,1,64,"20:27:23","7:20:11"
813,2,64,"15:33:27","19:22:29"
813,3,68,"16:27:6","16:12:56"
813,4,1,"14:34:0","13:48:15"
813,5,18,"5:38:3","13:0:13"
814,1,20,"8:57:43","23:21:57"
814,2,43,"19:23:18","16:42:28"
814,3,61,"23:57:10","17:43:22"
814,4,72,"14:42:28","21:24:30"
814,5,88,"12:33:28","18:53:6"
815,1,85,"18:52:33","7:50:38"
815,2,28,"10:55:0","18:13:15"
815,3,14,"16:16:44","17:26:53"
815,4,97,"15:52:1","19:35:11"
815,5,68,"7:46:34","13:55:5"
816,1,74,"22:6:27","19:35:12"
816,2,8,"7:48:18","11:5:55"
816,3,54,"22:58:49","8:51:54"
816,4,87,"9:19:57","11:14:54"
816,5,70,"12:18:4","21:10:14"
817,1,10,"5:34:38","8:17:26"
817,2,14,"17:38:45","15:59:19"
817,3,64,"23:11:29","5:36:35"
817,4,50,"17:2:4","17:29:46"
817,5,8,"10:40:0","18:16:53"
818,1,67,"6:12:56","13:57:31"
818,2,78,"16:58:20","20:18:22"
818,3,68,"7:6:37","7:46:28"
818,4,56,"19:8:26","11:48:3"
818,5,10,"14:33:5","22:23:33"
819,1,75,"16:12:33","9:19:1"
819,2,97,"11:52:28","16:25:18"
819,3,99,"18:47:34","15:4:46"
819,4,50,"12:58:45","12:59:31"
819,5,83,"15:40:38","9:53:4"
820,1,65,"20:44:8","8:40:42"
820,2,56,"15:4:54","11:29:30"
820,3,54,"8:22:51","14:14:13"
820,4,32,"9:25:58","13:23:18"
820,5,60,"13:8:2","19:20:18"
821,1,69,"6:27:28","23:54:31"
821,2,7,"12:42:23","18:39:54"
821,3,31,"22:9:10","23:35:16"
821,4,36,"12:51:58","21:46:14"
821,5,81,"19:35:56","8:5:56"
822,1,75,"5:41:25","22:16:29"
822,2,55,"20:34:53","18:28:28"
822,3,31,"16:17:20","10:56:30"
822,4,18,"10:12:49","20:18:7"
822,5,44,"6:43:49","17:28:24"
823,1,11,"12:43:0","16:53:2"
823,2,11,"20:47:55","11:20:40"
823,3,23,"8:30:24","6:13:18"
823,4,70,"19:27:2","21:52:10"
823,5,54,"7:18:35","16:6:31"
824,1,89,"11:45:38","13:16:13"
824,2,28,"6:8:45","7:4:14"
824,3,44,"19:39:1","8:28:15"
824,4,14,"21:48:58","5:4:4"
824,5,82,"15:59:17","21:8:32"
825,1,69,"18:54:24","16:13:55"
825,2,52,"9:49:16","11:3:36"
825,3,82,"16:13:47","5:32:13"
825,4,92,"14:29:50","6:7:8"
825,5,42,"5:13:10","19:51:0"
826,1,86,"23:3:42","18:30:41"
826,2,53,"16:31:31","6:4:51"
826,3,77,"20:8:10","10:54:22"
826,4,2,"14:6:27","18:30:57"
826,5,95,"19:18:34","11:58:1"
827,1,6,"5:18:52","10:17:1"
827,2,30,"8:39:39","7:54:18"
827,3,37,"16:48:19","7:57:14"
827,4,89,"9:40:42","9:34:5"
827,5,30,"9:29:36","5:53:34"
828,1,18,"9:34:38","14:2:15"
828,2,90,"17:49:2","5:15:1"
828,3,34,"8:32:25","8:8:11"
828,4,20,"9:34:27","8:36:7"
828,5,46,"22:47:25","16:51:52"
829,1,73,"17:36:22","19:53:8"
829,2,73,"11:10:29","21:38:51"
829,3,15,"14:25:6","11:47:22"
829,4,88,"17:44:10","14:2:57"
829,5,67,"10:35:26","13:19:48"
830,1,30,"17:14:46","6:56:24"
830,2,44,"12:42:0","12:14:37"
830,3,28,"12:22:2","10:2:47"
830,4,64,"19:4:15","12:8:5"
830,5,41,"19:23:41","22:52:19"
831,1,61,"21:39:14","9:50:45"
831,2,43,"6:40:24","15:23:58"
831,3,60,"21:11:29","21:18:8"
831,4,78,"9:31:7","21:52:29"
831,5,41,"14:0:7","7:21:55"
832,1,68,"22:25:50","22:35:17"
832,2,20,"18:27:33","17:17:21"
832,3,67,"12:36:17","23:30:5"
832,4,88,"8:45:46","14:26:48"
832,5,87,"20:8:22","19:26:46"
833,1,56,"14:57:24","7:29:25"
833,2,55,"17:27:16","9:22:36"
833,3,42,"14:46:2","21:9:41"
833,4,8,"6:37:41","12:6:13"
833,5,85,"23:33:55","8:14:19"
834,1,4,"18:1:32","11:1:42"
834,2,34,"5:11:53","5:32:1"
834,3,56,"14:36:34","22:38:37"
834,4,89,"6:33:4","15:6:37"
834,5,90,"22:51:14","23:30:20"
835,1,89,"19:34:9","17:58:7"
835,2,89,"16:46:45","8:20:55"
835,3,38,"11:7:35","22:17:21"
835,4,58,"22:15:40","5:45:50"
835,5,32,"22:59:7","17:44:20"
836,1,36,"21:3:35","14:35:51"
836,2,82,"14:22:15","21:18:2"
836,3,32,"23:5:58","19:24:27"
836,4,6,"10:6:29","6:58:54"
836,5,41,"7:4:40","20:56:18"
837,1,2,"8:58:1","8:39:42"
837,2,86,"21:24:54","8:4:25"
837,3,59,"12:49:22","7:12:42"
837,4,52,"21:11:5","15:0:50"
837,5,59,"8:53:40","10:0:31"
838,1,85,"9:43:10","23:48:18"
838,2,69,"15:54:38","13:55:45"
838,3,35,"22:8:10","23:28:43"
838,4,35,"7:1:8","15:19:53"
838,5,93,"19:3:19","19:27:14"
839,1,49,"12:42:20","11:14:45"
839,2,71,"19:25:23","17:9:21"
839,3,66,"15:44:5","19:23:39"
839,4,51,"21:15:5","7:57:46"
839,5,77,"17:11:13","19:13:44"
840,1,39,"15:35:11","16:19:1"
840,2,65,"11:36:18","15:4:4"
840,3,75,"7:18:1","16:52:26"
840,4,30,"23:52:48","5:56:29"
840,5,7,"22:21:25","6:3:22"
841,1,8,"5:1:47","14:46:0"
841,2,28,"19:27:16","5:34:30"
841,3,64,"20:47:39","13:57:42"
841,4,29,"12:26:31","17:33:26"
841,5,13,"8:57:39","9:2:28"
842,1,67,"21:41:20","12:13:4"
842,2,2,"20:13:45","10:34:29"
842,3,79,"19:4:53","10:25:22"
842,4,7,"10:51:55","10:38:46"
842,5,90,"10:29:53","5:24:50"
843,1,21,"21:35:49","18:42:29"
843,2,94,"6:2:30","21:42:36"
843,3,55,"23:26:3","6:57:5"
843,4,17,"14:34:50","19:28:19"
843,5,35,"7:41:48","8:4:3"
844,1,9,"21:11:58","9:57:50"
844,2,82,"6:4:3","19:34:49"
844,3,38,"10:15:22","13:38:37"
844,4,71,"15:24:23","14:22:47"
844,5,55,"8:4:55","12:24:0"
845,1,46,"23:52:12","16:14:0"
845,2,54,"8:58:32","16:56:35"
845,3,42,"14:19:54","17:34:40"
845,4,36,"6:50:30","22:52:43"
845,5,85,"22:25:58","12:8:3"
846,1,68,"11:47:58","9:54:52"
846,2,43,"5:2:23","18:13:12"
846,3,74,"8:7:15","9:7:10"
846,4,48,"12:8:17","19:14:23"
846,5,21,"11:46:28","17:5:39"
847,1,22,"14:5:7","10:22:59"
847,2,23,"10:44:46","11:40:38"
847,3,16,"19:59:27","8:52:51"
847,4,5,"23:29:7","10:18:0"
847,5,7,"18:31:54","22:5:19"
848,1,41,"15:12:32","23:9:33"
848,2,19,"14:36:16","22:53:47"
848,3,16,"18:7:56","23:21:56"
848,4,32,"5:51:28","13:13:35"
848,5,66,"11:8:25","16:26:4"
849,1,34,"17:1:40","19:28:8"
849,2,52,"13:3:39","8:1:54"
849,3,64,"13:11:4","10:35:14"
849,4,23,"12:7:46","9:16:41"
849,5,36,"8:58:38","11:35:41"
850,1,9,"12:30:54","5:7:50"
850,2,29,"16:16:43","15:39:29"
850,3,34,"14:4:56","15:17:31"
850,4,69,"6:38:52","12:1:6"
850,5,61,"22:11:32","5:0:43"
851,1,50,"17:48:10","13:1:47"
851,2,97,"15:34:55","23:38:53"
851,3,100,"9:40:24","12:26:22"
851,4,55,"11:32:25","10:32:59"
851,5,6,"13:13:20","10:7:55"
852,1,81,"22:15:47","15:34:16"
852,2,17,"21:23:29","8:14:56"
852,3,67,"8:55:12","20:31:28"
852,4,14,"7:34:59","15:28:50"
852,5,18,"11:4:44","8:59:2"
853,1,24,"8:31:9","8:45:4"
853,2,37,"16:32:41","15:49:56"
853,3,54,"10:40:27","5:54:4"
853,4,99,"10:14:13","17:22:8"
853,5,43,"9:37:23","20:52:48"
854,1,51,"23:2:47","16:13:12"
854,2,84,"17:47:10","12:2:11"
854,3,11,"17:37:35","22:42:2"
854,4,80,"18:1:26","16:58:30"
854,5,37,"6:17:25","7:26:35"
855,1,96,"12:18:52","6:3:17"
855,2,36,"15:32:40","20:3:1"
855,3,29,"19:34:38","17:26:20"
855,4,96,"12:13:50","19:24:5"
855,5,12,"20:36:8","15:0:4"
856,1,44,"14:14:16","13:28:57"
856,2,90,"8:58:51","22:3:29"
856,3,11,"21:15:39","23:9:11"
856,4,5,"12:16:15","13:19:34"
856,5,78,"15:24:5","5:18:3"
857,1,59,"22:48:58","5:30:39"
857,2,4,"22:48:8","9:3:54"
857,3,88,"9:53:16","6:3:38"
857,4,20,"12:36:37","18:59:45"
857,5,23,"7:6:20","21:5:36"
858,1,69,"19:14:25","10:53:5"
858,2,1,"21:13:36","12:58:25"
858,3,85,"23:32:1","20:57:51"
858,4,16,"18:6:47","12:9:26"
858,5,13,"10:5:12","5:11:47"
859,1,86,"12:31:38","15:11:6"
859,2,70,"19:44:14","22:4:3"
859,3,93,"7:44:51","16:8:57"
859,4,85,"16:30:19","13:31:32"
859,5,48,"10:37:37","23:2:52"
860,1,26,"6:25:5","20:50:57"
860,2,20,"19:58:30","9:30:4"
860,3,37,"13:27:56","19:17:32"
860,4,24,"9:37:38","15:16:42"
860,5,32,"9:14:46","5:34:37"
861,1,73,"13:13:37","19:48:55"
861,2,98,"19:3:43","7:32:4"
861,3,26,"19:9:19","20:54:1"
861,4,55,"7:23:17","21:40:37"
861,5,16,"6:1:24","10:3:42"
862,1,69,"6:57:19","22:13:11"
862,2,79,"18:16:6","13:4:36"
862,3,44,"9:42:52","16:31:40"
862,4,74,"13:46:1","17:53:58"
862,5,100,"15:19:11","14:50:32"
863,1,45,"22:5:20","11:6:9"
863,2,32,"14:48:17","18:26:1"
863,3,2,"11:57:43","17:5:43"
863,4,21,"11:41:27","10:47:29"
863,5,22,"6:24:18","15:38:11"
864,1,96,"11:38:9","16:7:32"
864,2,97,"13:18:4","23:55:46"
864,3,40,"9:16:33","5:6:27"
864,4,47,"13:32:47","21:29:3"
864,5,77,"13:56:37","19:57:30"
865,1,94,"5:58:8","9:11:56"
865,2,62,"5:50:14","11:9:43"
865,3,56,"19:59:22","10:42:12"
865,4,38,"20:23:53","16:24:7"
865,5,95,"18:44:56","21:29:22"
866,1,31,"6:30:45","18:37:53"
866,2,9,"23:24:22","20:33:57"
866,3,33,"6:28:56","21:52:38"
866,4,18,"13:33:36","14:51:46"
866,5,65,"15:35:58","20:7:45"
867,1,30,"10:2:42","11:30:26"
867,2,23,"15:26:25","21:17:17"
867,3,7,"20:19:12","7:56:48"
867,4,5,"14:52:44","23:42:46"
867,5,50,"16:43:8","16:14:17"
868,1,30,"16:55:10","11:21:8"
868,2,56,"19:55:30","7:49:32"
868,3,13,"9:11:15","15:10:13"
868,4,67,"14:19:7","5:30:33"
868,5,50,"12:43:4","5:21:33"
869,1,59,"12:31:55","8:34:48"
869,2,84,"13:21:6","14:34:31"
869,3,2,"8:42:11","14:46:22"
869,4,56,"19:39:35","20:35:7"
869,5,64,"6:26:1","22:41:51"
870,1,77,"20:30:58","18:23:8"
870,2,10,"15:1:4","7:20:7"
870,3,96,"9:36:47","6:17:50"
870,4,79,"17:36:48","18:36:20"
870,5,1,"13:10:58","16:33:50"
871,1,4,"6:52:41","16:36:8"
871,2,64,"15:45:19","5:41:23"
871,3,3,"14:39:18","15:21:6"
871,4,4,"9:37:23","13:40:17"
871,5,19,"9:8:31","20:54:18"
872,1,78,"9:52:47","16:5:54"
872,2,38,"7:37:37","16:36:52"
872,3,4,"9:40:8","10:29:52"
872,4,23,"20:47:13","9:33:12"
872,5,60,"14:44:35","11:49:10"
873,1,100,"23:13:57","20:17:23"
873,2,91,"15:8:26","5:8:40"
873,3,86,"23:45:28","13:39:43"
873,4,18,"15:53:54","12:43:50"
873,5,99,"19:43:1","22:46:44"
874,1,57,"15:5:42","18:47:13"
874,2,5,"21:38:42","12:18:44"
874,3,97,"17:7:14","8:0:54"
874,4,83,"8:47:17","22:46:50"
874,5,80,"7:56:3","15:33:48"
875,1,14,"6:37:46","17:44:5"
875,2,80,"8:53:2","10:25:14"
875,3,65,"18:10:1","12:47:13"
875,4,24,"23:21:7","13:30:34"
875,5,98,"9:55:50","16:43:2"
876,1,23,"16:29:28","8:15:33"
876,2,8,"8:54:39","23:15:9"
876,3,22,"17:12:35","22:50:0"
876,4,77,"5:29:12","19:5:46"
876,5,73,"19:12:7","18:35:46"
877,1,57,"11:6:37","14:2:8"
877,2,7,"23:2:29","19:32:55"
877,3,69,"11:48:50","7:28:40"
877,4,89,"12:43:41","15:6:48"
877,5,6,"6:46:49","11:44:39"
878,1,58,"11:59:40","13:50:37"
878,2,49,"14:22:9","20:14:8"
878,3,60,"18:40:41","21:1:24"
878,4,1,"6:46:8","9:49:49"
878,5,1,"23:33:43","17:13:59"
879,1,23,"11:38:41","8:47:5"
879,2,6,"5:8:49","15:13:47"
879,3,29,"9:25:21","14:46:45"
879,4,85,"17:38:50","10:22:15"
879,5,71,"16:53:43","15:58:19"
880,1,92,"15:46:31","18:25:17"
880,2,72,"22:6:17","20:14:28"
880,3,96,"8:4:26","8:5:11"
880,4,82,"6:32:59","11:43:23"
880,5,29,"23:15:45","18:52:15"
881,1,68,"22:33:53","14:21:3"
881,2,15,"23:23:28","5:15:11"
881,3,66,"23:35:8","5:30:3"
881,4,17,"19:47:50","14:25:14"
881,5,45,"20:4:57","5:38:53"
882,1,70,"7:51:33","23:53:33"
882,2,94,"19:35:41","21:31:54"
882,3,60,"7:16:27","11:41:35"
882,4,72,"16:34:34","23:1:15"
882,5,34,"10:30:11","5:36:35"
883,1,12,"13:30:0","6:40:19"
883,2,92,"9:27:2","15:35:15"
883,3,39,"16:13:31","16:29:16"
883,4,60,"5:56:28","16:22:33"
883,5,74,"17:14:4","18:10:27"
884,1,12,"15:32:36","5:49:57"
884,2,100,"19:39:43","9:2:25"
884,3,50,"22:55:39","9:31:35"
884,4,60,"6:58:28","14:13:53"
884,5,35,"17:0:57","20:28:59"
885,1,25,"18:41:20","5:55:19"
885,2,64,"15:14:29","23:58:36"
885,3,48,"9:18:18","19:45:19"
885,4,48,"9:55:2","5:17:10"
885,5,16,"14:47:46","21:35:45"
886,1,40,"18:38:42","10:26:34"
886,2,83,"18:41:9","10:26:33"
886,3,48,"6:12:42","7:25:19"
886,4,42,"21:20:4","7:14:16"
886,5,59,"18:39:17","23:4:29"
887,1,22,"11:1:24","12:52:6"
887,2,95,"5:51:42","18:24:10"
887,3,24,"18:58:38","20:33:48"
887,4,87,"13:45:38","9:20:27"
887,5,42,"14:29:43","23:28:24"
888,1,91,"20:24:53","16:15:15"
888,2,68,"21:55:26","17:37:3"
888,3,18,"7:9:3","23:18:5"
888,4,40,"20:53:47","18:55:37"
888,5,56,"17:24:34","6:20:55"
889,1,1,"7:15:48","9:53:31"
889,2,49,"6:59:59","10:15:1"
889,3,100,"8:45:38","22:16:48"
889,4,40,"20:15:35","18:53:55"
889,5,28,"8:22:11","17:29:42"
890,1,11,"7:6:31","15:52:4"
890,2,83,"18:5:20","14:55:5"
890,3,77,"15:26:35","11:15:8"
890,4,68,"6:22:41","19:19:40"
890,5,61,"19:54:20","23:30:44"
891,1,51,"20:21:10","11:26:8"
891,2,1,"17:19:57","11:20:35"
891,3,5,"20:8:58","11:42:16"
891,4,21,"15:48:21","17:8:32"
891,5,10,"15:25:15","10:14:20"
892,1,83,"23:47:19","7:43:17"
892,2,26,"23:17:15","15:24:50"
892,3,67,"19:8:10","16:29:23"
892,4,93,"20:56:54","11:7:14"
892,5,89,"10:23:43","11:34:7"
893,1,38,"21:6:42","11:46:39"
893,2,94,"22:33:54","9:38:8"
893,3,1,"17:25:23","20:10:52"
893,4,56,"16:54:18","7:37:36"
893,5,61,"6:34:5","6:1:55"
894,1,34,"5:9:29","21:28:18"
894,2,92,"8:38:1","22:37:33"
894,3,37,"23:5:29","13:9:21"
894,4,57,"14:14:5","21:47:12"
894,5,34,"12:21:49","17:15:30"
895,1,44,"13:52:50","22:24:32"
895,2,1,"20:28:36","12:15:59"
895,3,95,"14:7:0","19:25:42"
895,4,13,"7:22:55","10:47:40"
895,5,76,"6:16:7","8:12:46"
896,1,70,"8:59:47","18:36:34"
896,2,20,"9:40:38","19:23:25"
896,3,33,"5:48:49","21:5:20"
896,4,68,"14:29:12","19:26:58"
896,5,77,"6:19:20","10:47:47"
897,1,37,"17:5:13","5:27:28"
897,2,34,"6:45:46","5:33:29"
897,3,55,"23:7:30","22:26:37"
897,4,1,"16:57:19","12:3:39"
897,5,14,"20:5:9","13:39:50"
898,1,20,"13:12:32","9:57:58"
898,2,30,"14:1:24","10:25:14"
898,3,4,"10:26:52","8:51:24"
898,4,48,"18:7:40","8:26:0"
898,5,7,"17:51:17","11:47:9"
899,1,84,"19:46:29","10:8:29"
899,2,34,"20:3:28","11:9:15"
899,3,80,"5:35:50","11:35:29"
899,4,1,"17:22:22","17:40:39"
899,5,44,"12:55:7","22:2:8"
900,1,12,"5:59:55","19:57:34"
900,2,26,"20:43:2","10:19:37"
900,3,50,"23:10:15","22:50:50"
900,4,52,"14:56:7","20:24:42"
900,5,72,"16:17:45","18:21:52"
901,1,34,"23:30:42","17:44:31"
901,2,20,"21:9:47","22:13:54"
901,3,83,"12:42:29","16:27:40"
901,4,19,"5:9:30","9:28:27"
901,5,23,"20:14:50","21:48:46"
902,1,74,"21:9:51","5:45:2"
902,2,19,"23:34:28","19:52:18"
902,3,40,"16:7:59","7:52:10"
902,4,33,"18:21:6","23:33:50"
902,5,23,"20:19:8","22:25:21"
903,1,97,"21:31:9","7:15:50"
903,2,74,"16:0:53","20:53:51"
903,3,32,"14:38:41","15:32:15"
903,4,9,"5:38:47","17:31:26"
903,5,88,"7:9:44","10:57:46"
904,1,55,"13:1:45","5:24:27"
904,2,5,"19:47:35","10:58:34"
904,3,73,"12:44:6","17:34:54"
904,4,39,"7:40:38","9:6:9"
904,5,95,"6:2:3","22:37:29"
905,1,63,"17:0:16","11:16:25"
905,2,100,"8:21:25","23:24:47"
905,3,40,"19:5:36","16:8:54"
905,4,63,"18:1:28","7:25:12"
905,5,9,"12:54:24","12:13:29"
906,1,21,"15:48:29","20:59:39"
906,2,83,"7:59:4","18:54:29"
906,3,61,"12:59:48","7:33:47"
906,4,87,"15:53:11","19:37:26"
906,5,90,"22:50:38","7:40:14"
907,1,63,"9:7:36","17:21:48"
907,2,19,"13:19:41","13:39:56"
907,3,89,"16:1:17","22:8:9"
907,4,24,"19:25:46","18:14:55"
907,5,59,"15:58:33","11:34:21"
908,1,91,"21:1:47","6:0:4"
908,2,98,"23:54:20","7:26:58"
908,3,82,"6:28:26","17:38:27"
908,4,23,"18:55:43","8:42:45"
908,5,20,"14:10:49","9:57:11"
909,1,22,"15:35:6","6:40:30"
909,2,84,"6:18:43","9:8:16"
909,3,99,"15:18:30","14:25:27"
909,4,55,"18:29:47","17:3:44"
909,5,99,"15:17:32","16:9:26"
910,1,79,"15:36:57","19:29:31"
910,2,74,"16:8:16","6:5:57"
910,3,13,"10:20:18","14:46:29"
910,4,50,"15:23:16","13:38:6"
910,5,78,"20:57:59","13:19:38"
911,1,81,"17:57:24","11:12:48"
911,2,22,"8:52:15","6:47:4"
911,3,20,"12:50:59","6:22:42"
911,4,26,"6:47:12","9:58:14"
911,5,66,"10:25:6","5:28:19"
912,1,68,"18:8:51","7:15:8"
912,2,43,"5:42:0","7:12:43"
912,3,4,"19:40:46","9:53:55"
912,4,29,"20:24:46","20:5:24"
912,5,71,"7:22:44","14:35:41"
913,1,22,"16:24:31","20:8:8"
913,2,2,"18:47:19","8:29:1"
913,3,76,"19:12:18","5:32:30"
913,4,5,"16:8:55","10:2:50"
913,5,70,"16:20:24","18:20:53"
914,1,47,"20:9:16","8:24:29"
914,2,41,"20:54:51","11:33:58"
914,3,96,"20:37:56","20:47:6"
914,4,75,"19:44:32","6:10:36"
914,5,66,"23:54:41","18:32:59"
915,1,49,"15:45:32","15:0:55"
915,2,80,"7:6:20","6:33:54"
915,3,69,"12:10:18","15:50:58"
915,4,59,"22:28:23","23:3:3"
915,5,62,"5:54:30","7:52:58"
916,1,31,"20:16:32","18:33:18"
916,2,71,"23:11:24","8:48:33"
916,3,11,"23:47:45","20:21:43"
916,4,73,"7:42:20","11:36:15"
916,5,3,"14:46:26","18:37:59"
917,1,67,"7:55:0","23:52:30"
917,2,38,"15:16:50","14:23:5"
917,3,46,"18:43:35","21:41:50"
917,4,14,"20:49:52","11:19:34"
917,5,11,"6:7:58","15:55:9"
918,1,64,"13:9:2","13:22:31"
918,2,83,"5:27:39","7:46:56"
918,3,98,"11:30:45","18:19:25"
918,4,36,"15:10:30","7:36:38"
918,5,47,"7:52:8","12:30:11"
919,1,94,"10:57:58","20:33:20"
919,2,53,"23:16:27","21:57:50"
919,3,87,"13:34:28","20:11:26"
919,4,69,"16:19:8","10:46:45"
919,5,34,"15:13:58","6:15:48"
920,1,67,"23:10:7","21:36:20"
920,2,7,"8:14:0","9:15:8"
920,3,97,"5:41:11","18:9:27"
920,4,63,"23:39:15","19:52:53"
920,5,66,"13:10:24","22:16:31"
921,1,93,"22:10:56","6:0:7"
921,2,8,"21:17:53","12:6:0"
921,3,35,"6:16:54","14:34:54"
921,4,50,"7:19:9","21:29:9"
921,5,28,"17:20:21","11:25:51"
922,1,99,"10:0:56","11:46:5"
922,2,99,"10:39:38","23:2:24"
922,3,100,"21:24:42","5:28:46"
922,4,13,"17:23:5","5:42:43"
922,5,95,"11:12:22","10:8:19"
923,1,10,"12:27:46","23:56:32"
923,2,18,"9:40:28","13:10:42"
923,3,37,"10:41:23","16:7:17"
923,4,63,"10:34:11","21:19:41"
923,5,75,"19:37:45","8:3:23"
924,1,49,"19:34:18","7:49:9"
924,2,36,"6:43:59","8:28:6"
924,3,39,"12:27:39","19:22:11"
924,4,15,"22:21:41","9:30:19"
924,5,73,"15:0:6","19:43:48"
925,1,62,"6:41:40","18:39:18"
925,2,86,"15:49:54","22:5:30"
925,3,57,"10:20:12","20:12:59"
925,4,42,"9:43:22","18:12:57"
925,5,9,"18:8:8","20:16:34"
926,1,45,"22:58:46","8:18:18"
926,2,85,"23:23:5","7:49:53"
926,3,33,"22:37:57","20:42:11"
926,4,2,"23:58:45","14:23:43"
926,5,58,"14:59:57","12:33:27"
927,1,59,"10:18:47","8:8:17"
927,2,99,"5:6:6","10:49:35"
927,3,18,"17:51:25","9:0:17"
927,4,29,"13:39:19","22:49:5"
927,5,57,"13:11:30","7:12:3"
928,1,89,"6:29:17","21:5:39"
928,2,65,"9:15:17","9:54:44"
928,3,57,"18:52:46","7:55:46"
928,4,39,"9:27:49","9:25:20"
928,5,31,"11:59:51","7:24:44"
929,1,66,"7:18:28","17:44:32"
929,2,37,"22:7:13","11:29:2"
929,3,89,"23:0:4","22:56:40"
929,4,88,"17:20:26","17:26:50"
929,5,75,"12:3:59","21:42:24"
930,1,16,"7:8:30","15:0:40"
930,2,80,"13:56:3","7:42:23"
930,3,78,"11:18:10","23:20:1"
930,4,47,"9:25:22","23:59:29"
930,5,39,"18:5:58","19:17:43"
931,1,92,"6:15:23","7:0:46"
931,2,10,"11:9:42","15:36:27"
931,3,45,"5:45:57","13:2:22"
931,4,74,"8:15:22","16:37:22"
931,5,72,"9:5:8","6:14:28"
932,1,38,"22:38:13","7:10:15"
932,2,57,"8:2:16","11:6:10"
932,3,62,"14:52:34","19:0:25"
932,4,63,"14:51:44","7:43:22"
932,5,82,"21:10:55","17:0:47"
933,1,58,"18:49:20","14:27:57"
933,2,38,"15:7:16","18:41:37"
933,3,20,"8:43:35","15:39:12"
933,4,85,"22:6:0","7:18:35"
933,5,46,"12:26:9","18:10:24"
934,1,67,"6:42:37","8:13:28"
934,2,84,"20:29:20","6:2:28"
934,3,86,"8:26:29","10:47:38"
934,4,34,"11:4:42","9:48:28"
934,5,56,"7:11:40","20:17:35"
935,1,40,"14:25:15","14:9:23"
935,2,17,"12:30:10","12:46:48"
935,3,46,"16:25:41","8:50:26"
935,4,30,"5:54:4","21:23:30"
935,5,3,"15:48:3","9:37:11"
936,1,54,"13:37:17","5:14:17"
936,2,51,"11:18:38","17:32:41"
936,3,18,"17:34:40","14:58:4"
936,4,86,"17:55:39","16:17:43"
936,5,64,"10:40:17","21:11:41"
937,1,86,"18:6:13","11:31:14"
937,2,44,"20:40:51","16:8:24"
937,3,14,"18:19:12","19:8:36"
937,4,73,"7:4:49","13:1:6"
937,5,40,"6:31:36","10:17:50"
938,1,65,"19:10:54","5:27:29"
938,2,32,"18:32:16","20:56:32"
938,3,17,"11:49:37","11:19:19"
938,4,29,"8:55:41","7:30:19"
938,5,81,"6:56:51","17:19:55"
939,1,65,"5:41:32","9:16:47"
939,2,60,"18:8:56","21:14:12"
939,3,89,"12:4:32","23:20:34"
939,4,16,"21:46:52","22:8:37"
939,5,94,"23:57:32","13:49:16"
940,1,87,"15:22:57","6:45:14"
940,2,24,"9:44:9","23:9:42"
940,3,6,"15:52:20","16:58:0"
940,4,83,"16:26:12","13:23:8"
940,5,62,"16:57:31","16:30:36"
941,1,2,"6:24:2","6:52:4"
941,2,17,"7:14:50","9:21:6"
941,3,61,"23:51:1","11:50:49"
941,4,36,"18:27:43","11:40:37"
941,5,65,"7:30:56","10:34:7"
942,1,49,"22:26:55","13:30:34"
942,2,98,"22:57:13","13:25:50"
942,3,100,"5:10:34","19:54:45"
942,4,81,"15:13:56","17:36:27"
942,5,37,"16:52:49","10:45:24"
943,1,59,"9:57:50","22:23:33"
943,2,91,"10:4:55","16:10:16"
943,3,57,"8:14:48","17:48:57"
943,4,57,"10:5:44","18:8:47"
943,5,73,"9:41:37","16:3:33"
944,1,32,"9:34:40","13:22:45"
944,2,13,"18:20:57","23:36:44"
944,3,25,"6:30:10","12:6:28"
944,4,59,"12:5:54","5:40:24"
944,5,80,"18:49:32","22:18:50"
945,1,84,"7:11:22","15:37:52"
945,2,23,"12:36:33","22:13:56"
945,3,98,"16:28:18","23:24:17"
945,4,54,"7:49:0","16:16:14"
945,5,56,"10:20:58","9:42:22"
946,1,86,"19:10:44","5:4:48"
946,2,50,"22:3:16","10:57:14"
946,3,23,"8:31:58","19:44:4"
946,4,63,"18:14:53","6:49:25"
946,5,26,"6:24:12","16:51:56"
947,1,99,"14:47:12","20:56:20"
947,2,31,"18:30:36","21:21:20"
947,3,3,"11:13:30","8:17:19"
947,4,50,"22:21:44","22:57:42"
947,5,79,"15:57:44","19:20:44"
948,1,54,"22:29:9","20:37:49"
948,2,73,"15:14:33","9:44:40"
948,3,68,"6:9:58","7:1:8"
948,4,24,"15:55:57","18:42:6"
948,5,65,"10:29:2","13:35:42"
949,1,80,"20:31:29","22:26:43"
949,2,55,"20:50:37","10:57:22"
949,3,53,"16:31:16","13:53:56"
949,4,75,"10:6:8","22:58:33"
949,5,100,"17:50:21","9:1:1"
950,1,85,"13:26:18","17:4:17"
950,2,89,"8:52:41","7:2:5"
950,3,40,"9:7:9","18:16:56"
950,4,15,"13:29:54","20:15:50"
950,5,87,"15:41:40","8:21:48"
951,1,76,"19:6:56","18:15:0"
951,2,4,"6:44:56","5:20:9"
951,3,70,"17:40:19","5:52:14"
951,4,80,"17:45:31","13:19:35"
951,5,21,"6:38:50","12:55:21"
952,1,81,"15:17:12","16:58:30"
952,2,13,"12:49:59","22:24:29"
952,3,60,"16:10:14","7:16:19"
952,4,45,"11:50:7","15:35:27"
952,5,80,"16:38:7","13:0:47"
953,1,42,"10:20:38","7:46:15"
953,2,95,"23:44:17","19:9:42"
953,3,14,"5:59:36","19:27:8"
953,4,73,"23:9:10","23:43:59"
953,5,30,"9:38:22","23:29:15"
954,1,24,"23:20:20","13:13:7"
954,2,75,"10:0:51","12:11:36"
954,3,48,"13:29:34","18:34:35"
954,4,17,"9:3:0","20:40:18"
954,5,45,"17:54:2","17:33:25"
955,1,85,"21:22:5","9:46:51"
955,2,92,"21:58:20","20:20:9"
955,3,27,"19:20:23","22:36:12"
955,4,12,"21:5:42","21:15:32"
955,5,56,"20:32:17","12:58:25"
956,1,36,"12:41:25","7:41:54"
956,2,26,"15:43:52","20:27:51"
956,3,85,"10:53:7","19:26:44"
956,4,11,"10:12:43","12:8:11"
956,5,22,"9:55:21","16:56:46"
957,1,89,"14:39:1","17:4:29"
957,2,32,"14:35:15","14:8:33"
957,3,43,"12:36:40","7:18:19"
957,4,6,"13:51:6","21:6:39"
957,5,45,"8:12:18","17:19:22"
958,1,69,"21:49:17","10:55:21"
958,2,78,"21:52:51","12:49:40"
958,3,91,"12:46:37","15:48:26"
958,4,46,"15:19:3","14:55:57"
958,5,98,"5:22:14","16:50:30"
959,1,41,"6:18:39","17:39:12"
959,2,5,"15:27:20","7:49:59"
959,3,60,"12:51:20","11:25:32"
959,4,39,"20:23:42","22:25:55"
959,5,34,"7:11:1","6:0:9"
960,1,82,"16:29:47","17:9:30"
960,2,30,"17:55:56","21:15:6"
960,3,23,"12:20:25","15:33:48"
960,4,31,"7:3:52","12:25:45"
960,5,31,"18:47:59","14:35:23"
961,1,77,"13:44:11","13:50:1"
961,2,27,"23:58:41","16:10:46"
961,3,42,"10:0:5","10:49:3"
961,4,51,"12:52:11","9:52:35"
961,5,8,"9:17:12","16:11:20"
962,1,95,"14:23:8","20:14:48"
962,2,7,"19:1:7","18:56:55"
962,3,93,"5:41:44","17:51:38"
962,4,37,"8:53:0","18:28:32"
962,5,4,"8:47:0","7:28:47"
963,1,51,"12:46:41","9:31:14"
963,2,30,"5:26:15","13:41:18"
963,3,18,"23:16:33","11:30:56"
963,4,44,"11:33:50","12:13:57"
963,5,19,"20:41:40","15:25:48"
964,1,5,"6:55:41","6:12:53"
964,2,49,"21:13:20","5:29:18"
964,3,90,"18:23:10","15:32:39"
964,4,78,"10:23:0","20:31:58"
964,5,86,"16:31:47","15:22:42"
965,1,33,"16:28:23","16:35:39"
965,2,52,"6:42:10","16:43:45"
965,3,94,"16:39:51","19:26:26"
965,4,26,"14:26:46","21:49:5"
965,5,95,"17:33:43","9:4:18"
966,1,22,"20:52:28","21:38:5"
966,2,43,"9:3:2","22:41:8"
966,3,98,"22:20:55","13:40:41"
966,4,11,"11:12:58","20:50:51"
966,5,62,"8:1:20","16:28:33"
967,1,94,"9:27:51","11:58:31"
967,2,17,"11:33:31","14:35:23"
967,3,94,"12:41:33","7:38:46"
967,4,7,"9:21:20","10:12:36"
967,5,95,"18:0:31","20:23:51"
968,1,63,"22:53:45","22:37:40"
968,2,87,"22:32:43","16:39:11"
968,3,51,"17:54:32","6:15:19"
968,4,54,"5:24:34","23:41:14"
968,5,14,"18:35:17","5:42:1"
969,1,97,"21:39:15","6:45:50"
969,2,8,"7:43:20","18:43:17"
969,3,3,"8:32:22","23:13:5"
969,4,61,"14:41:5","23:44:29"
969,5,90,"10:40:14","18:28:34"
970,1,69,"11:6:51","22:41:39"
970,2,57,"11:29:12","16:31:36"
970,3,17,"20:31:16","14:6:53"
970,4,78,"11:13:4","10:54:24"
970,5,40,"13:26:56","19:37:48"
971,1,59,"7:7:47","11:57:15"
971,2,64,"7:21:13","8:36:30"
971,3,91,"18:55:15","10:44:55"
971,4,1,"19:9:32","20:58:11"
971,5,46,"19:59:41","18:22:45"
972,1,6,"19:58:41","17:47:23"
972,2,100,"10:45:12","10:53:8"
972,3,26,"10:33:36","21:43:56"
972,4,82,"21:12:45","8:6:22"
972,5,43,"20:37:7","18:56:36"
973,1,29,"20:21:47","9:44:7"
973,2,96,"19:59:4","9:59:15"
973,3,28,"22:16:59","19:42:24"
973,4,26,"12:29:9","7:48:34"
973,5,22,"10:28:51","21:36:20"
974,1,62,"12:13:18","10:51:5"
974,2,34,"12:52:51","5:28:13"
974,3,44,"21:16:3","5:10:19"
974,4,55,"17:19:38","23:9:8"
974,5,82,"9:52:38","16:2:53"
975,1,10,"18:25:26","7:56:29"
975,2,95,"13:27:21","5:3:42"
975,3,99,"10:58:30","18:17:7"
975,4,4,"21:40:40","14:31:35"
975,5,40,"14:52:36","5:19:29"
976,1,99,"7:20:23","9:16:41"
976,2,17,"5:23:35","21:21:26"
976,3,67,"13:58:10","7:17:9"
976,4,72,"14:45:15","7:50:16"
976,5,65,"18:39:59","12:23:12"
977,1,100,"16:29:18","17:8:50"
977,2,52,"14:35:23","22:50:45"
977,3,95,"22:50:24","13:56:11"
977,4,53,"8:13:4","21:57:9"
977,5,74,"6:44:54","22:43:12"
978,1,79,"22:26:51","8:55:45"
978,2,98,"23:30:59","18:7:31"
978,3,69,"7:44:29","16:38:3"
978,4,96,"7:31:19","12:35:42"
978,5,93,"15:13:13","19:9:6"
979,1,59,"6:17:14","12:49:32"
979,2,43,"22:5:14","10:51:18"
979,3,42,"18:40:31","5:25:54"
979,4,8,"20:22:27","5:23:34"
979,5,67,"10:57:50","19:8:56"
980,1,12,"15:8:1","21:52:13"
980,2,54,"20:19:3","21:4:6"
980,3,19,"21:4:18","8:33:11"
980,4,87,"14:55:47","20:30:38"
980,5,3,"23:4:9","9:1:8"
981,1,52,"9:22:3","13:34:9"
981,2,40,"19:10:7","20:33:40"
981,3,6,"5:37:54","10:20:37"
981,4,11,"9:1:58","17:24:46"
981,5,79,"8:51:28","12:21:59"
982,1,45,"7:12:36","20:45:43"
982,2,35,"6:5:57","17:1:10"
982,3,59,"10:1:16","19:47:36"
982,4,68,"21:53:40","20:14:53"
982,5,10,"13:10:58","19:32:2"
983,1,29,"15:9:28","17:44:10"
983,2,33,"20:10:0","13:46:8"
983,3,2,"5:59:15","5:30:24"
983,4,35,"5:27:53","22:28:1"
983,5,54,"11:34:44","12:38:24"
984,1,48,"14:25:37","6:33:40"
984,2,21,"8:9:1","15:6:12"
984,3,31,"11:58:20","15:32:28"
984,4,19,"13:6:59","15:3:37"
984,5,57,"18:42:52","21:31:34"
985,1,92,"18:55:27","15:28:31"
985,2,61,"17:8:33","7:41:44"
985,3,10,"12:33:49","22:47:16"
985,4,10,"14:27:34","11:8:17"
985,5,80,"21:16:52","16:8:47"
986,1,32,"6:36:52","9:53:37"
986,2,60,"19:0:55","11:4:34"
986,3,20,"22:50:13","20:48:49"
986,4,47,"14:55:22","22:15:18"
986,5,25,"16:53:5","11:26:53"
987,1,31,"21:40:32","22:46:50"
987,2,81,"22:32:13","5:43:20"
987,3,64,"11:32:47","18:43:28"
987,4,47,"11:18:46","19:18:48"
987,5,53,"15:18:32","8:20:25"
988,1,82,"10:50:27","14:8:12"
988,2,12,"20:45:34","18:7:43"
988,3,79,"22:5:56","18:11:28"
988,4,39,"6:44:34","23:29:2"
988,5,30,"10:39:4","21:23:21"
989,1,68,"22:9:20","19:0:31"
989,2,28,"23:8:23","6:15:38"
989,3,4,"17:34:39","10:42:32"
989,4,93,"19:16:23","6:46:26"
989,5,64,"22:42:10","11:31:45"
990,1,99,"5:2:40","14:41:17"
990,2,3,"9:40:26","6:12:28"
990,3,44,"23:9:55","16:10:6"
990,4,43,"6:24:20","7:3:54"
990,5,16,"23:35:43","21:56:32"
991,1,41,"10:45:12","21:7:18"
991,2,21,"11:15:49","12:48:27"
991,3,43,"11:34:3","19:55:30"
991,4,31,"10:20:38","16:39:25"
991,5,99,"23:16:34","14:49:34"
992,1,51,"17:46:21","9:22:14"
992,2,97,"18:20:16","18:23:38"
992,3,35,"23:26:10","16:23:58"
992,4,20,"18:40:37","22:45:11"
992,5,62,"12:4:23","14:22:32"
993,1,49,"5:32:57","8:0:2"
993,2,56,"10:54:29","13:50:47"
993,3,51,"22:58:4","23:50:26"
993,4,50,"23:16:15","11:39:28"
993,5,83,"11:43:16","6:4:52"
994,1,90,"16:35:1","22:49:1"
994,2,16,"11:14:9","17:15:16"
994,3,25,"5:1:6","12:49:50"
994,4,70,"17:50:20","18:22:9"
994,5,96,"10:34:54","22:26:35"
995,1,9,"10:24:51","18:30:27"
995,2,64,"7:19:12","8:9:40"
995,3,58,"23:28:12","11:36:22"
995,4,42,"14:31:0","15:45:23"
995,5,26,"7:27:40","18:51:1"
996,1,92,"13:45:11","12:2:7"
996,2,70,"19:42:16","6:21:47"
996,3,81,"5:37:10","18:44:37"
996,4,16,"10:4:38","19:1:14"
996,5,71,"5:49:32","17:6:2"
997,1,61,"9:36:46","14:35:27"
997,2,83,"16:13:9","20:37:40"
997,3,81,"9:32:29","11:42:13"
997,4,11,"13:19:29","23:42:33"
997,5,64,"10:17:59","20:41:12"
998,1,20,"5:12:47","9:16:37"
998,2,19,"23:57:35","10:13:57"
998,3,69,"23:47:19","16:26:20"
998,4,6,"7:28:32","13:1:42"
998,5,44,"8:27:50","11:54:41"
999,1,53,"20:15:13","17:43:59"
999,2,71,"23:46:42","20:18:57"
999,3,24,"14:14:16","15:25:55"
999,4,96,"18:11:51","12:49:10"
999,5,47,"6:37:23","13:32:27"
1000,1,2,"18:2:46","12:26:20"
1000,2,57,"18:31:25","11:18:9"
1000,3,97,"6:8:40","14:59:46"
1000,4,6,"20:36:27","7:18:46"
1000,5,15,"19:28:45","10:20:10"
